transaction_id,transaction_date,description,category,transaction_type,amount,payment_method,expected_category
1,2024-05-17,Bonus,Gaji,Pemasukan,1912165.0,Kartu Debit,Gaji
2,2024-05-18,Kirim uang keluarga,Transfer Teman/Keluarga,Pemasukan,201838.0,E-Wallet,Transfer Teman/Keluarga
3,2024-05-01,Ojek online,Transportasi,Pengeluaran,61356.0,Transfer Bank,Transportasi
4,2024-05-12,Perlengkapan rumah,Belanja Bulanan,Pengeluaran,237207.0,Kartu Kredit,Belanja Bulanan
5,2024-05-10,Service AC kos,Tempat Tinggal,Pengeluaran,51338.0,Kartu Debit,Tempat Tinggal
6,2024-05-30,Ojek online,Transportasi,Pengeluaran,37499.0,Tunai,Transportasi
7,2024-05-21,Belanja kebutuhan pokok,Belanja Bulanan,Pengeluaran,310354.0,Tunai,Belanja Bulanan
8,2024-05-02,Pakaian baru,Belanja Bulanan,Pengeluaran,331997.0,Kartu Kredit,Belanja Bulanan
9,2024-05-08,Kirim uang keluarga,Transfer Teman/Keluarga,Pengeluaran,134787.0,Kartu Debit,Transfer Teman/Keluarga
10,2024-05-05,Pulsa prabayar,Pulsa & Internet,Pengeluaran,80139.0,E-Wallet,Pulsa & Internet
11,2024-05-13,Ojek online,Transportasi,Pengeluaran,23617.0,Tunai,Transportasi
12,2024-05-28,Belanja kebutuhan pokok,Belanja Bulanan,Pengeluaran,322040.0,Kartu Debit,Belanja Bulanan
13,2024-05-27,Iuran lingkungan,Tempat Tinggal,Pengeluaran,50113.0,Transfer Bank,Tempat Tinggal
14,2024-05-16,Kopi,Makanan & Minuman,Pengeluaran,31632.0,Transfer Bank,Makanan & Minuman
15,2024-05-08,Ojek online,Transportasi,Pengeluaran,22058.0,Transfer Bank,Transportasi
16,2024-06-23,Gaji bulanan,Gaji,Pemasukan,6052678.0,E-Wallet,Gaji
17,2024-06-19,Belanja dapur,Makanan & Minuman,Pengeluaran,314170.0,E-Wallet,Makanan & Minuman
18,2024-06-10,Makan malam restoran,Makanan & Minuman,Pengeluaran,499407.0,Kartu Kredit,Makanan & Minuman
19,2024-06-11,Paket data,Pulsa & Internet,Pengeluaran,50901.0,Kartu Kredit,Pulsa & Internet
20,2024-06-19,Makan malam restoran,Makanan & Minuman,Pengeluaran,448518.0,Kartu Debit,Makanan & Minuman
21,2024-06-18,Liburan,Hiburan,Pengeluaran,465047.0,E-Wallet,Hiburan
22,2024-06-11,Gym membership,Pembayaran Langganan,Pengeluaran,200629.0,Transfer Bank,Pembayaran Langganan
23,2024-06-11,Konser,Hiburan,Pengeluaran,359677.0,E-Wallet,Hiburan
24,2024-06-26,Iuran lingkungan,Tempat Tinggal,Pengeluaran,51523.0,E-Wallet,Tempat Tinggal
25,2024-06-14,Konser,Hiburan,Pengeluaran,338240.0,E-Wallet,Hiburan
27,2024-06-05,Ojek online,Transportasi,Pengeluaran,53377.0,Kartu Debit,Transportasi
28,2024-06-21,Pulsa prabayar,Pulsa & Internet,Pengeluaran,61096.0,Kartu Kredit,Pulsa & Internet
29,2024-06-11,Langganan streaming,Hiburan,Pengeluaran,42859.0,Kartu Debit,Hiburan
30,2024-06-24,Perlengkapan rumah,Belanja Bulanan,Pengeluaran,460941.0,Tunai,Belanja Bulanan
31,2024-06-10,Bensin,Transportasi,Pengeluaran,92798.0,Transfer Bank,Transportasi
32,2024-06-23,Tagihan internet,Pulsa & Internet,Pengeluaran,94934.0,E-Wallet,Pulsa & Internet
33,2024-06-28,Gym membership,Pembayaran Langganan,Pengeluaran,200602.0,E-Wallet,Pembayaran Langganan
34,2024-06-13,Cloud storage,Pembayaran Langganan,Pengeluaran,52439.0,E-Wallet,Pembayaran Langganan
35,2024-06-02,Transfer teman,Transfer Teman/Keluarga,Pengeluaran,156047.0,Transfer Bank,Transfer Teman/Keluarga
36,2024-06-14,Transfer teman,Transfer Teman/Keluarga,Pengeluaran,149460.0,Transfer Bank,Transfer Teman/Keluarga
37,2024-06-22,Bensin,Transportasi,Pengeluaran,19640.0,Kartu Debit,Transportasi
38,2024-06-04,Netflix,Pembayaran Langganan,Pengeluaran,28145.0,Kartu Debit,Pembayaran Langganan
39,2024-06-02,Pakaian baru,Belanja Bulanan,Pengeluaran,439410.0,Kartu Debit,Belanja Bulanan
40,2024-06-24,Bayar kos,Tempat Tinggal,Pengeluaran,987008.0,E-Wallet,Tempat Tinggal
41,2024-07-25,Transfer teman,Transfer Teman/Keluarga,Pemasukan,108921.0,E-Wallet,Transfer Teman/Keluarga
42,2024-07-14,Tagihan internet,Pulsa & Internet,Pengeluaran,65444.0,Kartu Kredit,Pulsa & Internet
43,2024-07-22,Ojek online,Transportasi,Pengeluaran,27439.0,Kartu Debit,Transportasi
44,2024-08-30,Gaji bulanan,Gaji,Pemasukan,6107965.0,E-Wallet,Gaji
45,2024-08-07,Kirim uang keluarga,Transfer Teman/Keluarga,Pemasukan,257532.0,E-Wallet,Transfer Teman/Keluarga
46,2024-08-21,Gaji bulanan,Gaji,Pemasukan,6367805.0,Kartu Debit,Gaji
47,2024-08-01,Transfer teman,Transfer Teman/Keluarga,Pengeluaran,126522.0,Kartu Debit,Transfer Teman/Keluarga
48,2024-08-23,Konser,Hiburan,Pengeluaran,400933.0,E-Wallet,Hiburan
49,2024-08-11,Iuran lingkungan,Tempat Tinggal,Pengeluaran,50498.0,Transfer Bank,Tempat Tinggal
50,2024-08-12,Cloud storage,Pembayaran Langganan,Pengeluaran,50697.0,Lainnya,Pembayaran Langganan
51,2024-08-28,Makan malam restoran,Makanan & Minuman,Pengeluaran,330083.0,Kartu Debit,Makanan & Minuman
53,2024-08-08,Kopi,Makanan & Minuman,Pengeluaran,34933.0,Kartu Debit,Makanan & Minuman
54,2024-08-27,Belanja dapur,Makanan & Minuman,Pengeluaran,275985.0,Transfer Bank,Makanan & Minuman
55,2024-08-03,Service AC kos,Tempat Tinggal,Pengeluaran,51691.0,E-Wallet,Tempat Tinggal
56,2024-08-26,Jajan,Makanan & Minuman,Pengeluaran,68099.0,E-Wallet,Makanan & Minuman
57,2024-08-02,Bayar kos,Tempat Tinggal,Pengeluaran,951545.0,Transfer Bank,Tempat Tinggal
58,2024-08-30,Paket data,Pulsa & Internet,Pengeluaran,61522.0,Kartu Kredit,Pulsa & Internet
59,2024-08-17,Service AC kos,Tempat Tinggal,Pengeluaran,51326.0,Kartu Debit,Tempat Tinggal
60,2024-08-30,Bayar kos,Tempat Tinggal,Pengeluaran,885780.0,Tunai,Tempat Tinggal
61,2024-08-09,Perlengkapan rumah,Belanja Bulanan,Pengeluaran,443652.0,Transfer Bank,Belanja Bulanan
62,2024-08-29,Kirim uang keluarga,Transfer Teman/Keluarga,Pengeluaran,77331.0,Transfer Bank,Transfer Teman/Keluarga
63,2024-08-25,Cloud storage,Pembayaran Langganan,Pengeluaran,50755.0,Transfer Bank,Pembayaran Langganan
64,2024-08-28,Makan malam restoran,Makanan & Minuman,Pengeluaran,333904.0,Tunai,Makanan & Minuman
65,2024-08-08,Ojek online,Transportasi,Pengeluaran,81138.0,Kartu Debit,Transportasi
66,2024-08-15,Cloud storage,Pembayaran Langganan,Pengeluaran,54245.0,Transfer Bank,Pembayaran Langganan
67,2024-08-15,Ojek online,Transportasi,Pengeluaran,86413.0,Kartu Debit,Transportasi
68,2024-08-23,Beli makan siang,Makanan & Minuman,Pengeluaran,184759.0,Tunai,Makanan & Minuman
69,2024-08-27,Tagihan internet,Pulsa & Internet,Pengeluaran,50417.0,Kartu Debit,Pulsa & Internet
70,2024-08-07,Netflix,Pembayaran Langganan,Pengeluaran,27977.0,Kartu Debit,Pembayaran Langganan
71,2024-08-14,Perlengkapan rumah,Belanja Bulanan,Pengeluaran,425528.0,Tunai,Belanja Bulanan
72,2024-08-24,Netflix,Pembayaran Langganan,Pengeluaran,28759.0,Kartu Kredit,Pembayaran Langganan
73,2024-08-17,Langganan streaming,Hiburan,Pengeluaran,45562.0,E-Wallet,Hiburan
74,2024-08-05,Langganan streaming,Hiburan,Pengeluaran,48447.0,Transfer Bank,Hiburan
75,2024-08-15,Paket data,Pulsa & Internet,Pengeluaran,64879.0,Kartu Debit,Pulsa & Internet
76,2024-08-08,Gym membership,Pembayaran Langganan,Pengeluaran,200702.0,E-Wallet,Pembayaran Langganan
77,2024-08-10,Transfer teman,Transfer Teman/Keluarga,Pengeluaran,259423.0,E-Wallet,Transfer Teman/Keluarga
78,2024-08-03,Tempat Tinggal,Tempat Tinggal,Pengeluaran,946980.0,Transfer Bank,Tempat Tinggal
79,2024-08-24,Gym membership,Pembayaran Langganan,Pengeluaran,200383.0,Kartu Debit,Pembayaran Langganan
80,2024-08-06,Perlengkapan rumah,Belanja Bulanan,Pengeluaran,431623.0,Tunai,Belanja Bulanan
81,2024-08-14,Spotify Premium,Pembayaran Langganan,Pengeluaran,26902.0,Kartu Kredit,Pembayaran Langganan
82,2024-08-07,Transportasi,Transportasi,Pengeluaran,48599.0,Tunai,Transportasi
83,2024-08-11,Transfer teman,Transfer Teman/Keluarga,Pengeluaran,134071.0,Transfer Bank,Transfer Teman/Keluarga
84,2024-08-19,Jajan,Makanan & Minuman,Pengeluaran,54286.0,Transfer Bank,Makanan & Minuman
85,2024-08-21,Spotify Premium,Pembayaran Langganan,Pengeluaran,29089.0,Kartu Kredit,Pembayaran Langganan
86,2024-08-01,Makan malam restoran,Makanan & Minuman,Pengeluaran,358900.0,Kartu Kredit,Makanan & Minuman
87,2024-08-28,Langganan streaming,Hiburan,Pengeluaran,43631.0,Kartu Debit,Hiburan
88,2024-08-11,Paket data,Pulsa & Internet,Pengeluaran,118424.0,Transfer Bank,Pulsa & Internet
89,2024-08-01,Taksi,Transportasi,Pengeluaran,58106.0,Tunai,Transportasi
90,2024-08-03,Pulsa prabayar,Pulsa & Internet,Pengeluaran,89843.0,Kartu Kredit,Pulsa & Internet
91,2024-08-25,Spotify Premium,Pembayaran Langganan,Pengeluaran,27542.0,E-Wallet,Pembayaran Langganan
92,2024-08-12,Makan malam restoran,Makanan & Minuman,Pengeluaran,310376.0,E-Wallet,Makanan & Minuman
93,2024-08-05,Tagihan internet,Pulsa & Internet,Pengeluaran,149742.0,E-Wallet,Pulsa & Internet
94,2024-08-28,Kopi,Makanan & Minuman,Pengeluaran,53325.0,Kartu Kredit,Makanan & Minuman
95,2024-08-07,Cloud storage,Pembayaran Langganan,Pengeluaran,51834.0,Kartu Kredit,Pembayaran Langganan
96,2024-08-15,Iuran lingkungan,Tempat Tinggal,Pengeluaran,50451.0,Transfer Bank,Tempat Tinggal
3501,2024-08-22,Tiket KRL,Transportasi,Pengeluaran,92744.0,E-Wallet,Transportasi
98,2024-08-19,Iuran lingkungan,Tempat Tinggal,Pengeluaran,51455.0,Transfer Bank,Tempat Tinggal
99,2024-08-23,Service AC kos,Tempat Tinggal,Pengeluaran,50971.0,Tunai,Tempat Tinggal
100,2024-08-27,Transfer teman,Transfer Teman/Keluarga,Pengeluaran,216507.0,Transfer Bank,Transfer Teman/Keluarga
101,2024-08-05,Perlengkapan rumah,Belanja Bulanan,Pengeluaran,427600.0,Kartu Kredit,Belanja Bulanan
102,2024-08-25,Paket data,Pulsa & Internet,Pengeluaran,104808.0,Kartu Kredit,Pulsa & Internet
103,2024-08-29,Iuran lingkungan,Tempat Tinggal,Pengeluaran,51378.0,Tunai,Tempat Tinggal
104,2024-08-14,Iuran lingkungan,Tempat Tinggal,Pengeluaran,50944.0,E-Wallet,Tempat Tinggal
105,2024-08-22,Beli makan siang,Makanan & Minuman,Pengeluaran,115619.0,Transfer Bank,Makanan & Minuman
106,2024-09-16,Transfer teman,Transfer Teman/Keluarga,Pemasukan,258709.0,E-Wallet,Transfer Teman/Keluarga
107,2024-09-03,Beli makan siang,Makanan & Minuman,Pengeluaran,152084.0,E-Wallet,Makanan & Minuman
108,2024-09-17,Tagihan internet,Pulsa & Internet,Pengeluaran,60461.0,Kartu Debit,Pulsa & Internet
109,2024-10-22,Kirim uang keluarga,Transfer Teman/Keluarga,Pemasukan,118673.0,Kartu Debit,Transfer Teman/Keluarga
110,2024-10-05,Tiket KRL,Transportasi,Pengeluaran,95347.0,E-Wallet,Transportasi
111,2024-11-29,Kirim uang keluarga,Transfer Teman/Keluarga,Pemasukan,257189.0,Transfer Bank,Transfer Teman/Keluarga
112,2024-11-18,Iuran lingkungan,Tempat Tinggal,Pengeluaran,51515.0,Transfer Bank,Tempat Tinggal
113,2024-11-24,Pulsa prabayar,Pulsa & Internet,Pengeluaran,144050.0,Transfer Bank,Pulsa & Internet
114,2024-11-22,Tiket bioskop,Hiburan,Pengeluaran,43974.0,Kartu Debit,Hiburan
115,2024-12-14,Kirim uang keluarga,Transfer Teman/Keluarga,Pemasukan,215647.0,Kartu Debit,Transfer Teman/Keluarga
116,2024-12-25,Transfer teman,Transfer Teman/Keluarga,Pemasukan,173324.0,Kartu Debit,Transfer Teman/Keluarga
117,2024-12-01,Bonus,Gaji,Pemasukan,1232941.0,E-Wallet,Gaji
118,2024-12-07,Bensin,Transportasi,Pengeluaran,88515.0,E-Wallet,Transportasi
119,2024-12-16,Belanja dapur,Makanan & Minuman,Pengeluaran,438884.0,Kartu Kredit,Makanan & Minuman
120,2024-12-27,Konser,Hiburan,Pengeluaran,323621.0,Kartu Kredit,Hiburan
121,2024-12-28,Pulsa prabayar,Pulsa & Internet,Pengeluaran,102357.0,Kartu Kredit,Pulsa & Internet
122,2024-12-18,Pakaian baru,Belanja Bulanan,Pengeluaran,468224.0,Transfer Bank,Belanja Bulanan
123,2025-01-01,Bonus,Gaji,Pemasukan,2356888.0,Kartu Debit,Gaji
124,2025-01-13,Kirim uang keluarga,Transfer Teman/Keluarga,Pemasukan,284003.0,Kartu Debit,Transfer Teman/Keluarga
125,2025-01-23,Bayar kos,Tempat Tinggal,Pengeluaran,980916.0,Transfer Bank,Tempat Tinggal
126,2025-01-06,Perlengkapan rumah,Belanja Bulanan,Pengeluaran,301075.0,E-Wallet,Belanja Bulanan
127,2025-01-20,Jajan,Makanan & Minuman,Pengeluaran,52185.0,Kartu Kredit,Makanan & Minuman
128,2025-01-27,Tiket KRL,Transportasi,Pengeluaran,67023.0,Kartu Debit,Transportasi
129,2025-01-29,Ojek online,Transportasi,Pengeluaran,50143.0,Transfer Bank,Transportasi
130,2025-01-06,Ojek online,Transportasi,Pengeluaran,24879.0,Tunai,Transportasi
131,2025-01-09,Liburan,Hiburan,Pengeluaran,414686.0,E-Wallet,Hiburan
132,2025-01-02,Kopi,Makanan & Minuman,Pengeluaran,40261.0,Tunai,Makanan & Minuman
133,2025-01-07,Beli makan siang,Makanan & Minuman,Pengeluaran,96693.0,Transfer Bank,Makanan & Minuman
134,2025-01-09,Gym membership,Pembayaran Langganan,Pengeluaran,200588.0,E-Wallet,Pembayaran Langganan
135,2025-02-08,Transfer teman,Transfer Teman/Keluarga,Pemasukan,276479.0,Transfer Bank,Transfer Teman/Keluarga
136,2025-02-08,Cloud storage,Pembayaran Langganan,Pengeluaran,52210.0,Transfer Bank,Pembayaran Langganan
137,2025-02-02,Tiket KRL,Transportasi,Pengeluaran,14090.0,Kartu Debit,Transportasi
138,2025-02-12,Service AC kos,Tempat Tinggal,Pengeluaran,50972.0,E-Wallet,Tempat Tinggal
139,2025-02-17,Tagihan internet,Pulsa & Internet,Pengeluaran,73484.0,E-Wallet,Pulsa & Internet
140,2025-02-07,Ojek online,Transportasi,Pengeluaran,68679.0,Transfer Bank,Transportasi
141,2025-03-17,Gaji bulanan,Gaji,Pemasukan,6341213.0,Transfer Bank,Gaji
142,2025-03-19,Paket data,Pulsa & Internet,Pengeluaran,104762.0,Transfer Bank,Pulsa & Internet
143,2025-03-07,Bayar kos,Tempat Tinggal,Pengeluaran,932135.0,E-Wallet,Tempat Tinggal
144,2025-03-26,Transfer teman,Transfer Teman/Keluarga,Pengeluaran,156128.0,Kartu Debit,Transfer Teman/Keluarga
145,2025-03-30,Beli makan siang,Makanan & Minuman,Pengeluaran,109695.0,Kartu Debit,Makanan & Minuman
146,2025-03-08,Ojek online,Transportasi,Pengeluaran,36549.0,Tunai,Transportasi
147,2025-03-19,Paket data,Pulsa & Internet,Pengeluaran,95694.0,Kartu Debit,Pulsa & Internet
148,2025-03-08,Ojek online,Transportasi,Pengeluaran,81895.0,Kartu Debit,Transportasi
149,2025-03-23,Langganan streaming,Hiburan,Pengeluaran,42859.0,Kartu Debit,Hiburan
150,2025-03-01,Spotify Premium,Pembayaran Langganan,Pengeluaran,23220.0,E-Wallet,Pembayaran Langganan
151,2025-03-27,Jajan,Makanan & Minuman,Pengeluaran,22757.0,Kartu Kredit,Makanan & Minuman
152,2025-03-22,Service AC kos,Tempat Tinggal,Pengeluaran,50938.0,E-Wallet,Tempat Tinggal
153,2025-03-18,Ojek online,Transportasi,Pengeluaran,26787.0,Transfer Bank,Transportasi
3502,2025-03-21,Perlengkapan rumah,Belanja Bulanan,Pengeluaran,238654.0,Tunai,Belanja Bulanan
155,2025-03-24,Transfer teman,Transfer Teman/Keluarga,Pengeluaran,124778.0,E-Wallet,Transfer Teman/Keluarga
156,2025-03-26,Bensin,Transportasi,Pengeluaran,54973.0,Transfer Bank,Transportasi
157,2025-03-04,Konser,Hiburan,Pengeluaran,377133.0,Transfer Bank,Hiburan
158,2025-03-03,Liburan,Hiburan,Pengeluaran,463261.0,Kartu Debit,Hiburan
159,2025-03-20,Pulsa prabayar,Pulsa & Internet,Pengeluaran,136437.0,Kartu Kredit,Pulsa & Internet
160,2025-03-01,Transfer teman,Transfer Teman/Keluarga,Pengeluaran,162198.0,Kartu Debit,Transfer Teman/Keluarga
161,2025-03-30,Transfer teman,Transfer Teman/Keluarga,Pengeluaran,276919.0,Kartu Debit,Transfer Teman/Keluarga
162,2025-03-08,Pulsa prabayar,Pulsa & Internet,Pengeluaran,56893.0,E-Wallet,Pulsa & Internet
163,2025-03-10,Transfer teman,Transfer Teman/Keluarga,Pengeluaran,95251.0,Kartu Debit,Transfer Teman/Keluarga
164,2025-03-24,Gym membership,Pembayaran Langganan,Pengeluaran,200062.0,Kartu Debit,Pembayaran Langganan
165,2025-03-15,Pulsa prabayar,Pulsa & Internet,Pengeluaran,65068.0,Kartu Kredit,Pulsa & Internet
166,2025-03-16,Liburan,Hiburan,Pengeluaran,387064.0,E-Wallet,Hiburan
167,2025-03-11,Liburan,Hiburan,Pengeluaran,438957.0,Transfer Bank,Hiburan
168,2025-03-02,Belanja kebutuhan pokok,Belanja Bulanan,Pengeluaran,244136.0,E-Wallet,Belanja Bulanan
169,2025-03-16,Belanja dapur,Makanan & Minuman,Pengeluaran,516403.0,Kartu Debit,Makanan & Minuman
170,2025-04-08,Gaji bulanan,Gaji,Pemasukan,6154994.0,Transfer Bank,Gaji
171,2025-04-25,Kirim uang keluarga,Transfer Teman/Keluarga,Pengeluaran,112987.0,Kartu Debit,Transfer Teman/Keluarga
172,2025-04-26,Belanja kebutuhan pokok,Belanja Bulanan,Pengeluaran,477135.0,E-Wallet,Belanja Bulanan
173,2025-04-17,Bayar kos,Tempat Tinggal,Pengeluaran,941726.0,E-Wallet,Tempat Tinggal
174,2025-04-16,Taksi,Transportasi,Pengeluaran,39404.0,Tunai,Transportasi
175,2025-04-13,Tagihan internet,Pulsa & Internet,Pengeluaran,101214.0,Kartu Debit,Pulsa & Internet
176,2025-04-24,Perlengkapan rumah,Belanja Bulanan,Pengeluaran,446658.0,Tunai,Belanja Bulanan
177,2025-04-16,Tagihan internet,Pulsa & Internet,Pengeluaran,137303.0,Kartu Debit,Pulsa & Internet
178,2025-04-18,Makan malam restoran,Makanan & Minuman,Pengeluaran,355930.0,Kartu Debit,Makanan & Minuman
179,2025-04-28,Iuran lingkungan,Tempat Tinggal,Pengeluaran,51667.0,Transfer Bank,Tempat Tinggal
180,2025-04-09,Kirim uang keluarga,Transfer Teman/Keluarga,Pengeluaran,271483.0,E-Wallet,Transfer Teman/Keluarga
181,2025-04-01,Pakaian baru,Belanja Bulanan,Pengeluaran,475311.0,Tunai,Belanja Bulanan
182,2025-04-15,Pakaian baru,Belanja Bulanan,Pengeluaran,483759.0,Tunai,Belanja Bulanan
183,2025-04-23,Perlengkapan rumah,Belanja Bulanan,Pengeluaran,403421.0,E-Wallet,Belanja Bulanan
184,2025-04-11,Langganan streaming,Hiburan,Pengeluaran,48896.0,Kartu Kredit,Hiburan
185,2025-04-13,Transfer teman,Transfer Teman/Keluarga,Pengeluaran,276213.0,Transfer Bank,Transfer Teman/Keluarga
186,2025-04-25,Tiket KRL,Transportasi,Pengeluaran,29648.0,Lainnya,Transportasi
187,2025-04-08,Tagihan internet,Pulsa & Internet,Pengeluaran,115915.0,Kartu Debit,Pulsa & Internet
188,2025-04-27,Iuran lingkungan,Tempat Tinggal,Pengeluaran,50616.0,Kartu Debit,Tempat Tinggal
189,2025-04-10,Jajan,Makanan & Minuman,Pengeluaran,17615.0,Kartu Kredit,Makanan & Minuman
190,2025-04-26,Perlengkapan rumah,Belanja Bulanan,Pengeluaran,234060.0,Kartu Kredit,Belanja Bulanan
191,2025-05-22,Gaji bulanan,Gaji,Pemasukan,6269854.0,Kartu Debit,Gaji
192,2025-05-11,Kirim uang keluarga,Transfer Teman/Keluarga,Pemasukan,296183.0,Kartu Debit,Transfer Teman/Keluarga
193,2025-05-16,Kirim uang keluarga,Transfer Teman/Keluarga,Pemasukan,175408.0,Kartu Debit,Transfer Teman/Keluarga
194,2025-05-03,Transfer teman,Transfer Teman/Keluarga,Pengeluaran,254703.0,Kartu Debit,Transfer Teman/Keluarga
195,2025-05-20,Service AC kos,Tempat Tinggal,Pengeluaran,50927.0,Kartu Debit,Tempat Tinggal
196,2025-05-06,Tiket bioskop,Hiburan,Pengeluaran,46246.0,Transfer Bank,Hiburan
197,2025-05-24,Bayar kos,Tempat Tinggal,Pengeluaran,889906.0,Kartu Debit,Tempat Tinggal
198,2025-05-10,Netflix,Pembayaran Langganan,Pengeluaran,20899.0,Kartu Debit,Pembayaran Langganan
199,2025-05-23,Iuran lingkungan,Tempat Tinggal,Pengeluaran,50715.0,Tunai,Tempat Tinggal
200,2025-05-13,Bensin,Transportasi,Pengeluaran,18064.0,E-Wallet,Transportasi
201,2025-05-14,Jajan,Makanan & Minuman,Pengeluaran,63803.0,E-Wallet,Makanan & Minuman
202,2025-05-04,Bayar kos,Tempat Tinggal,Pengeluaran,863367.0,E-Wallet,Tempat Tinggal
203,2025-05-21,Konser,Hiburan,Pengeluaran,418206.0,E-Wallet,Hiburan
204,2025-05-22,Paket data,Pulsa & Internet,Pengeluaran,108255.0,Kartu Kredit,Pulsa & Internet
205,2025-05-24,Kirim uang keluarga,Transfer Teman/Keluarga,Pengeluaran,299257.0,E-Wallet,Transfer Teman/Keluarga
206,2025-05-30,Transfer teman,Transfer Teman/Keluarga,Pengeluaran,183757.0,Transfer Bank,Transfer Teman/Keluarga
207,2025-05-03,Tiket bioskop,Hiburan,Pengeluaran,38688.0,Kartu Kredit,Hiburan
208,2025-05-18,Jajan,Makanan & Minuman,Pengeluaran,13405.0,E-Wallet,Makanan & Minuman
209,2025-05-29,Ojek online,Transportasi,Pengeluaran,71596.0,Tunai,Transportasi
210,2025-05-15,Pulsa prabayar,Pulsa & Internet,Pengeluaran,65789.0,E-Wallet,Pulsa & Internet
211,2025-05-29,Kirim uang keluarga,Transfer Teman/Keluarga,Pengeluaran,284355.0,Kartu Debit,Transfer Teman/Keluarga
212,2025-05-09,Tiket KRL,Transportasi,Pengeluaran,68134.0,Tunai,Transportasi
213,2025-05-21,Cloud storage,Pembayaran Langganan,Pengeluaran,52959.0,E-Wallet,Pembayaran Langganan
214,2025-05-03,Liburan,Hiburan,Pengeluaran,364619.0,Kartu Kredit,Hiburan
215,2025-05-15,Taksi,Transportasi,Pengeluaran,47666.0,E-Wallet,Transportasi
216,2025-05-18,Bayar kos,Tempat Tinggal,Pengeluaran,901293.0,Transfer Bank,Tempat Tinggal
217,2025-05-06,Transfer teman,Transfer Teman/Keluarga,Pengeluaran,151635.0,Kartu Debit,Transfer Teman/Keluarga
219,2025-06-11,Kirim uang keluarga,Transfer Teman/Keluarga,Pemasukan,290436.0,E-Wallet,Transfer Teman/Keluarga
220,2025-06-18,Bonus,Gaji,Pemasukan,2382728.0,E-Wallet,Gaji
221,2025-06-28,Transfer teman,Transfer Teman/Keluarga,Pemasukan,75836.0,Kartu Debit,Transfer Teman/Keluarga
222,2025-06-20,Taksi,Transportasi,Pengeluaran,32337.0,Tunai,Transportasi
223,2025-06-27,Pakaian baru,Belanja Bulanan,Pengeluaran,295161.0,Kartu Kredit,Belanja Bulanan
224,2025-06-21,Jajan,Makanan & Minuman,Pengeluaran,17221.0,Transfer Bank,Makanan & Minuman
225,2025-06-20,Pulsa prabayar,Pulsa & Internet,Pengeluaran,93206.0,Kartu Debit,Pulsa & Internet
226,2025-06-18,Netflix,Pembayaran Langganan,Pengeluaran,28974.0,Transfer Bank,Pembayaran Langganan
227,2025-06-15,Langganan streaming,Hiburan,Pengeluaran,41932.0,Transfer Bank,Hiburan
228,2025-06-04,Gym membership,Pembayaran Langganan,Pengeluaran,200320.0,Kartu Kredit,Pembayaran Langganan
229,2025-06-01,Makan malam restoran,Makanan & Minuman,Pengeluaran,729224.0,E-Wallet,Makanan & Minuman
230,2025-06-05,Ojek online,Transportasi,Pengeluaran,39036.0,Transfer Bank,Transportasi
231,2025-06-02,Pulsa prabayar,Pulsa & Internet,Pengeluaran,56572.0,Kartu Debit,Pulsa & Internet
232,2025-06-11,Bayar kos,Tempat Tinggal,Pengeluaran,973696.0,E-Wallet,Tempat Tinggal
233,2025-07-26,Gaji bulanan,Gaji,Pemasukan,6059336.0,Kartu Debit,Gaji
234,2025-07-24,Kopi,Makanan & Minuman,Pengeluaran,68321.0,E-Wallet,Makanan & Minuman
235,2025-07-26,Transfer teman,Transfer Teman/Keluarga,Pengeluaran,106913.0,E-Wallet,Transfer Teman/Keluarga
236,2025-07-25,Paket data,Pulsa & Internet,Pengeluaran,59808.0,Kartu Debit,Pulsa & Internet
237,2025-07-17,Makan malam restoran,Makanan & Minuman,Pengeluaran,502616.0,Kartu Kredit,Makanan & Minuman
238,2025-07-25,Konser,Hiburan,Pengeluaran,388904.0,Kartu Debit,Hiburan
239,2025-07-23,Tagihan internet,Pulsa & Internet,Pengeluaran,89646.0,E-Wallet,Pulsa & Internet
240,2025-07-11,Service AC kos,Tempat Tinggal,Pengeluaran,50703.0,E-Wallet,Tempat Tinggal
241,2025-07-21,Liburan,Hiburan,Pengeluaran,460354.0,Kartu Kredit,Hiburan
242,2025-07-23,Tiket KRL,Transportasi,Pengeluaran,51091.0,E-Wallet,Transportasi
243,2025-07-01,Langganan streaming,Hiburan,Pengeluaran,46697.0,Kartu Debit,Hiburan
244,2025-07-09,Makan malam restoran,Makanan & Minuman,Pengeluaran,277304.0,E-Wallet,Makanan & Minuman
245,2025-07-23,Netflix,Pembayaran Langganan,Pengeluaran,24868.0,Kartu Debit,Pembayaran Langganan
246,2025-07-02,Konser,Hiburan,Pengeluaran,412537.0,E-Wallet,Hiburan
247,2025-07-19,Jajan,Makanan & Minuman,Pengeluaran,25295.0,E-Wallet,Makanan & Minuman
248,2025-07-02,Iuran lingkungan,Tempat Tinggal,Pengeluaran,50643.0,Transfer Bank,Tempat Tinggal
249,2025-07-02,Pakaian baru,Belanja Bulanan,Pengeluaran,483463.0,Tunai,Belanja Bulanan
250,2025-07-30,Bensin,Transportasi,Pengeluaran,37702.0,Transfer Bank,Transportasi
251,2025-07-12,Kirim uang keluarga,Transfer Teman/Keluarga,Pengeluaran,287708.0,Transfer Bank,Transfer Teman/Keluarga
252,2025-07-26,Kirim uang keluarga,Transfer Teman/Keluarga,Pengeluaran,145720.0,E-Wallet,Transfer Teman/Keluarga
253,2025-07-25,Jajan,Makanan & Minuman,Pengeluaran,43259.0,Transfer Bank,Makanan & Minuman
254,2025-07-14,Netflix,Pembayaran Langganan,Pengeluaran,20786.0,Transfer Bank,Pembayaran Langganan
255,2025-07-30,Bayar kos,Tempat Tinggal,Pengeluaran,943985.0,Tunai,Tempat Tinggal
256,2025-07-02,Tagihan internet,Pulsa & Internet,Pengeluaran,116931.0,E-Wallet,Pulsa & Internet
257,2025-07-22,Tiket KRL,Transportasi,Pengeluaran,56113.0,Kartu Debit,Transportasi
258,2025-07-23,Pulsa prabayar,Pulsa & Internet,Pengeluaran,131845.0,Kartu Kredit,Pulsa & Internet
259,2025-08-02,Bonus,Gaji,Pemasukan,2316153.0,E-Wallet,Gaji
260,2025-08-10,Bonus,Gaji,Pemasukan,1160869.0,Kartu Debit,Gaji
261,2025-08-28,Bensin,Transportasi,Pengeluaran,69134.0,Tunai,Transportasi
262,2025-08-15,Transfer teman,Transfer Teman/Keluarga,Pengeluaran,162534.0,Transfer Bank,Transfer Teman/Keluarga
263,2025-08-26,Transfer teman,Transfer Teman/Keluarga,Pengeluaran,234973.0,Kartu Debit,Transfer Teman/Keluarga
264,2025-08-08,Paket data,Pulsa & Internet,Pengeluaran,149937.0,Kartu Debit,Pulsa & Internet
265,2025-08-19,Transfer teman,Transfer Teman/Keluarga,Pengeluaran,154690.0,E-Wallet,Transfer Teman/Keluarga
266,2025-08-12,Belanja kebutuhan pokok,Belanja Bulanan,Pengeluaran,458251.0,Transfer Bank,Belanja Bulanan
267,2025-08-17,Bayar kos,Tempat Tinggal,Pengeluaran,936603.0,E-Wallet,Tempat Tinggal
268,2025-08-25,Pulsa prabayar,Pulsa & Internet,Pengeluaran,84677.0,Transfer Bank,Pulsa & Internet
269,2025-08-01,Netflix,Pembayaran Langganan,Pengeluaran,22155.0,Kartu Debit,Pembayaran Langganan
270,2025-08-04,Bayar kos,Tempat Tinggal,Pengeluaran,856471.0,Tunai,Tempat Tinggal
271,2025-09-14,Kirim uang keluarga,Transfer Teman/Keluarga,Pemasukan,248043.0,E-Wallet,Transfer Teman/Keluarga
272,2025-09-24,Kirim uang keluarga,Transfer Teman/Keluarga,Pengeluaran,129918.0,Transfer Bank,Transfer Teman/Keluarga
273,2025-09-25,Kopi,Makanan & Minuman,Pengeluaran,57289.0,Tunai,Makanan & Minuman
3503,2025-09-07,Jajan,Makanan & Minuman,Pengeluaran,24128.0,Kartu Kredit,Makanan & Minuman
275,2025-10-29,Bonus,Gaji,Pemasukan,1557958.0,Transfer Bank,Gaji
276,2025-10-24,Transfer teman,Transfer Teman/Keluarga,Pemasukan,150488.0,E-Wallet,Transfer Teman/Keluarga
277,2025-10-11,Kirim uang keluarga,Transfer Teman/Keluarga,Pengeluaran,143312.0,Kartu Debit,Transfer Teman/Keluarga
278,2025-10-01,Kirim uang keluarga,Transfer Teman/Keluarga,Pengeluaran,281331.0,E-Wallet,Transfer Teman/Keluarga
279,2025-10-10,Gym membership,Pembayaran Langganan,Pengeluaran,200611.0,E-Wallet,Pembayaran Langganan
280,2025-10-25,Cloud storage,Pembayaran Langganan,Pengeluaran,51630.0,Kartu Debit,Pembayaran Langganan
281,2025-10-07,Belanja kebutuhan pokok,Belanja Bulanan,Pengeluaran,418386.0,Kartu Debit,Belanja Bulanan
283,2025-10-08,Pulsa prabayar,Pulsa & Internet,Pengeluaran,129578.0,Transfer Bank,Pulsa & Internet
284,2025-10-04,Taksi,Transportasi,Pengeluaran,89889.0,Tunai,Transportasi
285,2025-10-24,Langganan streaming,Hiburan,Pengeluaran,45948.0,Transfer Bank,Hiburan
286,2025-11-20,Kirim uang keluarga,Transfer Teman/Keluarga,Pemasukan,63369.0,Kartu Debit,Transfer Teman/Keluarga
287,2025-11-27,Gaji bulanan,Gaji,Pemasukan,6345415.0,Transfer Bank,Gaji
288,2025-11-26,Perlengkapan rumah,Belanja Bulanan,Pengeluaran,217629.0,Kartu Kredit,Belanja Bulanan
289,2025-11-14,Beli makan siang,Makanan & Minuman,Pengeluaran,148558.0,Tunai,Makanan & Minuman
290,2025-11-13,Beli makan siang,Makanan & Minuman,Pengeluaran,93919.0,Transfer Bank,Makanan & Minuman
291,2025-11-17,Ojek online,Transportasi,Pengeluaran,39067.0,Kartu Debit,Transportasi
292,2025-11-29,Paket data,Pulsa & Internet,Pengeluaran,141057.0,Kartu Debit,Pulsa & Internet
293,2025-11-01,Perlengkapan rumah,Belanja Bulanan,Pengeluaran,415501.0,Kartu Kredit,Belanja Bulanan
294,2025-11-27,Gym membership,Pembayaran Langganan,Pengeluaran,200150.0,E-Wallet,Pembayaran Langganan
295,2025-11-23,Netflix,Pembayaran Langganan,Pengeluaran,24711.0,Kartu Debit,Pembayaran Langganan
296,2025-11-21,Jajan,Makanan & Minuman,Pengeluaran,59109.0,E-Wallet,Makanan & Minuman
297,2025-11-07,Paket data,Pulsa & Internet,Pengeluaran,106650.0,Transfer Bank,Pulsa & Internet
299,2025-11-21,Spotify Premium,Pembayaran Langganan,Pengeluaran,21395.0,Kartu Debit,Pembayaran Langganan
300,2025-11-26,Bensin,Transportasi,Pengeluaran,54973.0,E-Wallet,Transportasi
301,2025-11-20,Gym membership,Pembayaran Langganan,Pengeluaran,200333.0,E-Wallet,Pembayaran Langganan
302,2025-11-08,Netflix,Pembayaran Langganan,Pengeluaran,29836.0,Kartu Kredit,Pembayaran Langganan
303,2025-11-16,Taksi,Transportasi,Pengeluaran,97237.0,Transfer Bank,Transportasi
304,2025-11-01,Bensin,Transportasi,Pengeluaran,65454.0,Tunai,Transportasi
305,2025-11-08,Pulsa prabayar,Pulsa & Internet,Pengeluaran,101981.0,E-Wallet,Pulsa & Internet
306,2025-11-12,Service AC kos,Tempat Tinggal,Pengeluaran,51358.0,E-Wallet,Tempat Tinggal
307,2025-11-12,Transfer teman,Transfer Teman/Keluarga,Pengeluaran,240398.0,Transfer Bank,Transfer Teman/Keluarga
308,2025-11-22,Perlengkapan rumah,Belanja Bulanan,Pengeluaran,453887.0,E-Wallet,Belanja Bulanan
309,2025-11-25,Paket data,Pulsa & Internet,Pengeluaran,116203.0,Kartu Kredit,Pulsa & Internet
310,2025-11-05,Pakaian baru,Belanja Bulanan,Pengeluaran,448035.0,Kartu Kredit,Belanja Bulanan
311,2025-11-23,Pulsa & Internet,Pulsa & Internet,Pengeluaran,68623.0,Kartu Kredit,Pulsa & Internet
312,2025-11-12,Iuran lingkungan,Tempat Tinggal,Pengeluaran,50862.0,E-Wallet,Tempat Tinggal
313,2025-11-04,Beli makan siang,Makanan & Minuman,Pengeluaran,74778.0,Kartu Debit,Makanan & Minuman
314,2025-11-23,Kirim uang keluarga,Transfer Teman/Keluarga,Pengeluaran,111718.0,Kartu Debit,Transfer Teman/Keluarga
315,2025-11-13,Transfer teman,Transfer Teman/Keluarga,Pengeluaran,238085.0,Transfer Bank,Transfer Teman/Keluarga
316,2025-11-07,Makanan & Minuman,Makanan & Minuman,Pengeluaran,330346.0,Kartu Debit,Makanan & Minuman
317,2025-11-26,Jajan,Makanan & Minuman,Pengeluaran,69264.0,Kartu Kredit,Makanan & Minuman
318,2025-11-22,Spotify Premium,Pembayaran Langganan,Pengeluaran,29936.0,Kartu Debit,Pembayaran Langganan
319,2025-11-22,Makan malam restoran,Makanan & Minuman,Pengeluaran,359235.0,Kartu Debit,Makanan & Minuman
320,2025-11-14,Tagihan internet,Pulsa & Internet,Pengeluaran,107295.0,Kartu Debit,Pulsa & Internet
321,2025-11-28,Tiket KRL,Transportasi,Pengeluaran,54974.0,Tunai,Transportasi
322,2025-11-28,Pembayaran Langganan,Pembayaran Langganan,Pengeluaran,54616.0,Kartu Debit,Pembayaran Langganan
323,2025-11-02,Iuran lingkungan,Tempat Tinggal,Pengeluaran,50163.0,E-Wallet,Tempat Tinggal
324,2025-12-05,Gaji bulanan,Gaji,Pemasukan,6314412.0,E-Wallet,Gaji
325,2025-12-26,Kirim uang keluarga,Transfer Teman/Keluarga,Pemasukan,128144.0,Kartu Debit,Transfer Teman/Keluarga
326,2025-12-25,Bonus,Gaji,Pemasukan,2973547.0,E-Wallet,Gaji
327,2025-12-07,Bayar kos,Tempat Tinggal,Pengeluaran,958402.0,Tunai,Tempat Tinggal
328,2025-12-28,Bayar kos,Tempat Tinggal,Pengeluaran,839401.0,Kartu Debit,Tempat Tinggal
329,2025-12-03,Ojek online,Transportasi,Pengeluaran,81526.0,E-Wallet,Transportasi
330,2025-12-29,Bayar kos,Tempat Tinggal,Pengeluaran,910051.0,Tunai,Tempat Tinggal
331,2025-12-03,Perlengkapan rumah,Belanja Bulanan,Pengeluaran,309132.0,Tunai,Belanja Bulanan
332,2025-12-23,Langganan streaming,Hiburan,Pengeluaran,32480.0,Kartu Kredit,Hiburan
333,2025-12-09,Pulsa prabayar,Pulsa & Internet,Pengeluaran,126329.0,Kartu Debit,Pulsa & Internet
334,2025-12-18,Belanja kebutuhan pokok,Belanja Bulanan,Pengeluaran,217415.0,Transfer Bank,Belanja Bulanan
335,2025-12-07,Pakaian baru,Belanja Bulanan,Pengeluaran,359961.0,E-Wallet,Belanja Bulanan
336,2025-12-14,Taksi,Transportasi,Pengeluaran,12511.0,Tunai,Transportasi
337,2025-12-17,Liburan,Hiburan,Pengeluaran,439529.0,Kartu Kredit,Hiburan
338,2025-12-21,Taksi,Transportasi,Pengeluaran,54890.0,Transfer Bank,Transportasi
339,2025-12-26,Liburan,Hiburan,Pengeluaran,420538.0,Kartu Debit,Hiburan
340,2025-12-12,Paket data,Pulsa & Internet,Pengeluaran,52237.0,Kartu Kredit,Pulsa & Internet
341,2025-12-20,Tagihan internet,Pulsa & Internet,Pengeluaran,94894.0,E-Wallet,Pulsa & Internet
342,2025-12-12,Netflix,Pembayaran Langganan,Pengeluaran,26555.0,E-Wallet,Pembayaran Langganan
343,2025-12-09,Bensin,Transportasi,Pengeluaran,54468.0,Tunai,Transportasi
344,2025-12-30,Iuran lingkungan,Tempat Tinggal,Pengeluaran,51733.0,E-Wallet,Tempat Tinggal
345,2025-12-30,Cloud storage,Pembayaran Langganan,Pengeluaran,52020.0,Kartu Kredit,Pembayaran Langganan
346,2025-12-21,Perlengkapan rumah,Belanja Bulanan,Pengeluaran,388121.0,Kartu Debit,Belanja Bulanan
347,2025-12-22,Pakaian baru,Belanja Bulanan,Pengeluaran,223709.0,Transfer Bank,Belanja Bulanan
348,2025-12-09,Gym membership,Pembayaran Langganan,Pengeluaran,200294.0,Transfer Bank,Pembayaran Langganan
349,2025-12-18,Transfer teman,Transfer Teman/Keluarga,Pengeluaran,138650.0,Kartu Debit,Transfer Teman/Keluarga
350,2025-12-21,Gym membership,Pembayaran Langganan,Pengeluaran,200432.0,Transfer Bank,Pembayaran Langganan
351,2025-12-25,Beli makan siang,Makanan & Minuman,Pengeluaran,134900.0,Kartu Debit,Makanan & Minuman
352,2025-12-17,Cloud storage,Pembayaran Langganan,Pengeluaran,54743.0,Transfer Bank,Pembayaran Langganan
353,2025-12-03,Beli makan siang,Makanan & Minuman,Pengeluaran,131301.0,Transfer Bank,Makanan & Minuman
354,2025-12-18,Paket data,Pulsa & Internet,Pengeluaran,113371.0,Transfer Bank,Pulsa & Internet
355,2025-12-10,Kirim uang keluarga,Transfer Teman/Keluarga,Pengeluaran,70379.0,E-Wallet,Transfer Teman/Keluarga
356,2025-12-14,Makan malam restoran,Makanan & Minuman,Pengeluaran,250008.0,E-Wallet,Makanan & Minuman
357,2025-12-11,Bayar kos,Tempat Tinggal,Pengeluaran,926296.0,E-Wallet,Tempat Tinggal
358,2026-01-22,Gaji bulanan,Gaji,Pemasukan,6063194.0,Kartu Debit,Gaji
359,2026-01-18,Gaji bulanan,Gaji,Pemasukan,6224847.0,Transfer Bank,Gaji
360,2026-01-06,Ojek online,Transportasi,Pengeluaran,29037.0,Kartu Debit,Transportasi
361,2026-01-13,Perlengkapan rumah,Belanja Bulanan,Pengeluaran,319061.0,E-Wallet,Belanja Bulanan
362,2026-01-03,Tiket bioskop,Hiburan,Pengeluaran,31682.0,E-Wallet,Hiburan
363,2026-01-12,Transfer teman,Transfer Teman/Keluarga,Pengeluaran,91382.0,E-Wallet,Transfer Teman/Keluarga
364,2026-01-16,Kirim uang keluarga,Transfer Teman/Keluarga,Pengeluaran,192714.0,Kartu Debit,Transfer Teman/Keluarga
365,2026-01-25,Beli makan siang,Makanan & Minuman,Pengeluaran,170839.0,E-Wallet,Makanan & Minuman
366,2026-01-23,Konser,Hiburan,Pengeluaran,335137.0,Kartu Debit,Hiburan
367,2026-01-03,Spotify Premium,Pembayaran Langganan,Pengeluaran,20814.0,E-Wallet,Pembayaran Langganan
368,2026-01-20,Spotify Premium,Pembayaran Langganan,Pengeluaran,25474.0,Transfer Bank,Pembayaran Langganan
369,2026-01-19,Iuran lingkungan,Tempat Tinggal,Pengeluaran,50303.0,E-Wallet,Tempat Tinggal
370,2026-01-05,Pulsa prabayar,Pulsa & Internet,Pengeluaran,120148.0,Kartu Debit,Pulsa & Internet
371,2026-01-12,Kirim uang keluarga,Transfer Teman/Keluarga,Pengeluaran,175974.5,E-Wallet,Transfer Teman/Keluarga
372,2026-01-24,Transfer teman,Transfer Teman/Keluarga,Pengeluaran,136906.0,Transfer Bank,Transfer Teman/Keluarga
373,2026-01-26,Kirim uang keluarga,Transfer Teman/Keluarga,Pengeluaran,147764.0,Kartu Debit,Transfer Teman/Keluarga
374,2026-01-15,Iuran lingkungan,Tempat Tinggal,Pengeluaran,50061.0,Transfer Bank,Tempat Tinggal
375,2026-01-08,Pakaian baru,Belanja Bulanan,Pengeluaran,368787.0,Transfer Bank,Belanja Bulanan
376,2026-01-21,Pulsa prabayar,Pulsa & Internet,Pengeluaran,89756.0,Kartu Debit,Pulsa & Internet
377,2026-01-14,Tiket KRL,Transportasi,Pengeluaran,28069.0,Kartu Debit,Transportasi
378,2026-01-27,Belanja kebutuhan pokok,Belanja Bulanan,Pengeluaran,212060.0,Kartu Kredit,Belanja Bulanan
379,2026-01-09,Service AC kos,Tempat Tinggal,Pengeluaran,50633.0,E-Wallet,Tempat Tinggal
380,2026-01-01,Kirim uang keluarga,Transfer Teman/Keluarga,Pengeluaran,269891.0,E-Wallet,Transfer Teman/Keluarga
381,2026-01-01,Pulsa prabayar,Pulsa & Internet,Pengeluaran,78392.0,Kartu Debit,Pulsa & Internet
382,2026-01-26,Belanja kebutuhan pokok,Belanja Bulanan,Pengeluaran,352259.0,Transfer Bank,Belanja Bulanan
383,2026-01-17,Tiket bioskop,Hiburan,Pengeluaran,41695.0,Kartu Debit,Hiburan
384,2026-01-20,Ojek online,Transportasi,Pengeluaran,66821.0,Kartu Debit,Transportasi
385,2026-01-07,Bayar kos,Tempat Tinggal,Pengeluaran,813952.0,E-Wallet,Tempat Tinggal
386,2026-01-23,Tiket KRL,Transportasi,Pengeluaran,62575.0,Kartu Debit,Transportasi
387,2026-01-10,Langganan streaming,Hiburan,Pengeluaran,36339.0,Kartu Kredit,Hiburan
388,2026-01-20,Kirim uang keluarga,Transfer Teman/Keluarga,Pengeluaran,291596.0,Kartu Debit,Transfer Teman/Keluarga
389,2026-01-07,Kirim uang keluarga,Transfer Teman/Keluarga,Pengeluaran,125438.0,Kartu Debit,Transfer Teman/Keluarga
390,2026-01-19,Pakaian baru,Belanja Bulanan,Pengeluaran,273295.0,E-Wallet,Belanja Bulanan
391,2026-01-10,Transfer teman,Transfer Teman/Keluarga,Pengeluaran,226321.0,Kartu Debit,Transfer Teman/Keluarga
392,2026-01-10,Bensin,Transportasi,Pengeluaran,82557.0,Transfer Bank,Transportasi
394,2026-01-08,Ojek online,Transportasi,Pengeluaran,71355.0,Lainnya,Transportasi
395,2026-01-05,Spotify Premium,Pembayaran Langganan,Pengeluaran,23210.0,Kartu Kredit,Pembayaran Langganan
396,2026-01-01,Perlengkapan rumah,Belanja Bulanan,Pengeluaran,274776.0,Kartu Kredit,Belanja Bulanan
397,2026-01-24,Tagihan internet,Pulsa & Internet,Pengeluaran,147627.0,Transfer Bank,Pulsa & Internet
398,2026-01-26,Pakaian baru,Belanja Bulanan,Pengeluaran,334764.0,E-Wallet,Belanja Bulanan
399,2026-01-08,Liburan,Hiburan,Pengeluaran,468097.0,E-Wallet,Hiburan
400,2026-01-30,Transfer teman,Transfer Teman/Keluarga,Pengeluaran,255588.0,Kartu Debit,Transfer Teman/Keluarga
401,2026-01-03,Tiket KRL,Transportasi,Pengeluaran,24830.0,Tunai,Transportasi
402,2026-01-07,Kirim uang keluarga,Transfer Teman/Keluarga,Pengeluaran,60324.0,Kartu Debit,Transfer Teman/Keluarga
403,2026-01-28,Belanja kebutuhan pokok,Belanja Bulanan,Pengeluaran,476256.0,Transfer Bank,Belanja Bulanan
404,2026-01-09,Pakaian baru,Belanja Bulanan,Pengeluaran,282442.0,Transfer Bank,Belanja Bulanan
405,2026-01-23,Transfer teman,Transfer Teman/Keluarga,Pengeluaran,117654.0,Kartu Debit,Transfer Teman/Keluarga
406,2026-01-05,Tagihan internet,Pulsa & Internet,Pengeluaran,61488.0,Kartu Kredit,Pulsa & Internet
407,2026-01-05,Beli makan siang,Makanan & Minuman,Pengeluaran,56720.0,Transfer Bank,Makanan & Minuman
408,2026-01-20,Transfer teman,Transfer Teman/Keluarga,Pengeluaran,65473.0,Transfer Bank,Transfer Teman/Keluarga
410,2026-01-09,Tiket bioskop,Hiburan,Pengeluaran,49174.0,Kartu Kredit,Hiburan
411,2026-01-11,Pulsa prabayar,Pulsa & Internet,Pengeluaran,140476.0,Kartu Kredit,Pulsa & Internet
412,2026-01-14,Cloud storage,Pembayaran Langganan,Pengeluaran,54196.0,Transfer Bank,Pembayaran Langganan
413,2026-01-10,Gym membership,Pembayaran Langganan,Pengeluaran,200826.0,Kartu Debit,Pembayaran Langganan
414,2026-01-09,Konser,Hiburan,Pengeluaran,379461.0,Kartu Debit,Hiburan
415,2026-01-27,Transfer teman,Transfer Teman/Keluarga,Pengeluaran,151103.0,E-Wallet,Transfer Teman/Keluarga
416,2026-01-27,Transfer teman,Transfer Teman/Keluarga,Pengeluaran,250837.0,E-Wallet,Transfer Teman/Keluarga
417,2026-01-16,Perlengkapan rumah,Belanja Bulanan,Pengeluaran,379086.0,E-Wallet,Belanja Bulanan
418,2026-02-03,Gaji bulanan,Gaji,Pemasukan,6075275.0,Transfer Bank,Gaji
419,2026-02-16,Transfer teman,Transfer Teman/Keluarga,Pemasukan,246665.0,Kartu Debit,Transfer Teman/Keluarga
420,2026-02-12,Makan malam restoran,Makanan & Minuman,Pengeluaran,366877.0,Tunai,Makanan & Minuman
421,2026-02-20,Taksi,Transportasi,Pengeluaran,53920.0,Tunai,Transportasi
3504,2026-02-25,Pulsa prabayar,Pulsa & Internet,Pengeluaran,146839.0,Kartu Kredit,Pulsa & Internet
423,2026-02-03,Kirim uang keluarga,Transfer Teman/Keluarga,Pengeluaran,257725.0,E-Wallet,Transfer Teman/Keluarga
424,2026-02-01,Pulsa prabayar,Pulsa & Internet,Pengeluaran,147042.0,Kartu Kredit,Pulsa & Internet
425,2026-02-16,Netflix,Pembayaran Langganan,Pengeluaran,27632.0,Kartu Debit,Pembayaran Langganan
426,2026-02-08,Perlengkapan rumah,Belanja Bulanan,Pengeluaran,390479.0,Tunai,Belanja Bulanan
427,2026-02-14,Belanja dapur,Makanan & Minuman,Pengeluaran,468567.0,Tunai,Makanan & Minuman
428,2026-02-09,Iuran lingkungan,Tempat Tinggal,Pengeluaran,50936.0,Tunai,Tempat Tinggal
429,2026-02-21,Pulsa prabayar,Pulsa & Internet,Pengeluaran,108667.0,Kartu Debit,Pulsa & Internet
430,2026-02-17,Netflix,Pembayaran Langganan,Pengeluaran,22947.0,E-Wallet,Pembayaran Langganan
431,2026-02-16,Pulsa prabayar,Pulsa & Internet,Pengeluaran,67277.0,Kartu Debit,Pulsa & Internet
432,2026-02-27,Taksi,Transportasi,Pengeluaran,85162.0,Transfer Bank,Transportasi
433,2026-02-24,Tagihan internet,Pulsa & Internet,Pengeluaran,66782.0,Kartu Debit,Pulsa & Internet
434,2026-02-22,Bayar kos,Tempat Tinggal,Pengeluaran,903136.0,Kartu Debit,Tempat Tinggal
435,2026-02-24,Paket data,Pulsa & Internet,Pengeluaran,77170.0,Lainnya,Pulsa & Internet
436,2026-02-24,Konser,Hiburan,Pengeluaran,336433.0,Transfer Bank,Hiburan
437,2026-02-05,Cloud storage,Pembayaran Langganan,Pengeluaran,51019.0,E-Wallet,Pembayaran Langganan
438,2026-02-16,Transfer Teman/Keluarga,Transfer Teman/Keluarga,Pengeluaran,123696.0,Kartu Debit,Transfer Teman/Keluarga
439,2026-02-01,Belanja dapur,Makanan & Minuman,Pengeluaran,457114.0,Kartu Debit,Makanan & Minuman
440,2026-02-25,Langganan streaming,Hiburan,Pengeluaran,46661.0,E-Wallet,Hiburan
441,2026-02-04,Perlengkapan rumah,Belanja Bulanan,Pengeluaran,332066.0,Transfer Bank,Belanja Bulanan
442,2026-02-11,Pulsa prabayar,Pulsa & Internet,Pengeluaran,133152.0,Transfer Bank,Pulsa & Internet
443,2026-02-26,Belanja kebutuhan pokok,Belanja Bulanan,Pengeluaran,302653.0,Tunai,Belanja Bulanan
444,2026-02-06,Transfer teman,Transfer Teman/Keluarga,Pengeluaran,204007.0,E-Wallet,Transfer Teman/Keluarga
445,2026-03-25,Kirim uang keluarga,Transfer Teman/Keluarga,Pemasukan,86478.0,Kartu Debit,Transfer Teman/Keluarga
446,2026-03-18,Bonus,Gaji,Pemasukan,2098428.0,E-Wallet,Gaji
447,2026-03-18,Transfer teman,Transfer Teman/Keluarga,Pemasukan,132118.0,Kartu Debit,Transfer Teman/Keluarga
448,2026-03-29,Kirim uang keluarga,Transfer Teman/Keluarga,Pengeluaran,247933.0,Transfer Bank,Transfer Teman/Keluarga
449,2026-03-23,Belanja kebutuhan pokok,Belanja Bulanan,Pengeluaran,212912.0,Kartu Kredit,Belanja Bulanan
450,2026-03-13,Iuran lingkungan,Tempat Tinggal,Pengeluaran,50755.0,E-Wallet,Tempat Tinggal
451,2026-03-09,Service AC kos,Tempat Tinggal,Pengeluaran,50304.0,Kartu Debit,Tempat Tinggal
452,2026-03-21,Kopi,Makanan & Minuman,Pengeluaran,37748.0,Tunai,Makanan & Minuman
453,2026-03-27,Transfer teman,Transfer Teman/Keluarga,Pengeluaran,128940.0,E-Wallet,Transfer Teman/Keluarga
454,2026-03-14,Service AC kos,Tempat Tinggal,Pengeluaran,51660.0,Tunai,Tempat Tinggal
455,2026-03-21,Liburan,Hiburan,Pengeluaran,347295.0,E-Wallet,Hiburan
456,2026-03-12,Paket data,Pulsa & Internet,Pengeluaran,115305.0,Kartu Debit,Pulsa & Internet
457,2026-03-05,Pakaian baru,Belanja Bulanan,Pengeluaran,454327.0,E-Wallet,Belanja Bulanan
458,2026-03-06,Konser,Hiburan,Pengeluaran,343516.0,Transfer Bank,Hiburan
459,2026-04-29,Gaji bulanan,Gaji,Pemasukan,6069922.0,E-Wallet,Gaji
460,2026-04-09,Gaji bulanan,Gaji,Pemasukan,6260292.0,E-Wallet,Gaji
461,2026-04-02,Transfer teman,Transfer Teman/Keluarga,Pemasukan,147069.0,E-Wallet,Transfer Teman/Keluarga
462,2026-04-17,Belanja dapur,Makanan & Minuman,Pengeluaran,675978.0,E-Wallet,Makanan & Minuman
463,2026-04-15,Taksi,Transportasi,Pengeluaran,73251.0,Transfer Bank,Transportasi
3505,2026-04-16,Perlengkapan rumah,Belanja Bulanan,Pengeluaran,485795.0,Kartu Kredit,Belanja Bulanan
465,2026-04-21,Liburan,Hiburan,Pengeluaran,321527.0,E-Wallet,Hiburan
466,2026-04-29,Jajan,Makanan & Minuman,Pengeluaran,59150.0,Tunai,Makanan & Minuman
467,2026-04-19,Perlengkapan rumah,Belanja Bulanan,Pengeluaran,286345.0,Kartu Kredit,Belanja Bulanan
468,2026-04-18,Netflix,Pembayaran Langganan,Pengeluaran,29652.0,Kartu Kredit,Pembayaran Langganan
469,2026-04-20,Service AC kos,Tempat Tinggal,Pengeluaran,51356.0,Transfer Bank,Tempat Tinggal
470,2026-04-03,Kirim uang keluarga,Transfer Teman/Keluarga,Pengeluaran,194280.0,E-Wallet,Transfer Teman/Keluarga
471,2026-04-15,Transfer teman,Transfer Teman/Keluarga,Pengeluaran,282483.0,Transfer Bank,Transfer Teman/Keluarga
472,2026-04-19,Bayar kos,Tempat Tinggal,Pengeluaran,866381.0,E-Wallet,Tempat Tinggal
473,2026-04-08,Beli makan siang,Makanan & Minuman,Pengeluaran,65819.0,Transfer Bank,Makanan & Minuman
474,2026-04-08,Konser,Hiburan,Pengeluaran,312724.0,E-Wallet,Hiburan
475,2026-04-07,Bensin,Transportasi,Pengeluaran,60718.0,Kartu Debit,Transportasi
476,2026-04-16,Tiket KRL,Transportasi,Pengeluaran,47430.0,Tunai,Transportasi
477,2026-04-25,Service AC kos,Tempat Tinggal,Pengeluaran,51363.0,Kartu Debit,Tempat Tinggal
478,2026-04-29,Beli makan siang,Makanan & Minuman,Pengeluaran,170654.0,Kartu Debit,Makanan & Minuman
479,2026-04-25,Iuran lingkungan,Tempat Tinggal,Pengeluaran,51592.0,Kartu Debit,Tempat Tinggal
480,2026-04-16,Jajan,Makanan & Minuman,Pengeluaran,18741.0,Tunai,Makanan & Minuman
481,2026-04-06,Tiket bioskop,Hiburan,Pengeluaran,41695.0,Transfer Bank,Hiburan
482,2026-04-20,Paket data,Pulsa & Internet,Pengeluaran,149836.0,E-Wallet,Pulsa & Internet
483,2026-04-12,Bayar kos,Tempat Tinggal,Pengeluaran,813973.0,E-Wallet,Tempat Tinggal
484,2026-04-22,Jajan,Makanan & Minuman,Pengeluaran,55273.0,Transfer Bank,Makanan & Minuman
485,2026-04-16,Tagihan internet,Pulsa & Internet,Pengeluaran,124885.0,Kartu Kredit,Pulsa & Internet
486,2026-04-14,Tiket KRL,Transportasi,Pengeluaran,52063.0,Kartu Debit,Transportasi
487,2026-04-22,Service AC kos,Tempat Tinggal,Pengeluaran,50495.0,E-Wallet,Tempat Tinggal
488,2026-04-18,Pulsa prabayar,Pulsa & Internet,Pengeluaran,107246.0,Kartu Debit,Pulsa & Internet
489,2026-04-18,Belanja kebutuhan pokok,Belanja Bulanan,Pengeluaran,424461.0,Transfer Bank,Belanja Bulanan
490,2026-04-05,Taksi,Transportasi,Pengeluaran,26761.0,E-Wallet,Transportasi
491,2026-04-24,Belanja dapur,Makanan & Minuman,Pengeluaran,681284.0,Kartu Debit,Makanan & Minuman
492,2026-04-13,Jajan,Makanan & Minuman,Pengeluaran,13855.0,Kartu Debit,Makanan & Minuman
493,2026-04-10,Perlengkapan rumah,Belanja Bulanan,Pengeluaran,443252.0,Kartu Debit,Belanja Bulanan
494,2026-04-18,Bayar kos,Tempat Tinggal,Pengeluaran,824644.0,E-Wallet,Tempat Tinggal
495,2026-04-11,Ojek online,Transportasi,Pengeluaran,16741.0,Lainnya,Transportasi
496,2026-04-23,Spotify Premium,Pembayaran Langganan,Pengeluaran,23556.0,Transfer Bank,Pembayaran Langganan
497,2026-04-10,Bayar kos,Tempat Tinggal,Pengeluaran,802239.0,Tunai,Tempat Tinggal
498,2026-04-13,Perlengkapan rumah,Belanja Bulanan,Pengeluaran,325685.0,Tunai,Belanja Bulanan
499,2026-04-04,Netflix,Pembayaran Langganan,Pengeluaran,21479.0,E-Wallet,Pembayaran Langganan
500,2026-04-16,Bayar kos,Tempat Tinggal,Pengeluaran,916982.0,Kartu Debit,Tempat Tinggal
501,2026-05-13,Transfer teman,Transfer Teman/Keluarga,Pemasukan,235096.0,Kartu Debit,Transfer Teman/Keluarga
502,2026-05-01,Tiket bioskop,Hiburan,Pengeluaran,44963.0,Kartu Kredit,Hiburan
503,2026-05-02,Jajan,Makanan & Minuman,Pengeluaran,14250.0,E-Wallet,Makanan & Minuman
504,2026-05-29,Pulsa prabayar,Pulsa & Internet,Pengeluaran,106764.0,Kartu Debit,Pulsa & Internet
505,2026-05-28,Service AC kos,Tempat Tinggal,Pengeluaran,51512.0,Tunai,Tempat Tinggal
506,2025-08-08,Liburan,Hiburan,Pengeluaran,400039.0,Lainnya,Hiburan
507,2025-05-05,Gaji bulanan,Gaji,Pemasukan,6227769.0,Transfer Bank,Gaji
508,2026-05-25,Perlengkapan rumah,Belanja Bulanan,Pengeluaran,222234.0,Transfer Bank,Belanja Bulanan
509,2025-06-01,Paket data,Pulsa & Internet,Pengeluaran,126856.0,E-Wallet,Pulsa & Internet
510,2024-08-28,Pakaian baru,Belanja Bulanan,Pengeluaran,497987.0,Tunai,Belanja Bulanan
511,2024-05-29,Belanja kebutuhan pokok,Belanja Bulanan,Pengeluaran,451291.0,E-Wallet,Belanja Bulanan
512,2025-03-25,Kirim uang keluarga,Transfer Teman/Keluarga,Pemasukan,213171.0,Transfer Bank,Transfer Teman/Keluarga
513,2026-05-19,Transfer teman,Transfer Teman/Keluarga,Pemasukan,88220.0,Kartu Debit,Transfer Teman/Keluarga
514,2024-09-08,Bonus,Gaji,Pemasukan,1056600.0,Transfer Bank,Gaji
515,2024-07-17,Bonus,Gaji,Pemasukan,2006831.0,Transfer Bank,Gaji
516,2025-11-08,Bonus,Gaji,Pemasukan,2696074.0,Kartu Debit,Gaji
517,2025-03-16,Bonus,Gaji,Pemasukan,2752169.0,Transfer Bank,Gaji
518,2025-06-10,Gaji bulanan,Gaji,Pemasukan,6272690.0,Kartu Debit,Gaji
519,2026-04-29,Kirim uang keluarga,Transfer Teman/Keluarga,Pemasukan,189010.0,Transfer Bank,Transfer Teman/Keluarga
520,2026-03-07,Transfer teman,Transfer Teman/Keluarga,Pemasukan,197197.0,Transfer Bank,Transfer Teman/Keluarga
521,2025-01-21,Transfer teman,Transfer Teman/Keluarga,Pemasukan,104793.0,E-Wallet,Transfer Teman/Keluarga
522,2024-12-19,Gaji bulanan,Gaji,Pemasukan,6276350.0,Transfer Bank,Gaji
523,2025-10-18,Iuran lingkungan,Tempat Tinggal,Pengeluaran,51043.0,Transfer Bank,Tempat Tinggal
524,2024-07-30,Transfer teman,Transfer Teman/Keluarga,Pemasukan,148776.0,E-Wallet,Transfer Teman/Keluarga
525,2025-05-28,Kirim uang keluarga,Transfer Teman/Keluarga,Pemasukan,56686.0,Kartu Debit,Transfer Teman/Keluarga
526,2026-04-01,Gaji bulanan,Gaji,Pemasukan,6178092.0,Kartu Debit,Gaji
527,2026-01-22,Bensin,Transportasi,Pengeluaran,76802.0,Kartu Debit,Transportasi
528,2025-01-26,Bonus,Gaji,Pemasukan,2823279.0,Kartu Debit,Gaji
529,2024-08-29,Service AC kos,Tempat Tinggal,Pengeluaran,51797.0,Tunai,Tempat Tinggal
530,2026-03-27,Transfer teman,Transfer Teman/Keluarga,Pemasukan,296288.0,E-Wallet,Transfer Teman/Keluarga
531,2026-01-24,Bonus,Gaji,Pemasukan,2019106.0,E-Wallet,Gaji
532,2025-10-03,Taksi,Transportasi,Pengeluaran,46223.0,Transfer Bank,Transportasi
533,2025-09-10,Konser,Hiburan,Pengeluaran,475572.0,Kartu Debit,Hiburan
534,2024-07-30,Gaji bulanan,Gaji,Pemasukan,6008027.0,E-Wallet,Gaji
535,2025-01-31,Kirim uang keluarga,Transfer Teman/Keluarga,Pemasukan,214050.0,E-Wallet,Transfer Teman/Keluarga
536,2024-08-03,Transfer teman,Transfer Teman/Keluarga,Pemasukan,93614.0,Kartu Debit,Transfer Teman/Keluarga
538,2025-03-19,Kirim uang keluarga,Transfer Teman/Keluarga,Pemasukan,102584.0,E-Wallet,Transfer Teman/Keluarga
539,2025-12-03,Bonus,Gaji,Pemasukan,1429946.0,Kartu Debit,Gaji
540,2024-10-26,Paket data,Pulsa & Internet,Pengeluaran,134404.0,Transfer Bank,Pulsa & Internet
542,2025-11-01,Netflix,Pembayaran Langganan,Pengeluaran,22809.0,Kartu Kredit,Pembayaran Langganan
543,2026-01-27,Transfer teman,Transfer Teman/Keluarga,Pengeluaran,56144.0,E-Wallet,Transfer Teman/Keluarga
3506,2024-09-02,Kirim uang keluarga,Transfer Teman/Keluarga,Pemasukan,201606.0,Transfer Bank,Transfer Teman/Keluarga
545,2025-11-13,Tiket bioskop,Hiburan,Pengeluaran,38985.0,Transfer Bank,Hiburan
546,2024-08-20,Transfer teman,Transfer Teman/Keluarga,Pemasukan,102788.0,Kartu Debit,Transfer Teman/Keluarga
547,2026-04-15,Transfer teman,Transfer Teman/Keluarga,Pengeluaran,56929.0,Kartu Debit,Transfer Teman/Keluarga
548,2025-08-04,Transfer teman,Transfer Teman/Keluarga,Pemasukan,297433.0,E-Wallet,Transfer Teman/Keluarga
549,2026-01-30,Bonus,Gaji,Pemasukan,1558045.0,E-Wallet,Gaji
550,2025-12-19,Transfer teman,Transfer Teman/Keluarga,Pengeluaran,104978.0,Kartu Debit,Transfer Teman/Keluarga
551,2026-03-03,Gaji bulanan,Gaji,Pemasukan,6272723.0,Kartu Debit,Gaji
552,2025-06-25,Makan malam restoran,Makanan & Minuman,Pengeluaran,705589.0,Kartu Kredit,Makanan & Minuman
553,2024-07-16,Transfer teman,Transfer Teman/Keluarga,Pemasukan,286371.0,Transfer Bank,Transfer Teman/Keluarga
554,2026-04-06,Kirim uang keluarga,Transfer Teman/Keluarga,Pemasukan,136290.0,E-Wallet,Transfer Teman/Keluarga
555,2024-06-02,Transfer teman,Transfer Teman/Keluarga,Pemasukan,252282.0,Kartu Debit,Transfer Teman/Keluarga
556,2025-06-24,Ojek online,Transportasi,Pengeluaran,16023.0,E-Wallet,Transportasi
557,2025-06-15,Bonus,Gaji,Pemasukan,2221815.0,Transfer Bank,Gaji
558,2024-10-21,Gaji bulanan,Gaji,Pemasukan,6095681.0,Kartu Debit,Gaji
3507,2026-02-25,Pakaian baru,Belanja Bulanan,Pengeluaran,230003.0,Kartu Kredit,Belanja Bulanan
560,2026-03-15,Kirim uang keluarga,Transfer Teman/Keluarga,Pengeluaran,82184.0,E-Wallet,Transfer Teman/Keluarga
561,2025-12-19,Kirim uang keluarga,Transfer Teman/Keluarga,Pemasukan,156386.0,E-Wallet,Transfer Teman/Keluarga
562,2024-09-22,Bonus,Gaji,Pemasukan,1528267.0,Kartu Debit,Gaji
563,2026-03-19,Kirim uang keluarga,Transfer Teman/Keluarga,Pemasukan,186493.0,Transfer Bank,Transfer Teman/Keluarga
565,2025-10-03,Cloud storage,Pembayaran Langganan,Pengeluaran,53738.0,Kartu Kredit,Pembayaran Langganan
566,2025-02-09,Gaji bulanan,Gaji,Pemasukan,6108936.0,E-Wallet,Gaji
567,2025-08-28,Beli makan siang,Makanan & Minuman,Pengeluaran,175067.0,Kartu Kredit,Makanan & Minuman
568,2025-04-12,Service AC kos,Tempat Tinggal,Pengeluaran,51598.0,Tunai,Tempat Tinggal
569,2026-01-23,Netflix,Pembayaran Langganan,Pengeluaran,24267.0,Transfer Bank,Pembayaran Langganan
570,2024-07-04,Bonus,Gaji,Pemasukan,2247568.0,Transfer Bank,Gaji
571,2024-07-30,Paket data,Pulsa & Internet,Pengeluaran,85019.0,E-Wallet,Pulsa & Internet
572,2024-09-24,Transfer teman,Transfer Teman/Keluarga,Pengeluaran,132997.0,E-Wallet,Transfer Teman/Keluarga
573,2024-08-13,Langganan streaming,Hiburan,Pengeluaran,35641.0,Kartu Debit,Hiburan
574,2025-06-24,Kirim uang keluarga,Transfer Teman/Keluarga,Pemasukan,231210.0,E-Wallet,Transfer Teman/Keluarga
575,2025-03-07,Spotify Premium,Pembayaran Langganan,Pengeluaran,27562.0,Lainnya,Pembayaran Langganan
576,2025-07-19,Kirim uang keluarga,Transfer Teman/Keluarga,Pemasukan,50079.0,E-Wallet,Transfer Teman/Keluarga
577,2025-12-08,Bonus,Gaji,Pemasukan,1626965.0,Transfer Bank,Gaji
578,2024-07-21,Kirim uang keluarga,Transfer Teman/Keluarga,Pemasukan,74494.0,Transfer Bank,Transfer Teman/Keluarga
579,2026-05-06,Bonus,Gaji,Pemasukan,1321232.0,E-Wallet,Gaji
580,2025-02-15,Bonus,Gaji,Pemasukan,1846751.0,Lainnya,Gaji
581,2025-08-22,Transfer teman,Transfer Teman/Keluarga,Pemasukan,208087.0,Transfer Bank,Transfer Teman/Keluarga
582,2026-04-30,Bonus,Gaji,Pemasukan,1456176.0,E-Wallet,Gaji
583,2026-04-20,Gaji bulanan,Gaji,Pemasukan,6011952.0,Kartu Debit,Gaji
584,2025-04-06,Pakaian baru,Belanja Bulanan,Pengeluaran,221443.0,Transfer Bank,Belanja Bulanan
585,2025-11-05,Belanja kebutuhan pokok,Belanja Bulanan,Pengeluaran,277321.0,Transfer Bank,Belanja Bulanan
586,2025-07-15,Gaji bulanan,Gaji,Pemasukan,6281307.0,Kartu Debit,Gaji
587,2024-09-10,Kirim uang keluarga,Transfer Teman/Keluarga,Pemasukan,170739.0,E-Wallet,Transfer Teman/Keluarga
588,2024-12-15,Transfer teman,Transfer Teman/Keluarga,Pemasukan,126035.0,Transfer Bank,Transfer Teman/Keluarga
589,2024-10-10,Gaji bulanan,Gaji,Pemasukan,6310083.0,Kartu Debit,Gaji
590,2024-09-13,Paket data,Pulsa & Internet,Pengeluaran,110674.0,Kartu Kredit,Pulsa & Internet
591,2024-07-31,Liburan,Hiburan,Pengeluaran,445280.0,E-Wallet,Hiburan
592,2026-05-18,Kirim uang keluarga,Transfer Teman/Keluarga,Pemasukan,110956.0,E-Wallet,Transfer Teman/Keluarga
593,2025-11-29,Bonus,Gaji,Pemasukan,2398147.0,Transfer Bank,Gaji
594,2024-07-02,Kirim uang keluarga,Transfer Teman/Keluarga,Pemasukan,55758.0,Transfer Bank,Transfer Teman/Keluarga
595,2024-07-21,Langganan streaming,Hiburan,Pengeluaran,42122.0,Transfer Bank,Hiburan
596,2025-07-11,Kirim uang keluarga,Transfer Teman/Keluarga,Pemasukan,240483.0,Transfer Bank,Transfer Teman/Keluarga
597,2024-12-26,Bonus,Gaji,Pemasukan,1376041.0,E-Wallet,Gaji
598,2024-09-04,Taksi,Transportasi,Pengeluaran,74177.0,Tunai,Transportasi
599,2025-07-21,Transfer teman,Transfer Teman/Keluarga,Pengeluaran,84458.0,E-Wallet,Transfer Teman/Keluarga
600,2025-03-29,Iuran lingkungan,Tempat Tinggal,Pengeluaran,51618.0,Transfer Bank,Tempat Tinggal
601,2026-01-13,Bonus,Gaji,Pemasukan,2062670.0,Kartu Debit,Gaji
602,2025-03-14,Transfer teman,Transfer Teman/Keluarga,Pengeluaran,193490.0,E-Wallet,Transfer Teman/Keluarga
603,2025-04-27,Kirim uang keluarga,Transfer Teman/Keluarga,Pemasukan,161091.0,Kartu Debit,Transfer Teman/Keluarga
604,2025-04-01,Kirim uang keluarga,Transfer Teman/Keluarga,Pemasukan,299234.0,Kartu Debit,Transfer Teman/Keluarga
605,2025-08-27,Transfer teman,Transfer Teman/Keluarga,Pemasukan,109372.0,Transfer Bank,Transfer Teman/Keluarga
606,2025-06-30,Gaji bulanan,Gaji,Pemasukan,6035534.0,E-Wallet,Gaji
607,2025-12-08,Kirim uang keluarga,Transfer Teman/Keluarga,Pemasukan,150067.0,Transfer Bank,Transfer Teman/Keluarga
608,2025-11-04,Makan malam restoran,Makanan & Minuman,Pengeluaran,458933.0,Kartu Kredit,Makanan & Minuman
609,2024-06-21,Makan malam restoran,Makanan & Minuman,Pengeluaran,466166.0,E-Wallet,Makanan & Minuman
610,2025-03-24,Gym membership,Pembayaran Langganan,Pengeluaran,200982.0,E-Wallet,Pembayaran Langganan
611,2025-11-03,Tiket KRL,Transportasi,Pengeluaran,57277.0,Kartu Debit,Transportasi
612,2026-04-30,Kirim uang keluarga,Transfer Teman/Keluarga,Pemasukan,177327.0,E-Wallet,Transfer Teman/Keluarga
613,2026-05-11,Makan malam restoran,Makanan & Minuman,Pengeluaran,402623.0,Transfer Bank,Makanan & Minuman
614,2026-02-12,Gaji bulanan,Gaji,Pemasukan,6460555.0,Kartu Debit,Gaji
615,2024-11-15,Liburan,Hiburan,Pengeluaran,304433.0,Transfer Bank,Hiburan
616,2025-04-08,Bonus,Gaji,Pemasukan,1277416.0,Transfer Bank,Gaji
617,2025-10-09,Kirim uang keluarga,Transfer Teman/Keluarga,Pemasukan,50931.0,E-Wallet,Transfer Teman/Keluarga
618,2025-02-15,Kirim uang keluarga,Transfer Teman/Keluarga,Pemasukan,54278.0,Transfer Bank,Transfer Teman/Keluarga
619,2025-10-15,Kirim uang keluarga,Transfer Teman/Keluarga,Pengeluaran,298026.0,Transfer Bank,Transfer Teman/Keluarga
620,2024-12-28,Bonus,Gaji,Pemasukan,1268379.0,Kartu Debit,Gaji
621,2025-06-05,Paket data,Pulsa & Internet,Pengeluaran,135466.0,Transfer Bank,Pulsa & Internet
622,2024-10-24,Bonus,Gaji,Pemasukan,1448738.0,Kartu Debit,Gaji
623,2026-03-21,Netflix,Pembayaran Langganan,Pengeluaran,27679.0,Kartu Debit,Pembayaran Langganan
624,2025-10-02,Bonus,Gaji,Pemasukan,1592510.0,Transfer Bank,Gaji
625,2024-06-01,Kirim uang keluarga,Transfer Teman/Keluarga,Pemasukan,70692.0,E-Wallet,Transfer Teman/Keluarga
626,2025-09-27,Ojek online,Transportasi,Pengeluaran,46426.0,Tunai,Transportasi
627,2024-06-20,Bonus,Gaji,Pemasukan,2140837.0,Transfer Bank,Gaji
628,2024-10-17,Bayar kos,Tempat Tinggal,Pengeluaran,857773.0,E-Wallet,Tempat Tinggal
629,2024-07-29,Bonus,Gaji,Pemasukan,1404244.0,E-Wallet,Gaji
630,2025-02-18,Ojek online,Transportasi,Pengeluaran,94564.0,E-Wallet,Transportasi
631,2024-10-25,Transfer teman,Transfer Teman/Keluarga,Pemasukan,265807.0,E-Wallet,Transfer Teman/Keluarga
632,2025-10-20,Transfer teman,Transfer Teman/Keluarga,Pemasukan,151681.0,Kartu Debit,Transfer Teman/Keluarga
633,2025-11-13,Transfer teman,Transfer Teman/Keluarga,Pengeluaran,192114.0,Transfer Bank,Transfer Teman/Keluarga
634,2024-07-13,Kirim uang keluarga,Transfer Teman/Keluarga,Pengeluaran,175974.5,Kartu Debit,Transfer Teman/Keluarga
635,2026-01-26,Pakaian baru,Belanja Bulanan,Pengeluaran,244160.0,Transfer Bank,Belanja Bulanan
636,2026-04-22,Belanja kebutuhan pokok,Belanja Bulanan,Pengeluaran,346473.0,Kartu Debit,Belanja Bulanan
637,2024-06-02,Tiket bioskop,Hiburan,Pengeluaran,48759.0,Kartu Kredit,Hiburan
638,2026-05-10,Netflix,Pembayaran Langganan,Pengeluaran,24756.0,E-Wallet,Pembayaran Langganan
639,2025-12-15,Transfer teman,Transfer Teman/Keluarga,Pemasukan,187016.0,Transfer Bank,Transfer Teman/Keluarga
640,2026-03-28,Kirim uang keluarga,Transfer Teman/Keluarga,Pengeluaran,138555.0,E-Wallet,Transfer Teman/Keluarga
641,2025-04-30,Kirim uang keluarga,Transfer Teman/Keluarga,Pemasukan,144499.0,E-Wallet,Transfer Teman/Keluarga
642,2025-07-07,Transfer teman,Transfer Teman/Keluarga,Pemasukan,241449.0,Kartu Debit,Transfer Teman/Keluarga
643,2025-01-25,Bayar kos,Tempat Tinggal,Pengeluaran,831049.0,Tunai,Tempat Tinggal
644,2025-08-29,Transfer teman,Transfer Teman/Keluarga,Pengeluaran,125938.0,E-Wallet,Transfer Teman/Keluarga
645,2025-03-19,Pulsa prabayar,Pulsa & Internet,Pengeluaran,99167.0,Kartu Kredit,Pulsa & Internet
646,2024-06-02,Tiket bioskop,Hiburan,Pengeluaran,31486.0,Transfer Bank,Hiburan
647,2026-02-06,Gaji bulanan,Gaji,Pemasukan,6080645.0,E-Wallet,Gaji
648,2026-01-26,Gaji bulanan,Gaji,Pemasukan,6320898.0,E-Wallet,Gaji
649,2025-06-18,Gaji bulanan,Gaji,Pemasukan,6028124.0,Transfer Bank,Gaji
650,2026-04-22,Makanan & Minuman,Makanan & Minuman,Pengeluaran,154261.0,Transfer Bank,Makanan & Minuman
651,2024-11-15,Taksi,Transportasi,Pengeluaran,23763.0,Tunai,Transportasi
652,2025-12-23,Bensin,Transportasi,Pengeluaran,80926.0,Kartu Debit,Transportasi
653,2025-12-17,Pakaian baru,Belanja Bulanan,Pengeluaran,336315.0,Transfer Bank,Belanja Bulanan
654,2025-07-23,Pulsa prabayar,Pulsa & Internet,Pengeluaran,121652.0,Kartu Debit,Pulsa & Internet
655,2025-05-10,Kirim uang keluarga,Transfer Teman/Keluarga,Pemasukan,162180.0,E-Wallet,Transfer Teman/Keluarga
656,2025-02-09,Service AC kos,Tempat Tinggal,Pengeluaran,50999.0,Tunai,Tempat Tinggal
657,2025-12-04,Kirim uang keluarga,Transfer Teman/Keluarga,Pemasukan,278550.0,Transfer Bank,Transfer Teman/Keluarga
658,2024-10-09,Beli makan siang,Makanan & Minuman,Pengeluaran,43915.0,Kartu Debit,Makanan & Minuman
659,2025-11-16,Transfer Teman/Keluarga,Transfer Teman/Keluarga,Pemasukan,68931.0,Kartu Debit,Transfer Teman/Keluarga
660,2026-02-08,Bayar kos,Tempat Tinggal,Pengeluaran,959785.0,Transfer Bank,Tempat Tinggal
661,2026-05-25,Bonus,Gaji,Pemasukan,1139689.0,Kartu Debit,Gaji
662,2025-12-02,Service AC kos,Tempat Tinggal,Pengeluaran,51548.0,Transfer Bank,Tempat Tinggal
663,2024-09-29,Kirim uang keluarga,Transfer Teman/Keluarga,Pengeluaran,149140.0,Transfer Bank,Transfer Teman/Keluarga
664,2025-02-04,Belanja kebutuhan pokok,Belanja Bulanan,Pengeluaran,346597.0,Tunai,Belanja Bulanan
665,2024-06-15,Bonus,Gaji,Pemasukan,2478529.0,Transfer Bank,Gaji
666,2025-01-13,Kirim uang keluarga,Transfer Teman/Keluarga,Pemasukan,211658.0,E-Wallet,Transfer Teman/Keluarga
667,2025-08-30,Tagihan internet,Pulsa & Internet,Pengeluaran,109821.0,Kartu Debit,Pulsa & Internet
668,2025-04-07,Transfer teman,Transfer Teman/Keluarga,Pemasukan,124907.0,Kartu Debit,Transfer Teman/Keluarga
669,2024-11-13,Netflix,Pembayaran Langganan,Pengeluaran,25491.0,E-Wallet,Pembayaran Langganan
670,2025-03-14,Gaji bulanan,Gaji,Pemasukan,6208677.0,E-Wallet,Gaji
671,2026-05-10,Kopi,Makanan & Minuman,Pengeluaran,21091.0,Kartu Kredit,Makanan & Minuman
672,2024-12-09,Pulsa prabayar,Pulsa & Internet,Pengeluaran,63484.0,Kartu Kredit,Pulsa & Internet
673,2026-03-26,Service AC kos,Tempat Tinggal,Pengeluaran,51911.0,Tunai,Tempat Tinggal
674,2025-08-31,Tagihan internet,Pulsa & Internet,Pengeluaran,104733.0,E-Wallet,Pulsa & Internet
675,2026-01-22,Kirim uang keluarga,Transfer Teman/Keluarga,Pemasukan,284199.0,Transfer Bank,Transfer Teman/Keluarga
676,2025-02-15,Kirim uang keluarga,Transfer Teman/Keluarga,Pemasukan,266884.0,E-Wallet,Transfer Teman/Keluarga
677,2026-02-13,Kirim uang keluarga,Transfer Teman/Keluarga,Pemasukan,241855.0,Kartu Debit,Transfer Teman/Keluarga
678,2026-05-05,Kirim uang keluarga,Transfer Teman/Keluarga,Pengeluaran,129462.0,Transfer Bank,Transfer Teman/Keluarga
679,2024-09-11,Ojek online,Transportasi,Pengeluaran,15829.0,Kartu Debit,Transportasi
680,2025-02-16,Transfer teman,Transfer Teman/Keluarga,Pemasukan,84180.0,E-Wallet,Transfer Teman/Keluarga
681,2025-11-02,Bonus,Gaji,Pemasukan,1636844.0,Transfer Bank,Gaji
682,2026-03-22,Pakaian baru,Belanja Bulanan,Pengeluaran,494189.0,E-Wallet,Belanja Bulanan
683,2026-02-10,Gaji bulanan,Gaji,Pemasukan,6159902.0,E-Wallet,Gaji
684,2024-06-28,Bonus,Gaji,Pemasukan,1490499.0,Transfer Bank,Gaji
685,2024-11-08,Kirim uang keluarga,Transfer Teman/Keluarga,Pemasukan,281322.0,Transfer Bank,Transfer Teman/Keluarga
686,2026-03-27,Bonus,Gaji,Pemasukan,1908649.0,Kartu Debit,Gaji
687,2024-12-25,Paket data,Pulsa & Internet,Pengeluaran,56173.0,Kartu Debit,Pulsa & Internet
688,2024-10-23,Tempat Tinggal,Tempat Tinggal,Pengeluaran,50942.0,Tunai,Tempat Tinggal
689,2024-06-23,Gaji bulanan,Gaji,Pemasukan,6233362.0,Kartu Debit,Gaji
690,2024-08-01,Gaji bulanan,Gaji,Pemasukan,6461765.0,Transfer Bank,Gaji
691,2025-08-06,Gaji bulanan,Gaji,Pemasukan,6444333.0,Transfer Bank,Gaji
692,2025-06-29,Pakaian baru,Belanja Bulanan,Pengeluaran,272361.0,Tunai,Belanja Bulanan
693,2025-03-05,Tiket KRL,Transportasi,Pengeluaran,41259.0,E-Wallet,Transportasi
694,2024-11-11,Bonus,Gaji,Pemasukan,2189184.0,Transfer Bank,Gaji
695,2024-11-19,Gaji bulanan,Gaji,Pemasukan,6393188.0,Kartu Debit,Gaji
696,2025-09-20,Kopi,Makanan & Minuman,Pengeluaran,44283.0,Tunai,Makanan & Minuman
697,2025-09-12,Bonus,Gaji,Pemasukan,1734588.0,Kartu Debit,Gaji
698,2025-05-07,Gaji bulanan,Gaji,Pemasukan,6102591.0,E-Wallet,Gaji
699,2025-08-06,Bonus,Gaji,Pemasukan,2622862.0,E-Wallet,Gaji
700,2025-03-11,Makan malam restoran,Makanan & Minuman,Pengeluaran,451055.0,Kartu Kredit,Makanan & Minuman
701,2026-05-26,Bayar kos,Tempat Tinggal,Pengeluaran,850299.0,Transfer Bank,Tempat Tinggal
702,2025-01-12,Transfer teman,Transfer Teman/Keluarga,Pemasukan,138420.0,Kartu Debit,Transfer Teman/Keluarga
703,2025-04-09,Belanja kebutuhan pokok,Belanja Bulanan,Pengeluaran,249762.0,E-Wallet,Belanja Bulanan
704,2025-12-14,Paket data,Pulsa & Internet,Pengeluaran,117633.0,Kartu Kredit,Pulsa & Internet
705,2024-11-25,Tagihan internet,Pulsa & Internet,Pengeluaran,97101.0,Transfer Bank,Pulsa & Internet
706,2024-12-30,Iuran lingkungan,Tempat Tinggal,Pengeluaran,50582.0,E-Wallet,Tempat Tinggal
707,2026-05-11,Bensin,Transportasi,Pengeluaran,29504.0,Tunai,Transportasi
708,2026-01-01,Langganan streaming,Hiburan,Pengeluaran,48898.0,E-Wallet,Hiburan
709,2025-08-12,Transfer teman,Transfer Teman/Keluarga,Pengeluaran,69952.0,Transfer Bank,Transfer Teman/Keluarga
710,2026-03-30,Kirim uang keluarga,Transfer Teman/Keluarga,Pemasukan,147508.0,E-Wallet,Transfer Teman/Keluarga
711,2024-11-13,Gaji bulanan,Gaji,Pemasukan,6158065.0,E-Wallet,Gaji
712,2025-04-25,Ojek online,Transportasi,Pengeluaran,76152.0,E-Wallet,Transportasi
713,2024-09-29,Transfer teman,Transfer Teman/Keluarga,Pemasukan,173807.0,Kartu Debit,Transfer Teman/Keluarga
714,2025-03-24,Belanja kebutuhan pokok,Belanja Bulanan,Pengeluaran,204347.0,E-Wallet,Belanja Bulanan
715,2026-05-14,Pakaian baru,Belanja Bulanan,Pengeluaran,483442.0,Tunai,Belanja Bulanan
716,2025-07-22,Bonus,Gaji,Pemasukan,1408240.0,Transfer Bank,Gaji
717,2025-10-24,Transfer teman,Transfer Teman/Keluarga,Pengeluaran,253896.0,E-Wallet,Transfer Teman/Keluarga
718,2026-01-22,Transfer teman,Transfer Teman/Keluarga,Pemasukan,100572.0,Transfer Bank,Transfer Teman/Keluarga
719,2025-03-28,Gaji bulanan,Gaji,Pemasukan,6422946.0,Transfer Bank,Gaji
720,2024-08-02,Transfer teman,Transfer Teman/Keluarga,Pemasukan,113365.0,Kartu Debit,Transfer Teman/Keluarga
721,2024-09-15,Transfer teman,Transfer Teman/Keluarga,Pemasukan,274937.0,Kartu Debit,Transfer Teman/Keluarga
722,2025-05-30,Tiket bioskop,Hiburan,Pengeluaran,38906.0,Kartu Debit,Hiburan
723,2025-11-13,Langganan streaming,Hiburan,Pengeluaran,44420.0,E-Wallet,Hiburan
724,2024-11-14,Kirim uang keluarga,Transfer Teman/Keluarga,Pemasukan,293728.0,Transfer Bank,Transfer Teman/Keluarga
725,2025-09-29,Transfer teman,Transfer Teman/Keluarga,Pemasukan,297931.0,Kartu Debit,Transfer Teman/Keluarga
726,2026-04-06,Gym membership,Pembayaran Langganan,Pengeluaran,200448.0,Kartu Debit,Pembayaran Langganan
727,2025-04-17,Tagihan internet,Pulsa & Internet,Pengeluaran,112671.0,Kartu Kredit,Pulsa & Internet
728,2025-05-27,Bonus,Gaji,Pemasukan,1036818.0,E-Wallet,Gaji
729,2024-08-11,Transfer teman,Transfer Teman/Keluarga,Pengeluaran,128708.0,Transfer Bank,Transfer Teman/Keluarga
730,2026-05-20,Belanja dapur,Makanan & Minuman,Pengeluaran,282750.0,Tunai,Makanan & Minuman
731,2025-03-14,Transfer teman,Transfer Teman/Keluarga,Pengeluaran,232907.0,E-Wallet,Transfer Teman/Keluarga
732,2025-01-27,Transfer teman,Transfer Teman/Keluarga,Pemasukan,55842.0,E-Wallet,Transfer Teman/Keluarga
733,2026-01-21,Belanja kebutuhan pokok,Belanja Bulanan,Pengeluaran,439294.0,Kartu Kredit,Belanja Bulanan
734,2026-01-15,Pulsa prabayar,Pulsa & Internet,Pengeluaran,104118.0,Kartu Debit,Pulsa & Internet
735,2026-01-01,Transfer teman,Transfer Teman/Keluarga,Pemasukan,51514.0,E-Wallet,Transfer Teman/Keluarga
3508,2024-12-12,Bonus,Gaji,Pemasukan,1280147.0,Transfer Bank,Gaji
737,2024-11-03,Netflix,Pembayaran Langganan,Pengeluaran,22502.0,E-Wallet,Pembayaran Langganan
738,2025-09-03,Bonus,Gaji,Pemasukan,2701278.0,E-Wallet,Gaji
739,2025-01-18,Transfer teman,Transfer Teman/Keluarga,Pemasukan,227734.0,Transfer Bank,Transfer Teman/Keluarga
740,2025-05-28,Kirim uang keluarga,Transfer Teman/Keluarga,Pengeluaran,204265.0,Kartu Debit,Transfer Teman/Keluarga
741,2025-05-12,Makan malam restoran,Makanan & Minuman,Pengeluaran,450248.0,Kartu Kredit,Makanan & Minuman
742,2025-03-22,Transfer teman,Transfer Teman/Keluarga,Pemasukan,104448.0,Kartu Debit,Transfer Teman/Keluarga
743,2024-12-16,Netflix,Pembayaran Langganan,Pengeluaran,29885.0,Kartu Debit,Pembayaran Langganan
744,2024-06-29,Service AC kos,Tempat Tinggal,Pengeluaran,51433.0,Transfer Bank,Tempat Tinggal
745,2024-11-25,Kirim uang keluarga,Transfer Teman/Keluarga,Pemasukan,174684.0,Kartu Debit,Transfer Teman/Keluarga
746,2026-03-05,Paket data,Pulsa & Internet,Pengeluaran,93653.0,Kartu Kredit,Pulsa & Internet
747,2025-12-19,Service AC kos,Tempat Tinggal,Pengeluaran,50848.0,E-Wallet,Tempat Tinggal
748,2025-02-03,Transfer teman,Transfer Teman/Keluarga,Pemasukan,268604.0,E-Wallet,Transfer Teman/Keluarga
749,2026-03-06,Gaji bulanan,Gaji,Pemasukan,6257819.0,Transfer Bank,Gaji
750,2024-07-11,Paket data,Pulsa & Internet,Pengeluaran,121722.0,Lainnya,Pulsa & Internet
751,2024-07-22,Kirim uang keluarga,Transfer Teman/Keluarga,Pemasukan,234850.0,Transfer Bank,Transfer Teman/Keluarga
752,2025-07-15,Gaji bulanan,Gaji,Pemasukan,6484876.0,E-Wallet,Gaji
753,2024-11-14,Kirim uang keluarga,Transfer Teman/Keluarga,Pengeluaran,187207.0,E-Wallet,Transfer Teman/Keluarga
754,2024-12-25,Kirim uang keluarga,Transfer Teman/Keluarga,Pengeluaran,66658.0,Kartu Debit,Transfer Teman/Keluarga
755,2025-11-09,Netflix,Pembayaran Langganan,Pengeluaran,25566.0,Kartu Kredit,Pembayaran Langganan
756,2024-08-30,Bonus,Gaji,Pemasukan,2634025.0,E-Wallet,Gaji
757,2026-01-16,Bonus,Gaji,Pemasukan,1341360.0,E-Wallet,Gaji
758,2025-07-17,Langganan streaming,Hiburan,Pengeluaran,30490.0,Kartu Kredit,Hiburan
759,2024-05-28,Kirim uang keluarga,Transfer Teman/Keluarga,Pemasukan,266531.0,Transfer Bank,Transfer Teman/Keluarga
760,2025-06-14,Transfer teman,Transfer Teman/Keluarga,Pemasukan,71314.0,Kartu Debit,Transfer Teman/Keluarga
761,2025-12-06,Service AC kos,Tempat Tinggal,Pengeluaran,50293.0,E-Wallet,Tempat Tinggal
762,2025-10-19,Gaji bulanan,Gaji,Pemasukan,6208572.0,Kartu Debit,Gaji
763,2026-02-24,Kirim uang keluarga,Transfer Teman/Keluarga,Pemasukan,256222.0,Transfer Bank,Transfer Teman/Keluarga
764,2026-02-21,Kirim uang keluarga,Transfer Teman/Keluarga,Pemasukan,77830.0,Transfer Bank,Transfer Teman/Keluarga
765,2024-08-07,Spotify Premium,Pembayaran Langganan,Pengeluaran,20871.0,E-Wallet,Pembayaran Langganan
766,2024-11-08,Bayar kos,Tempat Tinggal,Pengeluaran,904651.0,Transfer Bank,Tempat Tinggal
767,2025-08-07,Transfer teman,Transfer Teman/Keluarga,Pemasukan,296651.0,Kartu Debit,Transfer Teman/Keluarga
768,2025-03-04,Bonus,Gaji,Pemasukan,2418459.0,E-Wallet,Gaji
769,2025-06-12,Transfer teman,Transfer Teman/Keluarga,Pengeluaran,171404.0,E-Wallet,Transfer Teman/Keluarga
770,2025-04-17,Transfer teman,Transfer Teman/Keluarga,Pemasukan,95252.0,Kartu Debit,Transfer Teman/Keluarga
771,2026-02-23,Cloud storage,Pembayaran Langganan,Pengeluaran,53900.0,Kartu Kredit,Pembayaran Langganan
772,2026-05-07,Gaji bulanan,Gaji,Pemasukan,6337330.0,Kartu Debit,Gaji
773,2025-05-27,Kirim uang keluarga,Transfer Teman/Keluarga,Pemasukan,100260.0,Transfer Bank,Transfer Teman/Keluarga
774,2025-04-03,Beli makan siang,Makanan & Minuman,Pengeluaran,194692.0,Kartu Debit,Makanan & Minuman
775,2025-12-20,Kirim uang keluarga,Transfer Teman/Keluarga,Pemasukan,280561.0,Kartu Debit,Transfer Teman/Keluarga
776,2025-11-23,Kirim uang keluarga,Transfer Teman/Keluarga,Pemasukan,289899.0,Kartu Debit,Transfer Teman/Keluarga
777,2025-11-08,Bonus,Gaji,Pengeluaran,2238951.0,Kartu Debit,Gaji
778,2024-10-02,Konser,Hiburan,Pengeluaran,402898.0,Kartu Kredit,Hiburan
779,2025-03-27,Transfer teman,Transfer Teman/Keluarga,Pemasukan,225199.0,E-Wallet,Transfer Teman/Keluarga
780,2025-09-01,Bonus,Gaji,Pemasukan,2794405.0,Kartu Debit,Gaji
781,2025-05-26,Belanja Bulanan,Belanja Bulanan,Pengeluaran,387501.0,Tunai,Belanja Bulanan
782,2025-02-04,Service AC kos,Tempat Tinggal,Pengeluaran,51400.0,Transfer Bank,Tempat Tinggal
783,2025-11-24,Perlengkapan rumah,Belanja Bulanan,Pengeluaran,212901.0,Kartu Kredit,Belanja Bulanan
784,2026-05-24,Jajan,Makanan & Minuman,Pengeluaran,32295.0,Kartu Debit,Makanan & Minuman
785,2024-11-06,Iuran lingkungan,Tempat Tinggal,Pengeluaran,50349.0,E-Wallet,Tempat Tinggal
786,2026-05-01,Perlengkapan rumah,Belanja Bulanan,Pengeluaran,413446.0,Kartu Debit,Belanja Bulanan
787,2025-08-19,Ojek online,Transportasi,Pengeluaran,48203.0,Kartu Debit,Transportasi
788,2025-07-01,Kirim uang keluarga,Transfer Teman/Keluarga,Pemasukan,157003.0,E-Wallet,Transfer Teman/Keluarga
789,2025-06-03,Pulsa prabayar,Pulsa & Internet,Pengeluaran,50405.0,Kartu Debit,Pulsa & Internet
790,2024-11-11,Transfer teman,Transfer Teman/Keluarga,Pemasukan,285676.0,Transfer Bank,Transfer Teman/Keluarga
791,2024-12-30,Service AC kos,Tempat Tinggal,Pengeluaran,51385.0,E-Wallet,Tempat Tinggal
792,2026-01-01,Kirim uang keluarga,Transfer Teman/Keluarga,Pemasukan,66251.0,Kartu Debit,Transfer Teman/Keluarga
793,2025-10-23,Tiket KRL,Transportasi,Pengeluaran,69520.0,Tunai,Transportasi
794,2024-07-27,Transfer teman,Transfer Teman/Keluarga,Pemasukan,217561.0,E-Wallet,Transfer Teman/Keluarga
795,2024-08-14,Taksi,Transportasi,Pengeluaran,50772.0,Tunai,Transportasi
796,2026-05-05,Bonus,Gaji,Pemasukan,2557416.0,Transfer Bank,Gaji
797,2025-09-05,Kirim uang keluarga,Transfer Teman/Keluarga,Pemasukan,262789.0,Transfer Bank,Transfer Teman/Keluarga
798,2025-09-25,Service AC kos,Tempat Tinggal,Pengeluaran,50360.0,Transfer Bank,Tempat Tinggal
799,2024-08-26,Transfer teman,Transfer Teman/Keluarga,Pengeluaran,191301.0,Kartu Debit,Transfer Teman/Keluarga
800,2026-01-01,Gaji bulanan,Gaji,Pemasukan,6086621.0,Transfer Bank,Gaji
801,2025-05-31,Bonus,Gaji,Pemasukan,2458889.0,Transfer Bank,Gaji
802,2025-10-16,Gaji bulanan,Gaji,Pemasukan,6337080.0,Transfer Bank,Gaji
803,2025-05-11,Belanja kebutuhan pokok,Belanja Bulanan,Pengeluaran,201931.0,Kartu Debit,Belanja Bulanan
804,2025-12-30,Gaji bulanan,Gaji,Pemasukan,6413881.0,E-Wallet,Gaji
805,2025-10-05,Cloud storage,Pembayaran Langganan,Pengeluaran,53044.0,Kartu Kredit,Pembayaran Langganan
806,2026-05-11,Langganan streaming,Hiburan,Pengeluaran,46886.0,E-Wallet,Hiburan
807,2024-07-16,Kirim uang keluarga,Transfer Teman/Keluarga,Pemasukan,115497.0,E-Wallet,Transfer Teman/Keluarga
808,2025-04-21,Netflix,Pembayaran Langganan,Pengeluaran,26536.0,Kartu Kredit,Pembayaran Langganan
809,2025-06-11,Jajan,Makanan & Minuman,Pengeluaran,49540.0,Kartu Kredit,Makanan & Minuman
810,2024-10-24,Transfer teman,Transfer Teman/Keluarga,Pemasukan,134790.0,E-Wallet,Transfer Teman/Keluarga
811,2025-06-25,Transfer teman,Transfer Teman/Keluarga,Pemasukan,287865.0,Transfer Bank,Transfer Teman/Keluarga
812,2026-01-18,Kirim uang keluarga,Transfer Teman/Keluarga,Pemasukan,176662.0,E-Wallet,Transfer Teman/Keluarga
813,2024-10-27,Kopi,Makanan & Minuman,Pengeluaran,45353.0,Kartu Kredit,Makanan & Minuman
814,2024-09-16,Kirim uang keluarga,Transfer Teman/Keluarga,Pemasukan,217611.0,Kartu Debit,Transfer Teman/Keluarga
815,2024-07-28,Kirim uang keluarga,Transfer Teman/Keluarga,Pemasukan,120043.0,Transfer Bank,Transfer Teman/Keluarga
816,2025-06-01,Transfer teman,Transfer Teman/Keluarga,Pemasukan,75894.0,Transfer Bank,Transfer Teman/Keluarga
817,2025-07-15,Transfer teman,Transfer Teman/Keluarga,Pengeluaran,187702.0,Transfer Bank,Transfer Teman/Keluarga
818,2026-04-09,Bayar kos,Tempat Tinggal,Pengeluaran,980908.0,Transfer Bank,Tempat Tinggal
819,2024-08-08,Pulsa prabayar,Pulsa & Internet,Pengeluaran,115051.0,Transfer Bank,Pulsa & Internet
820,2025-03-16,Bonus,Gaji,Pemasukan,2462165.0,Transfer Bank,Gaji
821,2025-09-14,Ojek online,Transportasi,Pengeluaran,49887.0,Tunai,Transportasi
822,2025-11-14,Paket data,Pulsa & Internet,Pengeluaran,93318.0,Kartu Kredit,Pulsa & Internet
823,2024-06-21,Jajan,Makanan & Minuman,Pengeluaran,38608.0,Kartu Debit,Makanan & Minuman
824,2024-09-27,Gaji bulanan,Gaji,Pemasukan,6221904.0,Kartu Debit,Gaji
825,2024-12-27,Bonus,Gaji,Pemasukan,2520640.0,Transfer Bank,Gaji
826,2025-02-12,Transfer teman,Transfer Teman/Keluarga,Pemasukan,214021.0,Transfer Bank,Transfer Teman/Keluarga
827,2025-01-07,Perlengkapan rumah,Belanja Bulanan,Pengeluaran,356966.0,Kartu Kredit,Belanja Bulanan
828,2024-09-30,Gaji bulanan,Gaji,Pemasukan,6178988.0,E-Wallet,Gaji
829,2025-10-04,Iuran lingkungan,Tempat Tinggal,Pengeluaran,51365.0,E-Wallet,Tempat Tinggal
830,2025-07-29,Liburan,Hiburan,Pengeluaran,396510.0,Kartu Kredit,Hiburan
831,2025-03-14,Belanja dapur,Makanan & Minuman,Pengeluaran,597360.0,Kartu Kredit,Makanan & Minuman
832,2025-08-02,Pulsa prabayar,Pulsa & Internet,Pengeluaran,137347.0,E-Wallet,Pulsa & Internet
833,2025-08-04,Transfer teman,Transfer Teman/Keluarga,Pemasukan,299269.0,Transfer Bank,Transfer Teman/Keluarga
834,2024-07-30,Gaji bulanan,Gaji,Pemasukan,6146552.0,E-Wallet,Gaji
835,2025-07-11,Transfer teman,Transfer Teman/Keluarga,Pengeluaran,52654.0,E-Wallet,Transfer Teman/Keluarga
836,2025-11-21,Kirim uang keluarga,Transfer Teman/Keluarga,Pemasukan,61575.0,Kartu Debit,Transfer Teman/Keluarga
837,2024-07-18,Belanja dapur,Makanan & Minuman,Pengeluaran,252520.0,Kartu Kredit,Makanan & Minuman
838,2024-07-03,Transfer teman,Transfer Teman/Keluarga,Pemasukan,126619.0,E-Wallet,Transfer Teman/Keluarga
839,2025-01-01,Kirim uang keluarga,Transfer Teman/Keluarga,Pemasukan,222662.0,Transfer Bank,Transfer Teman/Keluarga
840,2025-01-16,Transfer teman,Transfer Teman/Keluarga,Pemasukan,293748.0,E-Wallet,Transfer Teman/Keluarga
841,2025-11-02,Taksi,Transportasi,Pengeluaran,52429.0,Tunai,Transportasi
842,2024-06-16,Kopi,Makanan & Minuman,Pengeluaran,28985.0,Kartu Debit,Makanan & Minuman
843,2025-08-26,Transfer teman,Transfer Teman/Keluarga,Pengeluaran,216643.0,Transfer Bank,Transfer Teman/Keluarga
844,2024-10-29,Bayar kos,Tempat Tinggal,Pengeluaran,821367.0,Tunai,Tempat Tinggal
845,2026-01-09,Pulsa prabayar,Pulsa & Internet,Pengeluaran,103229.0,Kartu Kredit,Pulsa & Internet
846,2025-12-11,Langganan streaming,Hiburan,Pengeluaran,46422.0,E-Wallet,Hiburan
847,2024-12-04,Taksi,Transportasi,Pengeluaran,59818.0,Transfer Bank,Transportasi
848,2024-11-23,Bonus,Gaji,Pemasukan,2334009.0,E-Wallet,Gaji
849,2025-02-08,Spotify Premium,Pembayaran Langganan,Pengeluaran,22190.0,Kartu Kredit,Pembayaran Langganan
850,2024-09-12,Perlengkapan rumah,Belanja Bulanan,Pengeluaran,342031.0,Transfer Bank,Belanja Bulanan
851,2025-01-20,Spotify Premium,Pembayaran Langganan,Pengeluaran,24375.0,Transfer Bank,Pembayaran Langganan
852,2024-07-08,Bensin,Transportasi,Pengeluaran,46384.0,Tunai,Transportasi
853,2025-10-01,Langganan streaming,Hiburan,Pengeluaran,44068.0,E-Wallet,Hiburan
854,2025-09-06,Tiket KRL,Transportasi,Pengeluaran,24196.0,Tunai,Transportasi
855,2025-06-25,Pakaian baru,Belanja Bulanan,Pengeluaran,472575.0,Tunai,Belanja Bulanan
856,2024-06-25,Kirim uang keluarga,Transfer Teman/Keluarga,Pemasukan,153567.0,Kartu Debit,Transfer Teman/Keluarga
857,2025-10-21,Iuran lingkungan,Tempat Tinggal,Pengeluaran,50534.0,E-Wallet,Tempat Tinggal
858,2025-10-16,Bayar kos,Tempat Tinggal,Pengeluaran,877594.0,Transfer Bank,Tempat Tinggal
859,2024-11-13,Pakaian baru,Belanja Bulanan,Pengeluaran,383353.0,Tunai,Belanja Bulanan
860,2025-03-14,Pakaian baru,Belanja Bulanan,Pengeluaran,499410.0,Kartu Kredit,Belanja Bulanan
861,2025-07-07,Transfer teman,Transfer Teman/Keluarga,Pemasukan,293785.0,E-Wallet,Transfer Teman/Keluarga
862,2026-01-24,Perlengkapan rumah,Belanja Bulanan,Pengeluaran,449144.0,Kartu Kredit,Belanja Bulanan
863,2026-01-05,Gaji bulanan,Gaji,Pemasukan,6387623.0,E-Wallet,Gaji
864,2024-08-15,Ojek online,Transportasi,Pengeluaran,12453.0,Transfer Bank,Transportasi
865,2026-05-06,Taksi,Transportasi,Pengeluaran,72211.0,Transfer Bank,Transportasi
866,2025-05-18,Ojek online,Transportasi,Pengeluaran,40205.0,E-Wallet,Transportasi
867,2026-02-02,Transfer teman,Transfer Teman/Keluarga,Pengeluaran,110591.0,Transfer Bank,Transfer Teman/Keluarga
869,2026-01-04,Transfer teman,Transfer Teman/Keluarga,Pemasukan,283233.0,Kartu Debit,Transfer Teman/Keluarga
870,2024-08-13,Kirim uang keluarga,Transfer Teman/Keluarga,Pengeluaran,212029.0,Kartu Debit,Transfer Teman/Keluarga
871,2025-07-30,Kirim uang keluarga,Transfer Teman/Keluarga,Pengeluaran,255326.0,E-Wallet,Transfer Teman/Keluarga
872,2025-07-11,Kirim uang keluarga,Transfer Teman/Keluarga,Pemasukan,111093.0,Transfer Bank,Transfer Teman/Keluarga
873,2026-03-24,Transfer teman,Transfer Teman/Keluarga,Pengeluaran,120617.0,E-Wallet,Transfer Teman/Keluarga
874,2026-04-24,Gaji bulanan,Gaji,Pemasukan,6397033.0,Transfer Bank,Gaji
875,2025-08-20,Bonus,Gaji,Pemasukan,2767906.0,Kartu Debit,Gaji
876,2025-03-12,Konser,Hiburan,Pengeluaran,431720.0,E-Wallet,Hiburan
877,2025-03-04,Bonus,Gaji,Pemasukan,2402552.0,Kartu Debit,Gaji
878,2025-10-21,Belanja dapur,Makanan & Minuman,Pengeluaran,537741.0,E-Wallet,Makanan & Minuman
879,2025-01-15,Gaji bulanan,Gaji,Pemasukan,6344983.0,Kartu Debit,Gaji
880,2025-10-13,Gaji bulanan,Gaji,Pemasukan,6341540.0,Kartu Debit,Gaji
881,2026-01-12,Cloud storage,Pembayaran Langganan,Pengeluaran,53158.0,E-Wallet,Pembayaran Langganan
882,2024-09-25,Taksi,Transportasi,Pengeluaran,36969.0,Transfer Bank,Transportasi
883,2024-10-15,Langganan streaming,Hiburan,Pengeluaran,30972.0,E-Wallet,Hiburan
884,2025-04-16,Bonus,Gaji,Pemasukan,1729656.0,Kartu Debit,Gaji
885,2024-12-21,Tiket bioskop,Hiburan,Pengeluaran,41677.0,Kartu Kredit,Hiburan
886,2025-06-25,Kirim uang keluarga,Transfer Teman/Keluarga,Pengeluaran,213061.0,E-Wallet,Transfer Teman/Keluarga
887,2025-04-06,Makan malam restoran,Makanan & Minuman,Pengeluaran,436209.0,E-Wallet,Makanan & Minuman
888,2024-09-20,Kirim uang keluarga,Transfer Teman/Keluarga,Pemasukan,50281.0,Transfer Bank,Transfer Teman/Keluarga
889,2024-08-16,Gaji bulanan,Gaji,Pemasukan,6270338.0,Kartu Debit,Gaji
890,2024-05-29,Gaji bulanan,Gaji,Pemasukan,6264520.0,E-Wallet,Gaji
891,2026-04-10,Bonus,Gaji,Pemasukan,2716060.0,Transfer Bank,Gaji
892,2024-05-28,Tiket bioskop,Hiburan,Pengeluaran,46856.0,Transfer Bank,Hiburan
893,2024-07-15,Konser,Hiburan,Pengeluaran,302637.0,E-Wallet,Hiburan
894,2025-12-15,Gaji bulanan,Gaji,Pemasukan,6014099.0,E-Wallet,Gaji
895,2024-11-21,Bensin,Transportasi,Pengeluaran,59961.0,Tunai,Transportasi
896,2024-11-28,Langganan streaming,Hiburan,Pengeluaran,30580.0,Transfer Bank,Hiburan
897,2024-11-01,Transfer teman,Transfer Teman/Keluarga,Pemasukan,177870.0,Transfer Bank,Transfer Teman/Keluarga
898,2025-04-10,Iuran lingkungan,Tempat Tinggal,Pengeluaran,51586.0,Transfer Bank,Tempat Tinggal
899,2025-08-25,Gaji bulanan,Gaji,Pemasukan,6170276.0,E-Wallet,Gaji
900,2025-10-02,Gaji bulanan,Gaji,Pemasukan,6073073.0,Transfer Bank,Gaji
901,2025-06-05,Tagihan internet,Pulsa & Internet,Pengeluaran,75888.0,Kartu Kredit,Pulsa & Internet
902,2026-03-03,Spotify Premium,Pembayaran Langganan,Pengeluaran,21696.0,Transfer Bank,Pembayaran Langganan
903,2026-01-12,Service AC kos,Tempat Tinggal,Pengeluaran,51382.0,Kartu Debit,Tempat Tinggal
904,2025-04-29,Bonus,Gaji,Pemasukan,2637476.0,E-Wallet,Gaji
905,2026-04-14,Gaji bulanan,Gaji,Pemasukan,6498091.0,Kartu Debit,Gaji
906,2024-09-19,Iuran lingkungan,Tempat Tinggal,Pengeluaran,51539.0,Kartu Debit,Tempat Tinggal
907,2025-11-02,Gaji bulanan,Gaji,Pemasukan,6072076.0,E-Wallet,Gaji
908,2024-07-31,Gaji bulanan,Gaji,Pemasukan,6302982.0,Transfer Bank,Gaji
909,2026-03-30,Gaji bulanan,Gaji,Pemasukan,6264961.0,E-Wallet,Gaji
910,2025-08-26,Bonus,Gaji,Pemasukan,1482667.0,E-Wallet,Gaji
911,2026-05-10,Gym membership,Pembayaran Langganan,Pengeluaran,200329.0,Kartu Debit,Pembayaran Langganan
912,2026-03-28,Transfer teman,Transfer Teman/Keluarga,Pemasukan,253420.0,Kartu Debit,Transfer Teman/Keluarga
913,2025-06-24,Perlengkapan rumah,Belanja Bulanan,Pengeluaran,300084.0,Tunai,Belanja Bulanan
914,2025-11-11,Tiket KRL,Transportasi,Pengeluaran,42764.0,E-Wallet,Transportasi
915,2026-03-17,Kirim uang keluarga,Transfer Teman/Keluarga,Pemasukan,253008.0,Kartu Debit,Transfer Teman/Keluarga
916,2026-04-18,Makan malam restoran,Makanan & Minuman,Pengeluaran,294011.0,Kartu Debit,Makanan & Minuman
917,2024-11-01,Spotify Premium,Pembayaran Langganan,Pengeluaran,29088.0,E-Wallet,Pembayaran Langganan
918,2025-11-24,Gaji bulanan,Gaji,Pemasukan,6010384.0,Lainnya,Gaji
919,2024-11-02,Bonus,Gaji,Pemasukan,2656283.0,Transfer Bank,Gaji
920,2025-04-23,Perlengkapan rumah,Belanja Bulanan,Pengeluaran,451098.0,Kartu Debit,Belanja Bulanan
921,2025-06-27,Transfer teman,Transfer Teman/Keluarga,Pemasukan,70351.0,Kartu Debit,Transfer Teman/Keluarga
922,2025-07-15,Ojek online,Transportasi,Pengeluaran,71821.0,Tunai,Transportasi
923,2025-08-12,Gaji bulanan,Gaji,Pemasukan,6143543.0,Kartu Debit,Gaji
924,2025-08-01,Gaji bulanan,Gaji,Pemasukan,6065752.0,E-Wallet,Gaji
925,2025-03-21,Pakaian baru,Belanja Bulanan,Pengeluaran,227755.0,Transfer Bank,Belanja Bulanan
926,2024-07-14,Bayar kos,Tempat Tinggal,Pengeluaran,963921.0,Kartu Debit,Tempat Tinggal
927,2025-07-29,Bonus,Gaji,Pemasukan,1155292.0,Kartu Debit,Gaji
928,2025-11-14,Kopi,Makanan & Minuman,Pengeluaran,19107.0,Tunai,Makanan & Minuman
929,2026-01-22,Pakaian baru,Belanja Bulanan,Pengeluaran,292122.0,Transfer Bank,Belanja Bulanan
930,2026-01-05,Gaji bulanan,Gaji,Pemasukan,6403268.0,Transfer Bank,Gaji
931,2024-06-02,Gaji bulanan,Gaji,Pemasukan,6060470.0,Kartu Debit,Gaji
932,2025-12-09,Kirim uang keluarga,Transfer Teman/Keluarga,Pemasukan,269188.0,Transfer Bank,Transfer Teman/Keluarga
933,2026-03-22,Taksi,Transportasi,Pengeluaran,22543.0,Kartu Debit,Transportasi
934,2024-08-24,Ojek online,Transportasi,Pengeluaran,20762.0,Kartu Debit,Transportasi
935,2024-11-11,Transfer teman,Transfer Teman/Keluarga,Pemasukan,64819.0,Kartu Debit,Transfer Teman/Keluarga
936,2026-04-17,Kirim uang keluarga,Transfer Teman/Keluarga,Pemasukan,234154.0,Kartu Debit,Transfer Teman/Keluarga
937,2025-11-17,Service AC kos,Tempat Tinggal,Pengeluaran,51108.0,Kartu Debit,Tempat Tinggal
938,2025-08-29,Pakaian baru,Belanja Bulanan,Pengeluaran,302976.0,Kartu Kredit,Belanja Bulanan
939,2025-10-17,Gaji bulanan,Gaji,Pemasukan,6349657.0,Kartu Debit,Gaji
940,2025-10-08,Bensin,Transportasi,Pengeluaran,26777.0,E-Wallet,Transportasi
941,2024-11-28,Cloud storage,Pembayaran Langganan,Pengeluaran,52001.0,Transfer Bank,Pembayaran Langganan
942,2025-10-19,Gym membership,Pembayaran Langganan,Pengeluaran,200972.0,Transfer Bank,Pembayaran Langganan
943,2025-07-20,Gaji bulanan,Gaji,Pemasukan,6312996.0,Kartu Debit,Gaji
944,2025-01-02,Transfer Teman/Keluarga,Transfer Teman/Keluarga,Pemasukan,124712.0,Kartu Debit,Transfer Teman/Keluarga
945,2024-10-25,Iuran lingkungan,Tempat Tinggal,Pengeluaran,51241.0,E-Wallet,Tempat Tinggal
946,2025-01-24,Transfer teman,Transfer Teman/Keluarga,Pemasukan,239811.0,Kartu Debit,Transfer Teman/Keluarga
947,2025-05-29,Liburan,Hiburan,Pengeluaran,305630.0,Kartu Debit,Hiburan
948,2025-01-14,Kirim uang keluarga,Transfer Teman/Keluarga,Pemasukan,176546.0,Transfer Bank,Transfer Teman/Keluarga
949,2026-04-05,Tiket KRL,Transportasi,Pengeluaran,14309.0,Tunai,Transportasi
950,2025-01-31,Bonus,Gaji,Pemasukan,1590947.0,Transfer Bank,Gaji
951,2025-08-22,Pulsa prabayar,Pulsa & Internet,Pengeluaran,87530.0,Kartu Kredit,Pulsa & Internet
952,2025-08-28,Bonus,Gaji,Pemasukan,1513286.0,Transfer Bank,Gaji
953,2024-09-14,Belanja kebutuhan pokok,Belanja Bulanan,Pengeluaran,321827.0,E-Wallet,Belanja Bulanan
954,2024-10-18,Bensin,Transportasi,Pengeluaran,40607.0,Kartu Debit,Transportasi
955,2024-10-11,Bayar kos,Tempat Tinggal,Pengeluaran,996626.0,E-Wallet,Tempat Tinggal
956,2025-07-20,Kirim uang keluarga,Transfer Teman/Keluarga,Pemasukan,163433.0,E-Wallet,Transfer Teman/Keluarga
957,2025-07-01,Beli makan siang,Makanan & Minuman,Pengeluaran,99793.0,Transfer Bank,Makanan & Minuman
958,2025-06-12,Tagihan internet,Pulsa & Internet,Pengeluaran,61386.0,E-Wallet,Pulsa & Internet
960,2025-10-02,Transfer teman,Transfer Teman/Keluarga,Pemasukan,197032.0,Transfer Bank,Transfer Teman/Keluarga
961,2024-11-24,Bensin,Transportasi,Pengeluaran,95521.0,E-Wallet,Transportasi
962,2026-02-25,Kirim uang keluarga,Transfer Teman/Keluarga,Pengeluaran,247236.0,Kartu Debit,Transfer Teman/Keluarga
963,2025-05-14,Taksi,Transportasi,Pengeluaran,13790.0,Tunai,Transportasi
964,2025-04-11,Bonus,Gaji,Pemasukan,2630741.0,Transfer Bank,Gaji
965,2026-03-12,Iuran lingkungan,Tempat Tinggal,Pengeluaran,50740.0,Tunai,Tempat Tinggal
966,2025-09-08,Iuran lingkungan,Tempat Tinggal,Pengeluaran,51057.0,Transfer Bank,Tempat Tinggal
967,2025-02-05,Gaji bulanan,Gaji,Pemasukan,6389336.0,Transfer Bank,Gaji
968,2024-09-19,Liburan,Hiburan,Pengeluaran,410063.0,Transfer Bank,Hiburan
969,2025-08-17,Spotify Premium,Pembayaran Langganan,Pengeluaran,22594.0,Kartu Kredit,Pembayaran Langganan
970,2024-06-04,Pakaian baru,Belanja Bulanan,Pengeluaran,223579.0,Kartu Kredit,Belanja Bulanan
971,2025-11-23,Kirim uang keluarga,Transfer Teman/Keluarga,Pemasukan,212847.0,Kartu Debit,Transfer Teman/Keluarga
972,2026-01-06,Transfer teman,Transfer Teman/Keluarga,Pemasukan,259649.0,Kartu Debit,Transfer Teman/Keluarga
973,2025-08-19,Kirim uang keluarga,Transfer Teman/Keluarga,Pemasukan,204655.0,Transfer Bank,Transfer Teman/Keluarga
974,2025-07-05,Bayar kos,Tempat Tinggal,Pengeluaran,973251.0,Tunai,Tempat Tinggal
975,2026-02-05,Bonus,Gaji,Pemasukan,1829067.0,E-Wallet,Gaji
976,2024-08-11,Kopi,Makanan & Minuman,Pengeluaran,30227.0,Transfer Bank,Makanan & Minuman
977,2025-03-18,Gaji bulanan,Gaji,Pemasukan,6091154.0,Kartu Debit,Gaji
978,2024-12-30,Ojek online,Transportasi,Pengeluaran,95267.0,E-Wallet,Transportasi
979,2026-04-24,Transfer teman,Transfer Teman/Keluarga,Pemasukan,244087.0,Kartu Debit,Transfer Teman/Keluarga
980,2025-08-29,Ojek online,Transportasi,Pengeluaran,67364.0,Kartu Debit,Transportasi
981,2024-07-09,Belanja dapur,Makanan & Minuman,Pengeluaran,418195.0,Kartu Debit,Makanan & Minuman
982,2025-06-25,Kirim uang keluarga,Transfer Teman/Keluarga,Pemasukan,100744.0,Lainnya,Transfer Teman/Keluarga
983,2026-04-30,Kirim uang keluarga,Transfer Teman/Keluarga,Pemasukan,195077.0,Transfer Bank,Transfer Teman/Keluarga
984,2025-01-09,Spotify Premium,Pembayaran Langganan,Pengeluaran,25242.0,E-Wallet,Pembayaran Langganan
985,2024-08-18,Kirim uang keluarga,Transfer Teman/Keluarga,Pemasukan,286933.0,E-Wallet,Transfer Teman/Keluarga
986,2025-01-25,Gaji bulanan,Gaji,Pemasukan,6325348.0,Transfer Bank,Gaji
988,2025-12-09,Belanja dapur,Makanan & Minuman,Pengeluaran,296432.0,Kartu Debit,Makanan & Minuman
989,2025-11-22,Transfer teman,Transfer Teman/Keluarga,Pemasukan,235714.0,Kartu Debit,Transfer Teman/Keluarga
990,2025-07-06,Gaji bulanan,Gaji,Pemasukan,6232947.0,Kartu Debit,Gaji
991,2026-05-23,Transfer teman,Transfer Teman/Keluarga,Pemasukan,277522.0,Kartu Debit,Transfer Teman/Keluarga
992,2025-09-21,Transfer teman,Transfer Teman/Keluarga,Pemasukan,115452.0,Transfer Bank,Transfer Teman/Keluarga
993,2024-12-23,Transfer teman,Transfer Teman/Keluarga,Pemasukan,202406.0,Transfer Bank,Transfer Teman/Keluarga
994,2026-01-24,Bonus,Gaji,Pemasukan,2252264.0,Kartu Debit,Gaji
995,2025-12-14,Paket data,Pulsa & Internet,Pengeluaran,123051.0,E-Wallet,Pulsa & Internet
996,2024-07-24,Transfer teman,Transfer Teman/Keluarga,Pengeluaran,154115.0,Transfer Bank,Transfer Teman/Keluarga
997,2024-10-27,Tiket bioskop,Hiburan,Pengeluaran,43489.0,Transfer Bank,Hiburan
998,2024-08-23,Kirim uang keluarga,Transfer Teman/Keluarga,Pemasukan,131631.0,Kartu Debit,Transfer Teman/Keluarga
999,2026-03-24,Bensin,Transportasi,Pengeluaran,39655.0,E-Wallet,Transportasi
1000,2025-11-19,Gym membership,Pembayaran Langganan,Pengeluaran,200802.0,Kartu Kredit,Pembayaran Langganan
1001,2026-01-15,Beli makan siang,Makanan & Minuman,Pengeluaran,42876.0,Transfer Bank,Makanan & Minuman
1002,2025-11-04,Spotify Premium,Pembayaran Langganan,Pengeluaran,23141.0,Kartu Kredit,Pembayaran Langganan
1003,2025-03-14,Kirim uang keluarga,Transfer Teman/Keluarga,Pengeluaran,162956.0,Kartu Debit,Transfer Teman/Keluarga
1004,2025-10-20,Kopi,Makanan & Minuman,Pengeluaran,26452.0,Transfer Bank,Makanan & Minuman
1005,2025-05-18,Bonus,Gaji,Pemasukan,1860503.0,Kartu Debit,Gaji
1006,2026-02-13,Gaji bulanan,Gaji,Pemasukan,6247568.0,Kartu Debit,Gaji
1007,2024-07-02,Bonus,Gaji,Pemasukan,2815261.0,Kartu Debit,Gaji
1008,2024-08-01,Perlengkapan rumah,Belanja Bulanan,Pengeluaran,323081.0,Tunai,Belanja Bulanan
1009,2024-06-03,Tiket KRL,Transportasi,Pengeluaran,57482.0,Tunai,Transportasi
1010,2025-02-16,Transfer teman,Transfer Teman/Keluarga,Pengeluaran,59837.0,E-Wallet,Transfer Teman/Keluarga
1011,2025-10-22,Liburan,Hiburan,Pengeluaran,375289.0,Kartu Debit,Hiburan
1012,2025-05-04,Cloud storage,Pembayaran Langganan,Pengeluaran,51256.0,Kartu Kredit,Pembayaran Langganan
1013,2025-09-06,Gaji bulanan,Gaji,Pemasukan,6374015.0,Transfer Bank,Gaji
1014,2024-11-19,Netflix,Pembayaran Langganan,Pengeluaran,27399.0,Kartu Kredit,Pembayaran Langganan
1015,2026-04-21,Bonus,Gaji,Pemasukan,2497484.0,E-Wallet,Gaji
1016,2025-01-26,Kirim uang keluarga,Transfer Teman/Keluarga,Pemasukan,225572.0,Transfer Bank,Transfer Teman/Keluarga
1017,2024-08-02,Jajan,Makanan & Minuman,Pengeluaran,68591.0,Tunai,Makanan & Minuman
1018,2025-06-14,Tagihan internet,Pulsa & Internet,Pengeluaran,114460.0,Kartu Kredit,Pulsa & Internet
1019,2025-03-11,Bayar kos,Tempat Tinggal,Pengeluaran,946853.0,Transfer Bank,Tempat Tinggal
1020,2026-03-28,Bonus,Gaji,Pemasukan,2820914.0,Transfer Bank,Gaji
1021,2025-02-19,Transfer teman,Transfer Teman/Keluarga,Pemasukan,164024.0,Kartu Debit,Transfer Teman/Keluarga
1022,2024-10-16,Transfer teman,Transfer Teman/Keluarga,Pemasukan,128912.0,Kartu Debit,Transfer Teman/Keluarga
1023,2024-11-08,Gaji bulanan,Gaji,Pemasukan,6372136.0,Kartu Debit,Gaji
1024,2025-12-03,Kirim uang keluarga,Transfer Teman/Keluarga,Pengeluaran,228247.0,E-Wallet,Transfer Teman/Keluarga
1025,2026-02-10,Kirim uang keluarga,Transfer Teman/Keluarga,Pengeluaran,111099.0,Kartu Debit,Transfer Teman/Keluarga
1026,2024-11-18,Tagihan internet,Pulsa & Internet,Pengeluaran,69956.0,Transfer Bank,Pulsa & Internet
1027,2025-03-24,Kirim uang keluarga,Transfer Teman/Keluarga,Pemasukan,241154.0,E-Wallet,Transfer Teman/Keluarga
1028,2025-07-03,Hiburan,Hiburan,Pengeluaran,44204.0,E-Wallet,Hiburan
1029,2025-09-06,Iuran lingkungan,Tempat Tinggal,Pengeluaran,51777.0,Tunai,Tempat Tinggal
1030,2026-04-24,Kirim uang keluarga,Transfer Teman/Keluarga,Pemasukan,135453.0,E-Wallet,Transfer Teman/Keluarga
1031,2024-06-26,Kirim uang keluarga,Transfer Teman/Keluarga,Pemasukan,94367.0,Kartu Debit,Transfer Teman/Keluarga
1032,2025-03-17,Bonus,Gaji,Pemasukan,2455957.0,Transfer Bank,Gaji
1033,2024-07-18,Tagihan internet,Pulsa & Internet,Pengeluaran,85783.0,Kartu Debit,Pulsa & Internet
1034,2025-11-03,Transfer teman,Transfer Teman/Keluarga,Pemasukan,235623.0,Kartu Debit,Transfer Teman/Keluarga
1035,2024-06-19,Bonus,Gaji,Pemasukan,1392699.0,Transfer Bank,Gaji
1036,2026-01-08,Transfer teman,Transfer Teman/Keluarga,Pemasukan,218255.0,Kartu Debit,Transfer Teman/Keluarga
1037,2024-08-18,Transfer teman,Transfer Teman/Keluarga,Pemasukan,247659.0,Transfer Bank,Transfer Teman/Keluarga
1038,2024-10-22,Transfer teman,Transfer Teman/Keluarga,Pemasukan,269210.0,Transfer Bank,Transfer Teman/Keluarga
1039,2025-05-21,Liburan,Hiburan,Pengeluaran,312142.0,Kartu Kredit,Hiburan
1040,2025-10-25,Pulsa prabayar,Pulsa & Internet,Pengeluaran,97856.0,Kartu Debit,Pulsa & Internet
1041,2026-02-14,Tagihan internet,Pulsa & Internet,Pengeluaran,70067.0,E-Wallet,Pulsa & Internet
1042,2024-10-23,Bonus,Gaji,Pemasukan,2382159.0,E-Wallet,Gaji
1043,2025-03-25,Gaji bulanan,Gaji,Pemasukan,6217356.0,Transfer Bank,Gaji
1044,2024-07-20,Bonus,Gaji,Pemasukan,2558154.0,E-Wallet,Gaji
1045,2026-01-22,Gym membership,Pembayaran Langganan,Pengeluaran,200659.0,Kartu Kredit,Pembayaran Langganan
1046,2024-06-02,Gaji bulanan,Gaji,Pemasukan,6022192.0,E-Wallet,Gaji
1047,2025-11-20,Transfer teman,Transfer Teman/Keluarga,Pemasukan,257867.0,Kartu Debit,Transfer Teman/Keluarga
1048,2025-09-17,Transfer teman,Transfer Teman/Keluarga,Pengeluaran,256529.0,Kartu Debit,Transfer Teman/Keluarga
1049,2024-10-13,Transfer teman,Transfer Teman/Keluarga,Pemasukan,109697.0,Kartu Debit,Transfer Teman/Keluarga
1050,2025-02-01,Transfer teman,Transfer Teman/Keluarga,Pemasukan,167549.0,Transfer Bank,Transfer Teman/Keluarga
1051,2025-11-19,Ojek online,Transportasi,Pengeluaran,20008.0,Transfer Bank,Transportasi
1052,2025-03-30,Kirim uang keluarga,Transfer Teman/Keluarga,Pemasukan,93850.0,E-Wallet,Transfer Teman/Keluarga
1053,2024-06-18,Service AC kos,Tempat Tinggal,Pengeluaran,50827.0,Tunai,Tempat Tinggal
1054,2026-04-20,Kirim uang keluarga,Transfer Teman/Keluarga,Pemasukan,285757.0,Transfer Bank,Transfer Teman/Keluarga
1055,2024-12-01,Service AC kos,Tempat Tinggal,Pengeluaran,51153.0,E-Wallet,Tempat Tinggal
1056,2026-04-11,Gaji bulanan,Gaji,Pemasukan,6037248.0,Transfer Bank,Gaji
1057,2024-12-04,Bonus,Gaji,Pemasukan,1076573.0,Transfer Bank,Gaji
1058,2025-10-02,Gaji bulanan,Gaji,Pemasukan,6158184.0,Kartu Debit,Gaji
3509,2024-06-22,Transfer teman,Transfer Teman/Keluarga,Pemasukan,267310.0,Kartu Debit,Transfer Teman/Keluarga
1060,2026-03-25,Bonus,Gaji,Pemasukan,2215043.0,Transfer Bank,Gaji
1061,2024-10-07,Kirim uang keluarga,Transfer Teman/Keluarga,Pemasukan,251513.0,Transfer Bank,Transfer Teman/Keluarga
1062,2024-11-26,Iuran lingkungan,Tempat Tinggal,Pengeluaran,51101.0,E-Wallet,Tempat Tinggal
1063,2024-10-16,Gaji bulanan,Gaji,Pemasukan,6306173.0,Kartu Debit,Gaji
1064,2025-06-19,Transfer teman,Transfer Teman/Keluarga,Pengeluaran,97514.0,Kartu Debit,Transfer Teman/Keluarga
1065,2026-01-25,Liburan,Hiburan,Pengeluaran,388689.0,Kartu Debit,Hiburan
1066,2025-09-06,Gaji,Gaji,Pemasukan,6118817.0,Kartu Debit,Gaji
1067,2024-11-08,Kirim uang keluarga,Transfer Teman/Keluarga,Pemasukan,238391.0,Transfer Bank,Transfer Teman/Keluarga
1068,2025-06-10,Jajan,Makanan & Minuman,Pengeluaran,56836.0,Tunai,Makanan & Minuman
1069,2025-09-04,Iuran lingkungan,Tempat Tinggal,Pengeluaran,50384.0,Kartu Debit,Tempat Tinggal
1070,2025-10-14,Kirim uang keluarga,Transfer Teman/Keluarga,Pemasukan,128577.0,Kartu Debit,Transfer Teman/Keluarga
1071,2024-09-13,Pulsa prabayar,Pulsa & Internet,Pengeluaran,138851.0,Kartu Debit,Pulsa & Internet
1072,2025-06-11,Bonus,Gaji,Pemasukan,1829902.0,E-Wallet,Gaji
1073,2024-09-18,Transfer teman,Transfer Teman/Keluarga,Pemasukan,262057.0,E-Wallet,Transfer Teman/Keluarga
1074,2025-05-17,Transfer teman,Transfer Teman/Keluarga,Pengeluaran,57195.0,E-Wallet,Transfer Teman/Keluarga
1075,2024-05-30,Bonus,Gaji,Pemasukan,1632348.0,Kartu Debit,Gaji
1076,2025-07-04,Kirim uang keluarga,Transfer Teman/Keluarga,Pemasukan,175974.5,E-Wallet,Transfer Teman/Keluarga
1077,2026-03-28,Transfer teman,Transfer Teman/Keluarga,Pemasukan,191358.0,E-Wallet,Transfer Teman/Keluarga
1078,2025-01-19,Gaji bulanan,Gaji,Pemasukan,6179198.0,E-Wallet,Gaji
1079,2026-02-09,Makan malam restoran,Makanan & Minuman,Pengeluaran,328748.0,Tunai,Makanan & Minuman
1080,2025-07-19,Kirim uang keluarga,Transfer Teman/Keluarga,Pemasukan,273195.0,Kartu Debit,Transfer Teman/Keluarga
1081,2025-03-25,Gaji bulanan,Gaji,Pemasukan,6168930.0,Kartu Debit,Gaji
1082,2024-07-21,Kopi,Makanan & Minuman,Pengeluaran,66447.0,Kartu Debit,Makanan & Minuman
1083,2024-08-13,Transfer teman,Transfer Teman/Keluarga,Pemasukan,216040.0,E-Wallet,Transfer Teman/Keluarga
1084,2024-09-05,Transfer teman,Transfer Teman/Keluarga,Pemasukan,176011.0,Transfer Bank,Transfer Teman/Keluarga
1085,2025-03-08,Ojek online,Transportasi,Pengeluaran,68165.0,Kartu Debit,Transportasi
1086,2025-05-15,Taksi,Transportasi,Pengeluaran,55374.0,Kartu Debit,Transportasi
1087,2026-01-29,Service AC kos,Tempat Tinggal,Pengeluaran,51841.0,E-Wallet,Tempat Tinggal
1088,2026-04-04,Gaji bulanan,Gaji,Pemasukan,6484544.0,Kartu Debit,Gaji
1089,2024-12-19,Gaji bulanan,Gaji,Pemasukan,6093185.0,Transfer Bank,Gaji
1090,2024-06-15,Netflix,Pembayaran Langganan,Pengeluaran,21277.0,E-Wallet,Pembayaran Langganan
1091,2024-08-13,Gaji bulanan,Gaji,Pemasukan,6027155.0,E-Wallet,Gaji
1092,2026-04-21,Kirim uang keluarga,Transfer Teman/Keluarga,Pemasukan,110182.0,Transfer Bank,Transfer Teman/Keluarga
1093,2024-11-11,Makan malam restoran,Makanan & Minuman,Pengeluaran,607402.0,Kartu Kredit,Makanan & Minuman
1094,2024-12-02,Belanja kebutuhan pokok,Belanja Bulanan,Pengeluaran,237620.0,Transfer Bank,Belanja Bulanan
1095,2025-11-05,Bonus,Gaji,Pemasukan,2255659.0,Transfer Bank,Gaji
1096,2024-11-20,Paket data,Pulsa & Internet,Pengeluaran,78359.0,Kartu Kredit,Pulsa & Internet
1097,2024-09-15,Kirim uang keluarga,Transfer Teman/Keluarga,Pemasukan,275260.0,Kartu Debit,Transfer Teman/Keluarga
1098,2025-03-09,Kirim uang keluarga,Transfer Teman/Keluarga,Pemasukan,244918.0,Kartu Debit,Transfer Teman/Keluarga
1099,2026-01-03,Bayar kos,Tempat Tinggal,Pengeluaran,812860.0,Tunai,Tempat Tinggal
1100,2025-11-06,Kirim uang keluarga,Transfer Teman/Keluarga,Pemasukan,89887.0,Transfer Bank,Transfer Teman/Keluarga
1101,2025-06-03,Kirim uang keluarga,Transfer Teman/Keluarga,Pemasukan,67924.0,Transfer Bank,Transfer Teman/Keluarga
1102,2025-08-12,Kirim uang keluarga,Transfer Teman/Keluarga,Pemasukan,76435.0,Kartu Debit,Transfer Teman/Keluarga
1103,2024-12-13,Pakaian baru,Belanja Bulanan,Pengeluaran,457345.0,Tunai,Belanja Bulanan
1104,2025-02-12,Bonus,Gaji,Pemasukan,2466837.0,Kartu Debit,Gaji
1105,2024-07-24,Langganan streaming,Hiburan,Pengeluaran,44644.0,E-Wallet,Hiburan
1106,2025-05-31,Bonus,Gaji,Pemasukan,1792742.0,Kartu Debit,Gaji
1107,2024-06-07,Gaji bulanan,Gaji,Pemasukan,6048296.0,E-Wallet,Gaji
1108,2026-05-24,Perlengkapan rumah,Belanja Bulanan,Pengeluaran,462624.0,Kartu Kredit,Belanja Bulanan
1109,2026-05-16,Kirim uang keluarga,Transfer Teman/Keluarga,Pemasukan,152421.0,Kartu Debit,Transfer Teman/Keluarga
1110,2026-03-08,Gaji bulanan,Gaji,Pemasukan,6272954.0,Kartu Debit,Gaji
1111,2026-04-24,Kirim uang keluarga,Transfer Teman/Keluarga,Pemasukan,266633.0,E-Wallet,Transfer Teman/Keluarga
1112,2025-11-23,Kirim uang keluarga,Transfer Teman/Keluarga,Pemasukan,67628.0,E-Wallet,Transfer Teman/Keluarga
1113,2024-11-07,Gaji bulanan,Gaji,Pemasukan,6355374.0,Kartu Debit,Gaji
1114,2025-02-27,Kirim uang keluarga,Transfer Teman/Keluarga,Pemasukan,173590.0,E-Wallet,Transfer Teman/Keluarga
1115,2025-01-31,Bonus,Gaji,Pemasukan,1964032.0,Kartu Debit,Gaji
1116,2025-04-10,Netflix,Pembayaran Langganan,Pengeluaran,21710.0,Transfer Bank,Pembayaran Langganan
1117,2026-01-07,Langganan streaming,Hiburan,Pengeluaran,44533.0,Kartu Debit,Hiburan
1118,2025-06-25,Kirim uang keluarga,Transfer Teman/Keluarga,Pemasukan,184446.0,Transfer Bank,Transfer Teman/Keluarga
1119,2025-08-10,Kopi,Makanan & Minuman,Pengeluaran,48616.0,Tunai,Makanan & Minuman
1120,2026-01-09,Kirim uang keluarga,Transfer Teman/Keluarga,Pemasukan,56926.0,E-Wallet,Transfer Teman/Keluarga
1121,2025-12-02,Kirim uang keluarga,Transfer Teman/Keluarga,Pemasukan,228495.0,E-Wallet,Transfer Teman/Keluarga
1122,2025-03-04,Gaji bulanan,Gaji,Pemasukan,6230416.0,E-Wallet,Gaji
1123,2024-10-22,Kirim uang keluarga,Transfer Teman/Keluarga,Pemasukan,61178.0,Kartu Debit,Transfer Teman/Keluarga
1124,2026-04-13,Tagihan internet,Pulsa & Internet,Pengeluaran,123275.0,Kartu Debit,Pulsa & Internet
1125,2024-10-30,Service AC kos,Tempat Tinggal,Pengeluaran,51759.0,E-Wallet,Tempat Tinggal
1126,2025-04-01,Gaji bulanan,Gaji,Pemasukan,6241510.0,E-Wallet,Gaji
1127,2024-09-24,Bensin,Transportasi,Pengeluaran,60326.0,Kartu Debit,Transportasi
1128,2025-06-08,Gaji bulanan,Gaji,Pemasukan,6166930.0,Transfer Bank,Gaji
1129,2024-11-29,Tiket bioskop,Hiburan,Pengeluaran,49372.0,Transfer Bank,Hiburan
1130,2024-05-29,Belanja dapur,Makanan & Minuman,Pengeluaran,401422.0,Transfer Bank,Makanan & Minuman
1131,2025-09-08,Transfer teman,Transfer Teman/Keluarga,Pemasukan,109231.0,Kartu Debit,Transfer Teman/Keluarga
1132,2026-01-20,Kirim uang keluarga,Transfer Teman/Keluarga,Pemasukan,88777.0,E-Wallet,Transfer Teman/Keluarga
1133,2026-04-08,Bonus,Gaji,Pemasukan,1991852.0,Kartu Debit,Gaji
1134,2024-07-27,Makan malam restoran,Makanan & Minuman,Pengeluaran,616127.0,Transfer Bank,Makanan & Minuman
1135,2025-08-12,Makan malam restoran,Makanan & Minuman,Pengeluaran,254012.0,Tunai,Makanan & Minuman
1136,2025-02-04,Gaji bulanan,Gaji,Pemasukan,6132049.0,Kartu Debit,Gaji
1137,2025-05-10,Bayar kos,Tempat Tinggal,Pengeluaran,858781.0,Kartu Debit,Tempat Tinggal
1138,2024-11-14,Liburan,Hiburan,Pengeluaran,469892.0,Transfer Bank,Hiburan
1139,2025-05-21,Spotify Premium,Pembayaran Langganan,Pengeluaran,21503.0,Kartu Debit,Pembayaran Langganan
1140,2025-10-05,Gaji bulanan,Gaji,Pemasukan,6174569.0,E-Wallet,Gaji
1141,2025-05-25,Perlengkapan rumah,Belanja Bulanan,Pengeluaran,447658.0,Transfer Bank,Belanja Bulanan
1142,2025-01-05,Belanja kebutuhan pokok,Belanja Bulanan,Pengeluaran,213168.0,E-Wallet,Belanja Bulanan
1143,2025-04-19,Pakaian baru,Belanja Bulanan,Pengeluaran,257711.0,Transfer Bank,Belanja Bulanan
1144,2024-09-24,Liburan,Hiburan,Pengeluaran,427347.0,Kartu Kredit,Hiburan
1145,2025-07-11,Kirim uang keluarga,Transfer Teman/Keluarga,Pengeluaran,91587.0,Transfer Bank,Transfer Teman/Keluarga
1146,2025-09-15,Kirim uang keluarga,Transfer Teman/Keluarga,Pemasukan,86695.0,E-Wallet,Transfer Teman/Keluarga
1147,2026-04-15,Bonus,Gaji,Pemasukan,1170264.0,Kartu Debit,Gaji
1148,2025-06-26,Bonus,Gaji,Pemasukan,1763269.0,Transfer Bank,Gaji
1149,2026-04-14,Pulsa prabayar,Pulsa & Internet,Pengeluaran,66765.0,E-Wallet,Pulsa & Internet
1150,2025-08-15,Tagihan internet,Pulsa & Internet,Pengeluaran,124733.0,Transfer Bank,Pulsa & Internet
1151,2025-02-18,Beli makan siang,Makanan & Minuman,Pengeluaran,37717.0,Kartu Debit,Makanan & Minuman
1152,2024-10-28,Gaji bulanan,Gaji,Pemasukan,6265652.0,E-Wallet,Gaji
1153,2024-09-03,Taksi,Transportasi,Pengeluaran,92993.0,Transfer Bank,Transportasi
1154,2025-03-01,Gaji bulanan,Gaji,Pemasukan,6358900.0,E-Wallet,Gaji
1155,2026-05-19,Kirim uang keluarga,Transfer Teman/Keluarga,Pemasukan,101236.0,Transfer Bank,Transfer Teman/Keluarga
1156,2025-03-12,Kirim uang keluarga,Transfer Teman/Keluarga,Pemasukan,265576.0,E-Wallet,Transfer Teman/Keluarga
1157,2024-07-19,Kopi,Makanan & Minuman,Pengeluaran,33318.0,Kartu Kredit,Makanan & Minuman
1158,2026-03-25,Iuran lingkungan,Tempat Tinggal,Pengeluaran,51979.0,Transfer Bank,Tempat Tinggal
1159,2025-12-31,Perlengkapan rumah,Belanja Bulanan,Pengeluaran,417939.0,E-Wallet,Belanja Bulanan
1160,2025-11-28,Pakaian baru,Belanja Bulanan,Pengeluaran,357474.0,Tunai,Belanja Bulanan
1161,2025-12-02,Kirim uang keluarga,Transfer Teman/Keluarga,Pemasukan,75857.0,Kartu Debit,Transfer Teman/Keluarga
1162,2025-05-20,Tagihan internet,Pulsa & Internet,Pengeluaran,128885.0,Transfer Bank,Pulsa & Internet
1163,2024-08-18,Kirim uang keluarga,Transfer Teman/Keluarga,Pemasukan,215444.0,E-Wallet,Transfer Teman/Keluarga
1164,2025-12-05,Spotify Premium,Pembayaran Langganan,Pengeluaran,29524.0,Kartu Debit,Pembayaran Langganan
1165,2026-03-11,Gaji bulanan,Gaji,Pemasukan,6135953.0,E-Wallet,Gaji
1166,2025-09-22,Konser,Hiburan,Pengeluaran,356713.0,E-Wallet,Hiburan
1167,2025-01-29,Kirim uang keluarga,Transfer Teman/Keluarga,Pemasukan,231029.0,Transfer Bank,Transfer Teman/Keluarga
1168,2025-07-23,Transfer teman,Transfer Teman/Keluarga,Pemasukan,57994.0,E-Wallet,Transfer Teman/Keluarga
1169,2025-05-07,Kirim uang keluarga,Transfer Teman/Keluarga,Pemasukan,212682.0,Kartu Debit,Transfer Teman/Keluarga
1170,2025-12-08,Iuran lingkungan,Tempat Tinggal,Pengeluaran,51713.0,Transfer Bank,Tempat Tinggal
1171,2026-03-01,Bonus,Gaji,Pemasukan,2061694.0,Kartu Debit,Gaji
1172,2024-10-19,Iuran lingkungan,Tempat Tinggal,Pengeluaran,50961.0,Tunai,Tempat Tinggal
1173,2025-05-12,Kirim uang keluarga,Transfer Teman/Keluarga,Pengeluaran,273046.0,E-Wallet,Transfer Teman/Keluarga
1174,2025-12-02,Gaji bulanan,Gaji,Pemasukan,6050805.0,Transfer Bank,Gaji
1175,2025-05-23,Service AC kos,Tempat Tinggal,Pengeluaran,50498.0,Tunai,Tempat Tinggal
1176,2024-06-01,Gaji bulanan,Gaji,Pemasukan,6341134.0,E-Wallet,Gaji
1177,2024-12-05,Iuran lingkungan,Tempat Tinggal,Pengeluaran,50392.0,Tunai,Tempat Tinggal
1178,2024-11-27,Taksi,Transportasi,Pengeluaran,27639.0,Tunai,Transportasi
1179,2025-11-02,Gym membership,Pembayaran Langganan,Pengeluaran,200772.0,Kartu Debit,Pembayaran Langganan
1180,2024-05-28,Tagihan internet,Pulsa & Internet,Pengeluaran,114530.0,E-Wallet,Pulsa & Internet
1181,2024-12-20,Kirim uang keluarga,Transfer Teman/Keluarga,Pemasukan,193885.0,E-Wallet,Transfer Teman/Keluarga
1182,2026-01-17,Kirim uang keluarga,Transfer Teman/Keluarga,Pemasukan,297050.0,E-Wallet,Transfer Teman/Keluarga
1183,2024-12-24,Pakaian baru,Belanja Bulanan,Pengeluaran,443445.0,Transfer Bank,Belanja Bulanan
1184,2025-01-16,Kirim uang keluarga,Transfer Teman/Keluarga,Pemasukan,175974.5,Kartu Debit,Transfer Teman/Keluarga
1185,2025-08-12,Pulsa prabayar,Pulsa & Internet,Pengeluaran,81296.0,E-Wallet,Pulsa & Internet
1186,2024-08-16,Bayar kos,Tempat Tinggal,Pengeluaran,961735.0,Kartu Debit,Tempat Tinggal
1187,2025-10-22,Kirim uang keluarga,Transfer Teman/Keluarga,Pemasukan,139042.0,Transfer Bank,Transfer Teman/Keluarga
1188,2025-01-26,Gaji bulanan,Gaji,Pemasukan,6313862.0,Kartu Debit,Gaji
1189,2024-06-22,Kirim uang keluarga,Transfer Teman/Keluarga,Pemasukan,171552.0,Kartu Debit,Transfer Teman/Keluarga
1190,2026-03-15,Bayar kos,Tempat Tinggal,Pengeluaran,986605.0,Kartu Debit,Tempat Tinggal
1191,2026-03-07,Beli makan siang,Makanan & Minuman,Pengeluaran,86605.0,Tunai,Makanan & Minuman
1192,2024-09-29,Transfer teman,Transfer Teman/Keluarga,Pemasukan,212074.0,Kartu Debit,Transfer Teman/Keluarga
1193,2025-06-23,Pakaian baru,Belanja Bulanan,Pengeluaran,488494.0,Tunai,Belanja Bulanan
1194,2025-05-19,Paket data,Pulsa & Internet,Pengeluaran,117500.0,E-Wallet,Pulsa & Internet
1195,2026-04-28,Transfer teman,Transfer Teman/Keluarga,Pemasukan,282642.0,E-Wallet,Transfer Teman/Keluarga
1196,2024-06-19,Netflix,Pembayaran Langganan,Pengeluaran,22706.0,Kartu Kredit,Pembayaran Langganan
1197,2024-12-04,Iuran lingkungan,Tempat Tinggal,Pengeluaran,50761.0,Kartu Debit,Tempat Tinggal
1198,2026-02-03,Beli makan siang,Makanan & Minuman,Pengeluaran,186673.0,Kartu Debit,Makanan & Minuman
1199,2024-07-18,Bonus,Gaji,Pemasukan,2736875.0,Kartu Debit,Gaji
1200,2025-06-09,Kirim uang keluarga,Transfer Teman/Keluarga,Pengeluaran,63712.0,E-Wallet,Transfer Teman/Keluarga
1201,2025-09-19,Belanja dapur,Makanan & Minuman,Pengeluaran,315320.0,Kartu Debit,Makanan & Minuman
1202,2026-05-05,Gym membership,Pembayaran Langganan,Pengeluaran,200130.0,Kartu Kredit,Pembayaran Langganan
1203,2024-07-21,Bonus,Gaji,Pemasukan,2133560.0,Kartu Debit,Gaji
1204,2025-03-05,Bonus,Gaji,Pemasukan,2795619.0,Kartu Debit,Gaji
1205,2026-01-29,Gaji bulanan,Gaji,Pemasukan,6328443.0,Transfer Bank,Gaji
1206,2025-04-26,Transfer teman,Transfer Teman/Keluarga,Pemasukan,95667.0,Transfer Bank,Transfer Teman/Keluarga
1207,2025-02-10,Transfer teman,Transfer Teman/Keluarga,Pemasukan,235231.0,E-Wallet,Transfer Teman/Keluarga
1208,2025-06-02,Gaji bulanan,Gaji,Pemasukan,6184946.0,Kartu Debit,Gaji
1209,2024-08-10,Iuran lingkungan,Tempat Tinggal,Pengeluaran,50114.0,E-Wallet,Tempat Tinggal
1210,2025-11-23,Iuran lingkungan,Tempat Tinggal,Pengeluaran,50077.0,E-Wallet,Tempat Tinggal
1211,2024-11-20,Bonus,Gaji,Pemasukan,2849710.0,Kartu Debit,Gaji
1212,2025-05-04,Kopi,Makanan & Minuman,Pengeluaran,35776.0,Tunai,Makanan & Minuman
1213,2026-04-21,Transfer teman,Transfer Teman/Keluarga,Pemasukan,282461.0,Transfer Bank,Transfer Teman/Keluarga
1214,2025-07-15,Gaji bulanan,Gaji,Pemasukan,6313007.0,E-Wallet,Gaji
1215,2026-02-27,Tiket bioskop,Hiburan,Pengeluaran,39509.0,Transfer Bank,Hiburan
1216,2025-08-15,Transfer teman,Transfer Teman/Keluarga,Pengeluaran,148451.0,Transfer Bank,Transfer Teman/Keluarga
1217,2025-04-28,Beli makan siang,Makanan & Minuman,Pengeluaran,196663.0,Kartu Debit,Makanan & Minuman
1218,2024-12-23,Kirim uang keluarga,Transfer Teman/Keluarga,Pemasukan,90048.0,Transfer Bank,Transfer Teman/Keluarga
1219,2024-07-28,Bonus,Gaji,Pemasukan,1114840.0,E-Wallet,Gaji
1220,2025-11-19,Kirim uang keluarga,Transfer Teman/Keluarga,Pemasukan,99558.0,Transfer Bank,Transfer Teman/Keluarga
1221,2024-09-05,Makan malam restoran,Makanan & Minuman,Pengeluaran,342491.0,E-Wallet,Makanan & Minuman
1222,2024-09-09,Transfer teman,Transfer Teman/Keluarga,Pemasukan,57906.0,E-Wallet,Transfer Teman/Keluarga
1223,2024-10-05,Bonus,Gaji,Pemasukan,2762738.0,Transfer Bank,Gaji
1224,2025-10-05,Belanja dapur,Makanan & Minuman,Pengeluaran,536016.0,Transfer Bank,Makanan & Minuman
1225,2024-11-03,Pulsa & Internet,Pulsa & Internet,Pengeluaran,133693.0,Transfer Bank,Pulsa & Internet
1226,2025-04-10,Gym membership,Pembayaran Langganan,Pengeluaran,200400.0,Kartu Debit,Pembayaran Langganan
1227,2025-08-03,Bonus,Gaji,Pemasukan,2543158.0,Kartu Debit,Gaji
1228,2025-01-09,Gaji bulanan,Gaji,Pemasukan,6411824.0,Kartu Debit,Gaji
1229,2025-11-02,Transfer teman,Transfer Teman/Keluarga,Pemasukan,233955.0,Kartu Debit,Transfer Teman/Keluarga
1230,2024-07-17,Belanja kebutuhan pokok,Belanja Bulanan,Pengeluaran,223267.0,Kartu Kredit,Belanja Bulanan
1231,2026-03-29,Service AC kos,Tempat Tinggal,Pengeluaran,50523.0,Kartu Debit,Tempat Tinggal
1233,2025-08-16,Kirim uang keluarga,Transfer Teman/Keluarga,Pemasukan,86019.0,Transfer Bank,Transfer Teman/Keluarga
1234,2024-12-08,Taksi,Transportasi,Pengeluaran,94880.0,E-Wallet,Transportasi
1235,2026-05-07,Transfer teman,Transfer Teman/Keluarga,Pemasukan,292968.0,Transfer Bank,Transfer Teman/Keluarga
1236,2025-11-23,Bonus,Gaji,Pemasukan,1738892.0,Transfer Bank,Gaji
1237,2025-01-21,Transfer teman,Transfer Teman/Keluarga,Pemasukan,155312.0,E-Wallet,Transfer Teman/Keluarga
1238,2024-12-08,Gaji bulanan,Gaji,Pemasukan,6301840.0,Transfer Bank,Gaji
1239,2025-02-02,Bonus,Gaji,Pemasukan,1756159.0,Lainnya,Gaji
1240,2025-06-27,Kirim uang keluarga,Transfer Teman/Keluarga,Pengeluaran,238982.0,E-Wallet,Transfer Teman/Keluarga
1241,2026-01-21,Ojek online,Transportasi,Pengeluaran,73994.0,Kartu Debit,Transportasi
1242,2025-09-13,Gaji bulanan,Gaji,Pemasukan,6184645.0,Kartu Debit,Gaji
1243,2025-08-08,Transfer teman,Transfer Teman/Keluarga,Pengeluaran,93777.0,Transfer Bank,Transfer Teman/Keluarga
1244,2025-03-24,Beli makan siang,Makanan & Minuman,Pengeluaran,88091.0,Kartu Kredit,Makanan & Minuman
1245,2025-04-13,Kirim uang keluarga,Transfer Teman/Keluarga,Pemasukan,290997.0,Kartu Debit,Transfer Teman/Keluarga
1246,2025-05-09,Tagihan internet,Pulsa & Internet,Pengeluaran,67212.0,Kartu Debit,Pulsa & Internet
1247,2024-06-14,Kirim uang keluarga,Transfer Teman/Keluarga,Pemasukan,96215.0,Transfer Bank,Transfer Teman/Keluarga
1248,2025-12-10,Gaji bulanan,Gaji,Pemasukan,6227703.5,Transfer Bank,Gaji
1249,2024-12-28,Beli makan siang,Makanan & Minuman,Pengeluaran,45126.0,Kartu Debit,Makanan & Minuman
1250,2024-07-03,Bonus,Gaji,Pemasukan,1044996.0,Kartu Debit,Gaji
1251,2026-02-04,Bonus,Gaji,Pemasukan,1449458.0,Transfer Bank,Gaji
1252,2024-09-11,Tagihan internet,Pulsa & Internet,Pengeluaran,100919.0,Transfer Bank,Pulsa & Internet
1253,2025-01-13,Pakaian baru,Belanja Bulanan,Pengeluaran,239844.0,Tunai,Belanja Bulanan
1254,2025-02-12,Bonus,Gaji,Pemasukan,1629756.0,Transfer Bank,Gaji
1255,2026-04-27,Netflix,Pembayaran Langganan,Pengeluaran,20379.0,E-Wallet,Pembayaran Langganan
1256,2025-09-09,Pulsa prabayar,Pulsa & Internet,Pengeluaran,149447.0,Kartu Debit,Pulsa & Internet
1257,2025-03-16,Bonus,Gaji,Pemasukan,1942133.0,Transfer Bank,Gaji
1258,2025-12-09,Kirim uang keluarga,Transfer Teman/Keluarga,Pemasukan,180987.0,Kartu Debit,Transfer Teman/Keluarga
1259,2025-08-13,Transfer teman,Transfer Teman/Keluarga,Pemasukan,111246.0,E-Wallet,Transfer Teman/Keluarga
1260,2025-11-10,Bonus,Gaji,Pemasukan,1028130.0,Transfer Bank,Gaji
1262,2025-02-25,Liburan,Hiburan,Pengeluaran,464506.0,Kartu Kredit,Hiburan
1263,2024-06-25,Paket data,Pulsa & Internet,Pengeluaran,95694.0,Kartu Kredit,Pulsa & Internet
1264,2026-05-08,Kopi,Makanan & Minuman,Pengeluaran,68800.0,Tunai,Makanan & Minuman
1265,2025-11-06,Pakaian baru,Belanja Bulanan,Pengeluaran,352836.0,Tunai,Belanja Bulanan
1266,2024-09-17,Ojek online,Transportasi,Pengeluaran,74169.0,E-Wallet,Transportasi
1267,2025-02-14,Bonus,Gaji,Pemasukan,2371080.0,Kartu Debit,Gaji
1268,2025-06-18,Bonus,Gaji,Pemasukan,1381468.0,Kartu Debit,Gaji
1269,2026-02-16,Tiket KRL,Transportasi,Pengeluaran,98783.0,Transfer Bank,Transportasi
1270,2026-01-07,Transfer teman,Transfer Teman/Keluarga,Pemasukan,186158.0,E-Wallet,Transfer Teman/Keluarga
1271,2025-05-23,Jajan,Makanan & Minuman,Pengeluaran,10206.0,Kartu Debit,Makanan & Minuman
1272,2025-02-24,Tagihan internet,Pulsa & Internet,Pengeluaran,95852.0,Transfer Bank,Pulsa & Internet
1273,2026-01-11,Kirim uang keluarga,Transfer Teman/Keluarga,Pemasukan,102455.0,E-Wallet,Transfer Teman/Keluarga
1274,2026-01-14,Belanja dapur,Makanan & Minuman,Pengeluaran,423039.0,Tunai,Makanan & Minuman
1275,2025-04-27,Transfer teman,Transfer Teman/Keluarga,Pemasukan,118562.0,Transfer Bank,Transfer Teman/Keluarga
1276,2025-07-17,Transfer teman,Transfer Teman/Keluarga,Pemasukan,247760.0,E-Wallet,Transfer Teman/Keluarga
1277,2025-05-21,Pakaian baru,Belanja Bulanan,Pengeluaran,383392.0,Kartu Kredit,Belanja Bulanan
1278,2024-08-25,Bayar kos,Tempat Tinggal,Pengeluaran,809899.0,E-Wallet,Tempat Tinggal
1279,2024-09-07,Beli makan siang,Makanan & Minuman,Pengeluaran,68329.0,Kartu Debit,Makanan & Minuman
1280,2026-01-22,Gaji bulanan,Gaji,Pemasukan,6209051.0,E-Wallet,Gaji
1281,2025-11-02,Bonus,Gaji,Pemasukan,2128815.0,Kartu Debit,Gaji
1282,2025-10-20,Paket data,Pulsa & Internet,Pengeluaran,86515.0,Kartu Kredit,Pulsa & Internet
1283,2025-07-09,Kirim uang keluarga,Transfer Teman/Keluarga,Pemasukan,117384.0,Kartu Debit,Transfer Teman/Keluarga
1284,2025-01-12,Transfer teman,Transfer Teman/Keluarga,Pemasukan,54919.0,Kartu Debit,Transfer Teman/Keluarga
1285,2025-06-22,Transfer teman,Transfer Teman/Keluarga,Pemasukan,228911.0,Transfer Bank,Transfer Teman/Keluarga
1286,2025-02-22,Ojek online,Transportasi,Pengeluaran,60126.0,Transfer Bank,Transportasi
1287,2024-08-21,Spotify Premium,Pembayaran Langganan,Pengeluaran,26992.0,Kartu Debit,Pembayaran Langganan
1288,2025-05-25,Gym membership,Pembayaran Langganan,Pengeluaran,200463.0,Transfer Bank,Pembayaran Langganan
1289,2025-11-10,Transfer teman,Transfer Teman/Keluarga,Pengeluaran,198919.0,Transfer Bank,Transfer Teman/Keluarga
1290,2026-04-06,Bonus,Gaji,Pemasukan,2451347.0,Kartu Debit,Gaji
1291,2024-10-14,Spotify Premium,Pembayaran Langganan,Pengeluaran,28481.0,E-Wallet,Pembayaran Langganan
1292,2025-06-11,Gaji bulanan,Gaji,Pemasukan,6344871.0,Transfer Bank,Gaji
1293,2026-05-12,Kirim uang keluarga,Transfer Teman/Keluarga,Pemasukan,162442.0,Transfer Bank,Transfer Teman/Keluarga
1294,2024-06-14,Pakaian baru,Belanja Bulanan,Pengeluaran,324050.0,Tunai,Belanja Bulanan
1295,2024-06-05,Bensin,Transportasi,Pengeluaran,80165.0,Transfer Bank,Transportasi
1296,2025-07-22,Bayar kos,Tempat Tinggal,Pengeluaran,804050.0,Tunai,Tempat Tinggal
1297,2025-01-24,Gaji bulanan,Gaji,Pemasukan,6301178.0,E-Wallet,Gaji
1298,2026-02-19,Netflix,Pembayaran Langganan,Pengeluaran,24667.0,E-Wallet,Pembayaran Langganan
1299,2025-05-29,Ojek online,Transportasi,Pengeluaran,46592.0,E-Wallet,Transportasi
1300,2026-01-02,Transfer teman,Transfer Teman/Keluarga,Pengeluaran,273250.0,E-Wallet,Transfer Teman/Keluarga
1301,2025-12-05,Jajan,Makanan & Minuman,Pengeluaran,10684.0,Kartu Kredit,Makanan & Minuman
1302,2024-06-18,Tiket KRL,Transportasi,Pengeluaran,56740.0,Transfer Bank,Transportasi
1303,2024-07-05,Kirim uang keluarga,Transfer Teman/Keluarga,Pemasukan,62562.0,E-Wallet,Transfer Teman/Keluarga
1304,2025-10-20,Gaji bulanan,Gaji,Pemasukan,6456216.0,Transfer Bank,Gaji
1305,2026-01-11,Liburan,Hiburan,Pengeluaran,449859.0,Kartu Kredit,Hiburan
1306,2025-04-26,Bensin,Transportasi,Pengeluaran,96830.0,Tunai,Transportasi
1307,2026-03-19,Tiket bioskop,Hiburan,Pengeluaran,44718.0,E-Wallet,Hiburan
1308,2026-03-03,Pakaian baru,Belanja Bulanan,Pengeluaran,230486.0,Kartu Kredit,Belanja Bulanan
1309,2026-03-06,Bonus,Gaji,Pemasukan,2496745.0,Transfer Bank,Gaji
1310,2025-08-17,Gaji bulanan,Gaji,Pemasukan,6252400.0,E-Wallet,Gaji
1311,2026-03-12,Bonus,Gaji,Pemasukan,2743167.0,E-Wallet,Gaji
1312,2024-12-17,Transfer teman,Transfer Teman/Keluarga,Pemasukan,298900.0,Kartu Debit,Transfer Teman/Keluarga
1313,2025-08-07,Netflix,Pembayaran Langganan,Pengeluaran,25279.0,Transfer Bank,Pembayaran Langganan
1314,2025-02-07,Transfer teman,Transfer Teman/Keluarga,Pemasukan,290774.0,E-Wallet,Transfer Teman/Keluarga
1315,2025-06-07,Tagihan internet,Pulsa & Internet,Pengeluaran,90864.0,E-Wallet,Pulsa & Internet
1316,2025-11-25,Jajan,Makanan & Minuman,Pengeluaran,46949.0,E-Wallet,Makanan & Minuman
1317,2026-04-17,Transfer teman,Transfer Teman/Keluarga,Pemasukan,120878.0,E-Wallet,Transfer Teman/Keluarga
1318,2025-04-04,Gaji bulanan,Gaji,Pemasukan,6036631.0,Transfer Bank,Gaji
1319,2025-01-26,Bonus,Gaji,Pemasukan,1910910.0,Transfer Bank,Gaji
1320,2024-07-19,Konser,Hiburan,Pengeluaran,462665.0,Kartu Kredit,Hiburan
1321,2026-02-19,Langganan streaming,Hiburan,Pengeluaran,48649.0,Kartu Debit,Hiburan
1322,2024-12-12,Tiket KRL,Transportasi,Pengeluaran,79067.0,Kartu Debit,Transportasi
1323,2025-05-25,Netflix,Pembayaran Langganan,Pengeluaran,27314.0,E-Wallet,Pembayaran Langganan
1324,2025-09-12,Transfer teman,Transfer Teman/Keluarga,Pengeluaran,230190.0,Transfer Bank,Transfer Teman/Keluarga
1325,2024-08-08,Kirim uang keluarga,Transfer Teman/Keluarga,Pemasukan,105224.0,Transfer Bank,Transfer Teman/Keluarga
1326,2024-07-20,Cloud storage,Pembayaran Langganan,Pengeluaran,50130.0,Kartu Kredit,Pembayaran Langganan
1327,2025-03-27,Konser,Hiburan,Pengeluaran,338930.0,Transfer Bank,Hiburan
1328,2024-12-18,Kopi,Makanan & Minuman,Pengeluaran,20894.0,Kartu Debit,Makanan & Minuman
1329,2024-11-29,Transfer teman,Transfer Teman/Keluarga,Pengeluaran,50871.0,E-Wallet,Transfer Teman/Keluarga
1330,2025-10-21,Gaji bulanan,Gaji,Pemasukan,6250644.0,Transfer Bank,Gaji
1331,2025-11-25,Spotify Premium,Pembayaran Langganan,Pengeluaran,27081.0,E-Wallet,Pembayaran Langganan
1332,2025-07-10,Gaji bulanan,Gaji,Pemasukan,6202403.0,Transfer Bank,Gaji
1333,2025-02-14,Bensin,Transportasi,Pengeluaran,61112.0,Kartu Debit,Transportasi
1334,2025-05-23,Kirim uang keluarga,Transfer Teman/Keluarga,Pemasukan,201806.0,E-Wallet,Transfer Teman/Keluarga
1335,2025-08-30,Tagihan internet,Pulsa & Internet,Pengeluaran,112387.0,Transfer Bank,Pulsa & Internet
1336,2026-03-20,Bonus,Gaji,Pemasukan,2918811.0,Transfer Bank,Gaji
1337,2024-11-03,Netflix,Pembayaran Langganan,Pengeluaran,23007.0,Transfer Bank,Pembayaran Langganan
1338,2026-04-10,Gaji bulanan,Gaji,Pemasukan,6483254.0,E-Wallet,Gaji
1339,2024-10-23,Kirim uang keluarga,Transfer Teman/Keluarga,Pemasukan,226602.0,E-Wallet,Transfer Teman/Keluarga
1340,2024-09-15,Tiket bioskop,Hiburan,Pengeluaran,42482.0,E-Wallet,Hiburan
1341,2024-11-30,Taksi,Transportasi,Pengeluaran,92323.0,E-Wallet,Transportasi
1342,2024-08-19,Paket data,Pulsa & Internet,Pengeluaran,86382.0,Transfer Bank,Pulsa & Internet
1343,2024-12-30,Transfer teman,Transfer Teman/Keluarga,Pemasukan,181500.0,Kartu Debit,Transfer Teman/Keluarga
1344,2026-04-13,Transfer teman,Transfer Teman/Keluarga,Pemasukan,145299.0,E-Wallet,Transfer Teman/Keluarga
1345,2024-06-27,Perlengkapan rumah,Belanja Bulanan,Pengeluaran,499140.0,Transfer Bank,Belanja Bulanan
1346,2025-02-07,Ojek online,Transportasi,Pengeluaran,18104.0,E-Wallet,Transportasi
1347,2025-11-08,Gaji bulanan,Gaji,Pemasukan,6418186.0,E-Wallet,Gaji
3510,2025-06-27,Bonus,Gaji,Pemasukan,1854560.0,E-Wallet,Gaji
1349,2024-06-01,Bonus,Gaji,Pemasukan,2364618.0,E-Wallet,Gaji
1350,2024-06-07,Bayar kos,Tempat Tinggal,Pengeluaran,846014.0,Tunai,Tempat Tinggal
1351,2025-04-28,Taksi,Transportasi,Pengeluaran,25511.0,Lainnya,Transportasi
1352,2025-06-19,Bonus,Gaji,Pemasukan,2869658.0,Transfer Bank,Gaji
1353,2025-02-17,Gaji bulanan,Gaji,Pemasukan,6031679.0,Kartu Debit,Gaji
1354,2025-06-11,Gaji bulanan,Gaji,Pemasukan,6255702.0,Transfer Bank,Gaji
1355,2025-12-01,Transfer teman,Transfer Teman/Keluarga,Pemasukan,252518.0,E-Wallet,Transfer Teman/Keluarga
1356,2026-02-11,Transfer teman,Transfer Teman/Keluarga,Pemasukan,216668.0,Kartu Debit,Transfer Teman/Keluarga
1357,2026-02-17,Pakaian baru,Belanja Bulanan,Pengeluaran,421028.0,E-Wallet,Belanja Bulanan
1358,2025-09-03,Bonus,Gaji,Pemasukan,2709730.0,Kartu Debit,Gaji
1359,2025-06-14,Kirim uang keluarga,Transfer Teman/Keluarga,Pemasukan,72769.0,E-Wallet,Transfer Teman/Keluarga
1361,2025-02-03,Bonus,Gaji,Pemasukan,1175435.0,Transfer Bank,Gaji
1362,2024-07-09,Liburan,Hiburan,Pengeluaran,486289.0,Transfer Bank,Hiburan
1363,2024-06-25,Gaji bulanan,Gaji,Pemasukan,6337884.0,Kartu Debit,Gaji
1364,2025-03-10,Transfer teman,Transfer Teman/Keluarga,Pemasukan,204084.0,Kartu Debit,Transfer Teman/Keluarga
1365,2026-04-16,Bonus,Gaji,Pemasukan,2303621.0,Kartu Debit,Gaji
1366,2025-09-28,Belanja kebutuhan pokok,Belanja Bulanan,Pengeluaran,436490.0,Kartu Kredit,Belanja Bulanan
1367,2026-03-31,Kirim uang keluarga,Transfer Teman/Keluarga,Pemasukan,189662.0,E-Wallet,Transfer Teman/Keluarga
1368,2025-12-14,Jajan,Makanan & Minuman,Pengeluaran,15985.0,Tunai,Makanan & Minuman
1369,2024-10-03,Kopi,Makanan & Minuman,Pengeluaran,23707.0,Kartu Kredit,Makanan & Minuman
1370,2024-09-28,Tagihan internet,Pulsa & Internet,Pengeluaran,90143.0,E-Wallet,Pulsa & Internet
1371,2025-01-02,Langganan streaming,Hiburan,Pengeluaran,44002.0,E-Wallet,Hiburan
1372,2024-09-15,Gaji bulanan,Gaji,Pemasukan,6126592.0,E-Wallet,Gaji
1373,2025-08-06,Tiket bioskop,Hiburan,Pengeluaran,39341.0,Kartu Kredit,Hiburan
1374,2025-12-26,Gaji bulanan,Gaji,Pemasukan,6162816.0,Transfer Bank,Gaji
1375,2025-04-15,Iuran lingkungan,Tempat Tinggal,Pengeluaran,51018.0,Tunai,Tempat Tinggal
1376,2025-01-09,Jajan,Makanan & Minuman,Pengeluaran,52746.0,E-Wallet,Makanan & Minuman
1377,2025-09-11,Belanja dapur,Makanan & Minuman,Pengeluaran,343060.0,Kartu Debit,Makanan & Minuman
1378,2024-07-20,Kirim uang keluarga,Transfer Teman/Keluarga,Pengeluaran,192007.0,Kartu Debit,Transfer Teman/Keluarga
1379,2026-04-07,Transfer teman,Transfer Teman/Keluarga,Pemasukan,235741.0,Kartu Debit,Transfer Teman/Keluarga
1380,2024-08-19,Konser,Hiburan,Pengeluaran,353924.0,Kartu Kredit,Hiburan
1381,2025-08-09,Transfer teman,Transfer Teman/Keluarga,Pemasukan,72317.0,Transfer Bank,Transfer Teman/Keluarga
1382,2025-01-04,Jajan,Makanan & Minuman,Pengeluaran,41571.0,E-Wallet,Makanan & Minuman
1383,2026-03-15,Tagihan internet,Pulsa & Internet,Pengeluaran,62607.0,Kartu Kredit,Pulsa & Internet
1385,2025-11-14,Bonus,Gaji,Pemasukan,1589026.0,Transfer Bank,Gaji
1386,2025-08-16,Transfer teman,Transfer Teman/Keluarga,Pemasukan,164710.0,E-Wallet,Transfer Teman/Keluarga
1387,2026-02-20,Ojek online,Transportasi,Pengeluaran,13432.0,Transfer Bank,Transportasi
1388,2024-11-20,Tiket KRL,Transportasi,Pengeluaran,91164.0,Kartu Debit,Transportasi
1389,2025-10-20,Tiket KRL,Transportasi,Pengeluaran,25303.0,Kartu Debit,Transportasi
1390,2024-12-13,Transfer teman,Transfer Teman/Keluarga,Pengeluaran,63914.0,E-Wallet,Transfer Teman/Keluarga
1391,2026-05-11,Spotify Premium,Pembayaran Langganan,Pengeluaran,20957.0,Transfer Bank,Pembayaran Langganan
1392,2026-03-08,Kirim uang keluarga,Transfer Teman/Keluarga,Pemasukan,137608.0,E-Wallet,Transfer Teman/Keluarga
1393,2025-12-09,Transfer teman,Transfer Teman/Keluarga,Pengeluaran,125613.0,E-Wallet,Transfer Teman/Keluarga
1394,2024-11-22,Kirim uang keluarga,Transfer Teman/Keluarga,Pemasukan,75675.0,E-Wallet,Transfer Teman/Keluarga
1395,2024-07-05,Service AC kos,Tempat Tinggal,Pengeluaran,51941.0,Tunai,Tempat Tinggal
1396,2025-12-14,Transfer Teman/Keluarga,Transfer Teman/Keluarga,Pemasukan,295133.0,E-Wallet,Transfer Teman/Keluarga
1397,2024-11-05,Kopi,Makanan & Minuman,Pengeluaran,16485.0,E-Wallet,Makanan & Minuman
1398,2024-12-30,Transfer teman,Transfer Teman/Keluarga,Pengeluaran,117717.0,Transfer Bank,Transfer Teman/Keluarga
1399,2025-12-29,Bonus,Gaji,Pemasukan,2215662.0,E-Wallet,Gaji
1400,2025-11-30,Kirim uang keluarga,Transfer Teman/Keluarga,Pemasukan,279106.0,Transfer Bank,Transfer Teman/Keluarga
1401,2024-10-12,Liburan,Hiburan,Pengeluaran,362908.0,Kartu Debit,Hiburan
1402,2025-05-01,Makan malam restoran,Makanan & Minuman,Pengeluaran,520050.0,Kartu Kredit,Makanan & Minuman
1403,2024-07-15,Transfer teman,Transfer Teman/Keluarga,Pemasukan,251577.0,Transfer Bank,Transfer Teman/Keluarga
1404,2025-12-08,Belanja dapur,Makanan & Minuman,Pengeluaran,304316.0,Kartu Kredit,Makanan & Minuman
1405,2025-01-28,Pakaian baru,Belanja Bulanan,Pengeluaran,209359.0,Tunai,Belanja Bulanan
1406,2025-08-23,Taksi,Transportasi,Pengeluaran,15945.0,Transfer Bank,Transportasi
1407,2025-10-14,Kirim uang keluarga,Transfer Teman/Keluarga,Pemasukan,276705.0,E-Wallet,Transfer Teman/Keluarga
1408,2025-05-16,Transfer teman,Transfer Teman/Keluarga,Pemasukan,86947.0,Kartu Debit,Transfer Teman/Keluarga
1409,2024-11-16,Kirim uang keluarga,Transfer Teman/Keluarga,Pemasukan,99277.0,Transfer Bank,Transfer Teman/Keluarga
1410,2026-04-29,Transfer teman,Transfer Teman/Keluarga,Pemasukan,55371.0,Transfer Bank,Transfer Teman/Keluarga
1411,2025-11-10,Taksi,Transportasi,Pengeluaran,56129.0,Kartu Debit,Transportasi
1412,2025-03-14,Jajan,Makanan & Minuman,Pengeluaran,43869.0,Tunai,Makanan & Minuman
1413,2026-05-01,Belanja dapur,Makanan & Minuman,Pengeluaran,416483.0,Lainnya,Makanan & Minuman
1414,2026-03-07,Gaji bulanan,Gaji,Pemasukan,6233284.0,Transfer Bank,Gaji
1415,2024-08-25,Transfer teman,Transfer Teman/Keluarga,Pemasukan,202476.0,Transfer Bank,Transfer Teman/Keluarga
1416,2024-12-23,Bayar kos,Tempat Tinggal,Pengeluaran,873035.0,E-Wallet,Tempat Tinggal
1417,2025-07-24,Kopi,Makanan & Minuman,Pengeluaran,34049.0,Tunai,Makanan & Minuman
1418,2024-07-14,Kirim uang keluarga,Transfer Teman/Keluarga,Pemasukan,127532.0,Kartu Debit,Transfer Teman/Keluarga
1419,2025-04-04,Kirim uang keluarga,Transfer Teman/Keluarga,Pemasukan,277854.0,Lainnya,Transfer Teman/Keluarga
1420,2025-05-06,Belanja kebutuhan pokok,Belanja Bulanan,Pengeluaran,355519.0,Kartu Kredit,Belanja Bulanan
1421,2025-04-20,Pulsa prabayar,Pulsa & Internet,Pengeluaran,116075.0,Kartu Kredit,Pulsa & Internet
1422,2026-01-24,Makan malam restoran,Makanan & Minuman,Pengeluaran,292724.0,Kartu Kredit,Makanan & Minuman
1423,2026-03-17,Kirim uang keluarga,Transfer Teman/Keluarga,Pemasukan,142782.0,Transfer Bank,Transfer Teman/Keluarga
1424,2024-10-28,Transfer teman,Transfer Teman/Keluarga,Pemasukan,259530.0,Transfer Bank,Transfer Teman/Keluarga
1425,2024-06-11,Bonus,Gaji,Pemasukan,1185966.0,Transfer Bank,Gaji
1426,2025-08-07,Iuran lingkungan,Tempat Tinggal,Pengeluaran,50165.0,Transfer Bank,Tempat Tinggal
1427,2024-06-12,Bonus,Gaji,Pemasukan,2768992.0,E-Wallet,Gaji
1428,2025-02-07,Tagihan internet,Pulsa & Internet,Pengeluaran,80211.0,Kartu Debit,Pulsa & Internet
1429,2025-02-21,Perlengkapan rumah,Belanja Bulanan,Pengeluaran,341904.0,Tunai,Belanja Bulanan
1430,2024-11-30,Iuran lingkungan,Tempat Tinggal,Pengeluaran,51303.0,Tunai,Tempat Tinggal
1431,2024-09-26,Kirim uang keluarga,Transfer Teman/Keluarga,Pemasukan,188888.0,Kartu Debit,Transfer Teman/Keluarga
1432,2025-02-04,Transfer teman,Transfer Teman/Keluarga,Pemasukan,86934.0,Kartu Debit,Transfer Teman/Keluarga
1433,2026-02-24,Transfer teman,Transfer Teman/Keluarga,Pemasukan,272804.0,E-Wallet,Transfer Teman/Keluarga
1434,2026-02-22,Tagihan internet,Pulsa & Internet,Pengeluaran,78807.0,Kartu Debit,Pulsa & Internet
1435,2026-04-22,Pakaian baru,Belanja Bulanan,Pengeluaran,282130.0,Kartu Kredit,Belanja Bulanan
1436,2025-05-23,Gaji bulanan,Gaji,Pemasukan,6108674.0,Transfer Bank,Gaji
1437,2025-03-20,Bonus,Gaji,Pemasukan,2270896.0,Kartu Debit,Gaji
1438,2025-04-21,Tiket bioskop,Hiburan,Pengeluaran,38147.0,E-Wallet,Hiburan
1439,2025-11-26,Bonus,Gaji,Pemasukan,2112625.0,Kartu Debit,Gaji
1440,2026-03-25,Kirim uang keluarga,Transfer Teman/Keluarga,Pemasukan,257391.0,Transfer Bank,Transfer Teman/Keluarga
1441,2025-05-20,Iuran lingkungan,Tempat Tinggal,Pengeluaran,50459.0,Kartu Debit,Tempat Tinggal
1442,2026-05-04,Belanja dapur,Makanan & Minuman,Pengeluaran,584786.0,Kartu Kredit,Makanan & Minuman
1443,2025-12-27,Pulsa prabayar,Pulsa & Internet,Pengeluaran,68887.0,Kartu Debit,Pulsa & Internet
1444,2026-04-12,Makan malam restoran,Makanan & Minuman,Pengeluaran,257173.0,Kartu Kredit,Makanan & Minuman
1445,2024-05-31,Transfer teman,Transfer Teman/Keluarga,Pengeluaran,53697.0,Kartu Debit,Transfer Teman/Keluarga
1446,2026-01-05,Gaji bulanan,Gaji,Pemasukan,6123710.0,Transfer Bank,Gaji
1447,2025-10-11,Tiket bioskop,Hiburan,Pengeluaran,49696.0,Kartu Debit,Hiburan
1448,2026-02-08,Bonus,Gaji,Pemasukan,2913467.0,Kartu Debit,Gaji
1449,2025-04-03,Transfer teman,Transfer Teman/Keluarga,Pemasukan,119778.0,E-Wallet,Transfer Teman/Keluarga
1450,2025-05-17,Gaji bulanan,Gaji,Pemasukan,6412197.0,Transfer Bank,Gaji
1451,2026-04-14,Pakaian baru,Belanja Bulanan,Pengeluaran,407796.0,E-Wallet,Belanja Bulanan
1452,2026-02-11,Perlengkapan rumah,Belanja Bulanan,Pengeluaran,320077.0,Kartu Debit,Belanja Bulanan
1453,2024-11-29,Transfer teman,Transfer Teman/Keluarga,Pengeluaran,242705.0,E-Wallet,Transfer Teman/Keluarga
1454,2024-08-25,Bonus,Gaji,Pemasukan,1480164.0,Kartu Debit,Gaji
1455,2025-09-02,Gaji bulanan,Gaji,Pemasukan,6217802.0,E-Wallet,Gaji
1456,2025-11-26,Transfer teman,Transfer Teman/Keluarga,Pemasukan,208390.0,E-Wallet,Transfer Teman/Keluarga
1457,2025-06-20,Liburan,Hiburan,Pengeluaran,301830.0,E-Wallet,Hiburan
1458,2024-07-23,Makan malam restoran,Makanan & Minuman,Pengeluaran,384793.0,Tunai,Makanan & Minuman
1459,2025-12-15,Kirim uang keluarga,Transfer Teman/Keluarga,Pemasukan,137127.0,Transfer Bank,Transfer Teman/Keluarga
1460,2025-06-02,Kirim uang keluarga,Transfer Teman/Keluarga,Pemasukan,54059.0,E-Wallet,Transfer Teman/Keluarga
1461,2026-02-14,Service AC kos,Tempat Tinggal,Pengeluaran,51117.0,Transfer Bank,Tempat Tinggal
1462,2025-01-22,Transfer teman,Transfer Teman/Keluarga,Pemasukan,147710.0,E-Wallet,Transfer Teman/Keluarga
1463,2025-12-24,Transfer teman,Transfer Teman/Keluarga,Pemasukan,119072.0,Kartu Debit,Transfer Teman/Keluarga
1464,2026-02-15,Service AC kos,Tempat Tinggal,Pengeluaran,50764.0,E-Wallet,Tempat Tinggal
1465,2025-03-29,Langganan streaming,Hiburan,Pengeluaran,47545.0,E-Wallet,Hiburan
1466,2025-07-29,Transfer teman,Transfer Teman/Keluarga,Pengeluaran,224034.0,E-Wallet,Transfer Teman/Keluarga
1467,2025-10-11,Jajan,Makanan & Minuman,Pengeluaran,16040.0,Tunai,Makanan & Minuman
1468,2025-04-01,Kirim uang keluarga,Transfer Teman/Keluarga,Pemasukan,73506.0,E-Wallet,Transfer Teman/Keluarga
1470,2026-02-19,Tagihan internet,Pulsa & Internet,Pengeluaran,84397.0,E-Wallet,Pulsa & Internet
1471,2026-04-16,Bonus,Gaji,Pemasukan,1124042.0,Transfer Bank,Gaji
1472,2026-03-24,Bensin,Transportasi,Pengeluaran,13633.0,E-Wallet,Transportasi
1473,2024-08-20,Transfer teman,Transfer Teman/Keluarga,Pemasukan,190804.0,Transfer Bank,Transfer Teman/Keluarga
1474,2024-11-29,Transfer teman,Transfer Teman/Keluarga,Pemasukan,99164.0,E-Wallet,Transfer Teman/Keluarga
1475,2026-01-27,Kirim uang keluarga,Transfer Teman/Keluarga,Pemasukan,187867.0,Transfer Bank,Transfer Teman/Keluarga
1476,2025-05-15,Bonus,Gaji,Pemasukan,1893110.0,Transfer Bank,Gaji
1477,2025-04-27,Perlengkapan rumah,Belanja Bulanan,Pengeluaran,487041.0,E-Wallet,Belanja Bulanan
1478,2024-10-24,Gaji bulanan,Gaji,Pemasukan,6003387.0,Kartu Debit,Gaji
1479,2024-10-22,Jajan,Makanan & Minuman,Pengeluaran,62537.0,Tunai,Makanan & Minuman
1480,2024-08-31,Beli makan siang,Makanan & Minuman,Pengeluaran,42414.0,E-Wallet,Makanan & Minuman
1481,2024-09-09,Langganan streaming,Hiburan,Pengeluaran,37679.0,E-Wallet,Hiburan
1482,2026-02-27,Ojek online,Transportasi,Pengeluaran,45846.0,Transfer Bank,Transportasi
1483,2024-10-26,Kopi,Makanan & Minuman,Pengeluaran,15462.0,Tunai,Makanan & Minuman
1484,2025-10-22,Gaji,Gaji,Pemasukan,1818380.0,E-Wallet,Gaji
1485,2025-07-04,Liburan,Hiburan,Pengeluaran,307702.0,Kartu Debit,Hiburan
1486,2024-11-05,Iuran lingkungan,Tempat Tinggal,Pengeluaran,50820.0,Kartu Debit,Tempat Tinggal
1487,2025-06-24,Transfer teman,Transfer Teman/Keluarga,Pemasukan,243299.0,Transfer Bank,Transfer Teman/Keluarga
1488,2025-12-13,Gaji bulanan,Gaji,Pemasukan,6028467.0,E-Wallet,Gaji
1489,2025-12-10,Gaji bulanan,Gaji,Pemasukan,6352557.0,Transfer Bank,Gaji
1490,2024-11-29,Gaji bulanan,Gaji,Pemasukan,6341375.0,E-Wallet,Gaji
1491,2025-07-01,Kirim uang keluarga,Transfer Teman/Keluarga,Pemasukan,119248.0,E-Wallet,Transfer Teman/Keluarga
1492,2026-03-22,Bonus,Gaji,Pemasukan,2150634.0,E-Wallet,Gaji
1493,2025-02-26,Bayar kos,Tempat Tinggal,Pengeluaran,957074.0,Transfer Bank,Tempat Tinggal
1494,2025-08-10,Pakaian baru,Belanja Bulanan,Pengeluaran,416541.0,Kartu Debit,Belanja Bulanan
1495,2025-04-29,Cloud storage,Pembayaran Langganan,Pengeluaran,52797.0,E-Wallet,Pembayaran Langganan
1496,2025-05-18,Gaji bulanan,Gaji,Pemasukan,6021055.0,Kartu Debit,Gaji
1497,2025-01-01,Konser,Hiburan,Pengeluaran,400659.0,Transfer Bank,Hiburan
1498,2026-04-28,Bonus,Gaji,Pemasukan,2719813.0,E-Wallet,Gaji
1499,2025-03-06,Konser,Hiburan,Pengeluaran,487693.0,Lainnya,Hiburan
1500,2025-10-16,Bayar kos,Tempat Tinggal,Pengeluaran,863475.0,Tunai,Tempat Tinggal
1501,2024-12-28,Kirim uang keluarga,Transfer Teman/Keluarga,Pengeluaran,113482.0,Kartu Debit,Transfer Teman/Keluarga
1502,2025-01-07,Spotify Premium,Pembayaran Langganan,Pengeluaran,25753.0,Kartu Debit,Pembayaran Langganan
1503,2026-02-25,Bonus,Gaji,Pemasukan,2235559.0,E-Wallet,Gaji
1504,2024-07-15,Bonus,Gaji,Pemasukan,2381825.0,Kartu Debit,Gaji
1505,2025-01-12,Kirim uang keluarga,Transfer Teman/Keluarga,Pemasukan,184028.0,Transfer Bank,Transfer Teman/Keluarga
1506,2025-04-04,Langganan streaming,Hiburan,Pengeluaran,48278.0,Kartu Debit,Hiburan
1507,2026-02-04,Belanja kebutuhan pokok,Belanja Bulanan,Pengeluaran,273958.0,Transfer Bank,Belanja Bulanan
1508,2024-06-13,Spotify Premium,Pembayaran Langganan,Pengeluaran,27277.0,Kartu Debit,Pembayaran Langganan
1510,2025-06-02,Pakaian baru,Belanja Bulanan,Pengeluaran,365180.0,E-Wallet,Belanja Bulanan
1511,2026-04-26,Bensin,Transportasi,Pengeluaran,44925.0,E-Wallet,Transportasi
1512,2025-10-23,Kirim uang keluarga,Transfer Teman/Keluarga,Pengeluaran,169761.0,Transfer Bank,Transfer Teman/Keluarga
1513,2024-10-31,Paket data,Pulsa & Internet,Pengeluaran,93459.0,E-Wallet,Pulsa & Internet
1514,2026-02-22,Kirim uang keluarga,Transfer Teman/Keluarga,Pemasukan,299025.0,E-Wallet,Transfer Teman/Keluarga
1515,2024-12-25,Bonus,Gaji,Pemasukan,1620119.0,Kartu Debit,Gaji
1516,2025-04-12,Transfer teman,Transfer Teman/Keluarga,Pengeluaran,123513.0,E-Wallet,Transfer Teman/Keluarga
1517,2025-04-20,Gaji bulanan,Gaji,Pemasukan,6369193.0,Kartu Debit,Gaji
1518,2025-09-13,Tiket KRL,Transportasi,Pengeluaran,65229.0,Transfer Bank,Transportasi
1519,2025-01-17,Tiket KRL,Transportasi,Pengeluaran,16013.0,E-Wallet,Transportasi
1520,2026-05-21,Gaji bulanan,Gaji,Pemasukan,6161464.0,Transfer Bank,Gaji
1521,2024-07-11,Bonus,Gaji,Pemasukan,1366340.0,Kartu Debit,Gaji
1523,2025-10-24,Transfer teman,Transfer Teman/Keluarga,Pemasukan,55559.0,Kartu Debit,Transfer Teman/Keluarga
1524,2025-12-20,Transfer teman,Transfer Teman/Keluarga,Pemasukan,103083.0,Transfer Bank,Transfer Teman/Keluarga
1525,2026-02-25,Kirim uang keluarga,Transfer Teman/Keluarga,Pemasukan,70380.0,E-Wallet,Transfer Teman/Keluarga
1526,2024-10-20,Transfer teman,Transfer Teman/Keluarga,Pengeluaran,115282.0,E-Wallet,Transfer Teman/Keluarga
1527,2025-06-26,Paket data,Pulsa & Internet,Pengeluaran,126761.0,E-Wallet,Pulsa & Internet
1528,2026-03-28,Transfer teman,Transfer Teman/Keluarga,Pemasukan,207919.0,E-Wallet,Transfer Teman/Keluarga
1529,2024-12-20,Liburan,Hiburan,Pengeluaran,459477.0,Transfer Bank,Hiburan
1530,2024-09-24,Iuran lingkungan,Tempat Tinggal,Pengeluaran,50713.0,Kartu Debit,Tempat Tinggal
1531,2025-11-08,Pakaian baru,Belanja Bulanan,Pengeluaran,266102.0,Kartu Kredit,Belanja Bulanan
1532,2025-04-20,Transfer teman,Transfer Teman/Keluarga,Pemasukan,98346.0,Kartu Debit,Transfer Teman/Keluarga
1533,2026-05-21,Bonus,Gaji,Pemasukan,1200241.0,Transfer Bank,Gaji
1534,2026-05-14,Belanja dapur,Makanan & Minuman,Pengeluaran,473914.0,Kartu Debit,Makanan & Minuman
1535,2025-12-05,Gaji,Gaji,Pemasukan,1509400.0,E-Wallet,Gaji
1536,2025-03-12,Bonus,Gaji,Pemasukan,2595899.0,Transfer Bank,Gaji
1537,2024-07-26,Pulsa prabayar,Pulsa & Internet,Pengeluaran,65377.0,Transfer Bank,Pulsa & Internet
1538,2024-09-25,Belanja dapur,Makanan & Minuman,Pengeluaran,259099.0,E-Wallet,Makanan & Minuman
1539,2025-05-04,Jajan,Makanan & Minuman,Pengeluaran,60617.0,E-Wallet,Makanan & Minuman
1540,2024-08-12,Kopi,Makanan & Minuman,Pengeluaran,40119.0,Kartu Debit,Makanan & Minuman
1541,2026-04-14,Kirim uang keluarga,Transfer Teman/Keluarga,Pengeluaran,144371.0,Kartu Debit,Transfer Teman/Keluarga
1542,2025-05-14,Tiket KRL,Transportasi,Pengeluaran,80724.0,Transfer Bank,Transportasi
1543,2025-02-17,Service AC kos,Tempat Tinggal,Pengeluaran,50174.0,E-Wallet,Tempat Tinggal
1544,2024-08-15,Belanja kebutuhan pokok,Belanja Bulanan,Pengeluaran,487842.0,Kartu Kredit,Belanja Bulanan
1545,2024-07-07,Belanja kebutuhan pokok,Belanja Bulanan,Pengeluaran,226020.0,Transfer Bank,Belanja Bulanan
1546,2024-09-14,Service AC kos,Tempat Tinggal,Pengeluaran,50161.0,Kartu Debit,Tempat Tinggal
1547,2024-09-16,Taksi,Transportasi,Pengeluaran,75433.0,Kartu Debit,Transportasi
1548,2026-03-14,Gaji bulanan,Gaji,Pemasukan,6232981.0,Transfer Bank,Gaji
1549,2024-09-15,Transfer teman,Transfer Teman/Keluarga,Pemasukan,80138.0,Transfer Bank,Transfer Teman/Keluarga
1550,2024-10-08,Gaji bulanan,Gaji,Pemasukan,6033628.0,E-Wallet,Gaji
1551,2024-06-10,Bonus,Gaji,Pemasukan,2128815.0,Transfer Bank,Gaji
1552,2025-06-03,Bonus,Gaji,Pemasukan,2239386.0,Kartu Debit,Gaji
1553,2025-08-21,Service AC kos,Tempat Tinggal,Pengeluaran,50788.0,Transfer Bank,Tempat Tinggal
1554,2025-02-03,Pakaian baru,Belanja Bulanan,Pengeluaran,267523.0,Kartu Kredit,Belanja Bulanan
1555,2024-10-01,Transfer teman,Transfer Teman/Keluarga,Pemasukan,227541.0,Kartu Debit,Transfer Teman/Keluarga
1556,2025-01-19,Bonus,Gaji,Pemasukan,2622955.0,Transfer Bank,Gaji
1557,2025-09-11,Bonus,Gaji,Pemasukan,1090215.0,E-Wallet,Gaji
1558,2026-03-14,Paket data,Pulsa & Internet,Pengeluaran,134810.0,Kartu Debit,Pulsa & Internet
1559,2024-12-15,Paket data,Pulsa & Internet,Pengeluaran,80977.0,E-Wallet,Pulsa & Internet
1560,2025-10-23,Gaji bulanan,Gaji,Pemasukan,6036977.0,Kartu Debit,Gaji
1561,2026-01-07,Bonus,Gaji,Pemasukan,1728357.0,E-Wallet,Gaji
1562,2024-09-28,Gaji bulanan,Gaji,Pemasukan,6478929.0,Kartu Debit,Gaji
1563,2025-12-26,Transfer teman,Transfer Teman/Keluarga,Pemasukan,67023.0,E-Wallet,Transfer Teman/Keluarga
1564,2024-11-04,Tiket bioskop,Hiburan,Pengeluaran,40959.0,E-Wallet,Hiburan
1565,2025-02-03,Kirim uang keluarga,Transfer Teman/Keluarga,Pemasukan,252849.0,Transfer Bank,Transfer Teman/Keluarga
1566,2025-01-22,Bonus,Gaji,Pemasukan,2079661.0,Kartu Debit,Gaji
1567,2026-01-03,Iuran lingkungan,Tempat Tinggal,Pengeluaran,51948.0,Transfer Bank,Tempat Tinggal
1568,2025-10-20,Iuran lingkungan,Tempat Tinggal,Pengeluaran,50645.0,Kartu Debit,Tempat Tinggal
1569,2025-11-20,Kirim uang keluarga,Transfer Teman/Keluarga,Pemasukan,219715.0,E-Wallet,Transfer Teman/Keluarga
1571,2024-06-30,Pakaian baru,Belanja Bulanan,Pengeluaran,272939.0,E-Wallet,Belanja Bulanan
1572,2026-04-21,Bensin,Transportasi,Pengeluaran,95720.0,Kartu Debit,Transportasi
1573,2025-04-14,Beli makan siang,Makanan & Minuman,Pengeluaran,59041.0,Kartu Kredit,Makanan & Minuman
1574,2024-07-14,Pulsa prabayar,Pulsa & Internet,Pengeluaran,64183.0,Kartu Kredit,Pulsa & Internet
1575,2025-02-17,Transfer teman,Transfer Teman/Keluarga,Pengeluaran,185199.0,Transfer Bank,Transfer Teman/Keluarga
1576,2024-11-26,Transfer teman,Transfer Teman/Keluarga,Pemasukan,166102.0,Transfer Bank,Transfer Teman/Keluarga
1577,2024-08-31,Transfer teman,Transfer Teman/Keluarga,Pemasukan,115640.0,Kartu Debit,Transfer Teman/Keluarga
1578,2026-03-20,Jajan,Makanan & Minuman,Pengeluaran,34939.0,Kartu Kredit,Makanan & Minuman
1579,2024-11-14,Gaji bulanan,Gaji,Pemasukan,6015480.0,E-Wallet,Gaji
1580,2025-07-06,Ojek online,Transportasi,Pengeluaran,54916.0,E-Wallet,Transportasi
1581,2025-09-25,Service AC kos,Tempat Tinggal,Pengeluaran,51782.0,Transfer Bank,Tempat Tinggal
1582,2024-08-04,Makan malam restoran,Makanan & Minuman,Pengeluaran,344872.0,E-Wallet,Makanan & Minuman
1583,2025-11-10,Bonus,Gaji,Pemasukan,2390913.0,E-Wallet,Gaji
1584,2025-09-09,Transfer teman,Transfer Teman/Keluarga,Pemasukan,114455.0,Kartu Debit,Transfer Teman/Keluarga
1585,2025-08-27,Gaji bulanan,Gaji,Pemasukan,6109725.0,Kartu Debit,Gaji
1586,2026-05-21,Transfer teman,Transfer Teman/Keluarga,Pemasukan,125562.0,E-Wallet,Transfer Teman/Keluarga
1587,2025-11-26,Perlengkapan rumah,Belanja Bulanan,Pengeluaran,332809.0,Transfer Bank,Belanja Bulanan
1588,2025-09-10,Kirim uang keluarga,Transfer Teman/Keluarga,Pemasukan,62159.0,Kartu Debit,Transfer Teman/Keluarga
1589,2025-12-11,Makan malam restoran,Makanan & Minuman,Pengeluaran,681430.0,Tunai,Makanan & Minuman
1590,2025-11-16,Transfer teman,Transfer Teman/Keluarga,Pemasukan,262839.0,Kartu Debit,Transfer Teman/Keluarga
1591,2025-07-28,Bonus,Gaji,Pengeluaran,1364833.0,Transfer Bank,Gaji
1592,2024-08-25,Kopi,Makanan & Minuman,Pengeluaran,69072.0,Tunai,Makanan & Minuman
1593,2025-11-13,Bonus,Gaji,Pemasukan,2288134.0,Kartu Debit,Gaji
1594,2026-05-02,Gaji bulanan,Gaji,Pemasukan,6332172.0,Transfer Bank,Gaji
1595,2026-05-26,Kirim uang keluarga,Transfer Teman/Keluarga,Pengeluaran,92649.0,E-Wallet,Transfer Teman/Keluarga
1596,2025-11-29,Kirim uang keluarga,Transfer Teman/Keluarga,Pemasukan,179129.0,Kartu Debit,Transfer Teman/Keluarga
1597,2024-07-13,Bonus,Gaji,Pemasukan,1240945.0,Kartu Debit,Gaji
1598,2026-05-12,Paket data,Pulsa & Internet,Pengeluaran,54188.0,Transfer Bank,Pulsa & Internet
1599,2024-09-07,Bonus,Gaji,Pemasukan,1216794.0,E-Wallet,Gaji
1600,2024-09-16,Transfer teman,Transfer Teman/Keluarga,Pemasukan,199596.0,Transfer Bank,Transfer Teman/Keluarga
1601,2025-02-20,Pulsa prabayar,Pulsa & Internet,Pengeluaran,96537.0,E-Wallet,Pulsa & Internet
1602,2025-09-01,Spotify Premium,Pembayaran Langganan,Pengeluaran,22460.0,E-Wallet,Pembayaran Langganan
1603,2025-06-12,Spotify Premium,Pembayaran Langganan,Pengeluaran,23797.0,Kartu Debit,Pembayaran Langganan
1604,2025-05-22,Transfer teman,Transfer Teman/Keluarga,Pemasukan,261503.0,Kartu Debit,Transfer Teman/Keluarga
1605,2024-12-09,Bensin,Transportasi,Pengeluaran,30603.0,Kartu Debit,Transportasi
1606,2024-07-05,Makan malam restoran,Makanan & Minuman,Pengeluaran,252719.0,Tunai,Makanan & Minuman
1607,2024-06-09,Gaji bulanan,Gaji,Pemasukan,6147652.0,Transfer Bank,Gaji
1608,2025-07-29,Belanja kebutuhan pokok,Belanja Bulanan,Pengeluaran,439066.0,Transfer Bank,Belanja Bulanan
1609,2024-06-14,Gaji bulanan,Gaji,Pemasukan,6151648.0,Transfer Bank,Gaji
1610,2025-06-18,Bonus,Gaji,Pemasukan,2078331.0,Transfer Bank,Gaji
1611,2024-07-23,Kirim uang keluarga,Transfer Teman/Keluarga,Pengeluaran,173064.0,E-Wallet,Transfer Teman/Keluarga
1612,2025-05-29,Liburan,Hiburan,Pengeluaran,319398.0,Kartu Kredit,Hiburan
1613,2025-07-09,Gaji bulanan,Gaji,Pemasukan,6138020.0,E-Wallet,Gaji
1614,2026-03-13,Bonus,Gaji,Pemasukan,2244096.0,Transfer Bank,Gaji
1615,2025-05-12,Belanja kebutuhan pokok,Belanja Bulanan,Pengeluaran,300452.0,Tunai,Belanja Bulanan
1616,2024-08-29,Iuran lingkungan,Tempat Tinggal,Pengeluaran,51639.0,Transfer Bank,Tempat Tinggal
1617,2024-10-14,Transfer teman,Transfer Teman/Keluarga,Pemasukan,191246.0,Transfer Bank,Transfer Teman/Keluarga
1618,2026-01-19,Gaji bulanan,Gaji,Pemasukan,6122023.0,Transfer Bank,Gaji
1619,2024-09-22,Transfer teman,Transfer Teman/Keluarga,Pemasukan,73234.0,Kartu Debit,Transfer Teman/Keluarga
1620,2025-12-18,Bayar kos,Tempat Tinggal,Pengeluaran,925088.0,Kartu Debit,Tempat Tinggal
1621,2024-10-11,Bonus,Gaji,Pemasukan,2704294.0,E-Wallet,Gaji
1622,2026-02-26,Beli makan siang,Makanan & Minuman,Pengeluaran,123297.0,Tunai,Makanan & Minuman
1623,2025-07-20,Pakaian baru,Belanja Bulanan,Pengeluaran,313825.0,E-Wallet,Belanja Bulanan
1624,2026-01-14,Gaji bulanan,Gaji,Pemasukan,6033180.0,Transfer Bank,Gaji
1625,2025-07-12,Bayar kos,Tempat Tinggal,Pengeluaran,872100.0,Transfer Bank,Tempat Tinggal
1626,2025-10-03,Gym membership,Pembayaran Langganan,Pengeluaran,200388.0,Kartu Debit,Pembayaran Langganan
1627,2025-09-17,Bonus,Gaji,Pemasukan,1229760.0,Kartu Debit,Gaji
1628,2024-12-26,Transfer teman,Transfer Teman/Keluarga,Pemasukan,209757.0,Transfer Bank,Transfer Teman/Keluarga
1629,2024-05-31,Kirim uang keluarga,Transfer Teman/Keluarga,Pemasukan,199727.0,Kartu Debit,Transfer Teman/Keluarga
1630,2025-04-30,Kirim uang keluarga,Transfer Teman/Keluarga,Pemasukan,90412.0,Kartu Debit,Transfer Teman/Keluarga
1631,2024-12-22,Kirim uang keluarga,Transfer Teman/Keluarga,Pemasukan,169154.0,E-Wallet,Transfer Teman/Keluarga
1632,2024-12-27,Bensin,Transportasi,Pengeluaran,23052.0,Transfer Bank,Transportasi
1633,2025-07-16,Bonus,Gaji,Pemasukan,1599537.0,E-Wallet,Gaji
1634,2025-03-11,Pulsa prabayar,Pulsa & Internet,Pengeluaran,80658.0,Kartu Kredit,Pulsa & Internet
1635,2024-08-30,Gym membership,Pembayaran Langganan,Pengeluaran,200501.0,Kartu Debit,Pembayaran Langganan
1636,2024-12-27,Paket data,Pulsa & Internet,Pengeluaran,100102.0,Kartu Debit,Pulsa & Internet
1637,2024-10-04,Kirim uang keluarga,Transfer Teman/Keluarga,Pemasukan,99237.0,Transfer Bank,Transfer Teman/Keluarga
1638,2025-03-12,Bensin,Transportasi,Pengeluaran,74319.0,Kartu Debit,Transportasi
1639,2025-02-09,Kirim uang keluarga,Transfer Teman/Keluarga,Pemasukan,160241.0,E-Wallet,Transfer Teman/Keluarga
1640,2025-12-18,Langganan streaming,Hiburan,Pengeluaran,46943.0,E-Wallet,Hiburan
1641,2025-03-19,Kirim uang keluarga,Transfer Teman/Keluarga,Pengeluaran,79152.0,E-Wallet,Transfer Teman/Keluarga
1642,2025-08-12,Paket data,Pulsa & Internet,Pengeluaran,139034.0,E-Wallet,Pulsa & Internet
1643,2025-08-31,Paket data,Pulsa & Internet,Pengeluaran,99372.0,Kartu Kredit,Pulsa & Internet
1644,2025-03-20,Spotify Premium,Pembayaran Langganan,Pengeluaran,26035.0,Kartu Kredit,Pembayaran Langganan
1645,2025-07-23,Bayar kos,Tempat Tinggal,Pengeluaran,946064.0,Tunai,Tempat Tinggal
1646,2025-12-02,Gaji bulanan,Gaji,Pemasukan,6227703.5,Kartu Debit,Gaji
1647,2025-06-25,Gaji bulanan,Gaji,Pemasukan,6141036.0,Kartu Debit,Gaji
1648,2026-04-21,Kirim uang keluarga,Transfer Teman/Keluarga,Pemasukan,55996.0,Transfer Bank,Transfer Teman/Keluarga
1649,2026-02-13,Bonus,Gaji,Pemasukan,1295587.0,Transfer Bank,Gaji
1650,2024-06-12,Kirim uang keluarga,Transfer Teman/Keluarga,Pemasukan,74604.0,E-Wallet,Transfer Teman/Keluarga
1651,2026-05-25,Cloud storage,Pembayaran Langganan,Pengeluaran,53971.0,E-Wallet,Pembayaran Langganan
1652,2025-09-23,Tiket KRL,Transportasi,Pengeluaran,35528.0,Tunai,Transportasi
1653,2024-09-02,Perlengkapan rumah,Belanja Bulanan,Pengeluaran,232852.0,Tunai,Belanja Bulanan
1654,2024-10-05,Gaji bulanan,Gaji,Pemasukan,6291390.0,E-Wallet,Gaji
1655,2025-10-08,Kirim uang keluarga,Transfer Teman/Keluarga,Pemasukan,164068.0,E-Wallet,Transfer Teman/Keluarga
1656,2026-01-23,Kirim uang keluarga,Transfer Teman/Keluarga,Pengeluaran,158808.0,Kartu Debit,Transfer Teman/Keluarga
1657,2026-01-11,Bonus,Gaji,Pemasukan,2085886.0,Kartu Debit,Gaji
1658,2024-11-15,Transfer teman,Transfer Teman/Keluarga,Pemasukan,70064.0,E-Wallet,Transfer Teman/Keluarga
1659,2025-06-07,Bonus,Gaji,Pemasukan,1112780.0,Kartu Debit,Gaji
1660,2024-08-08,Gaji bulanan,Gaji,Pemasukan,6343034.0,Kartu Debit,Gaji
1661,2024-10-25,Jajan,Makanan & Minuman,Pengeluaran,18015.0,Kartu Kredit,Makanan & Minuman
1662,2024-09-27,Pakaian baru,Belanja Bulanan,Pengeluaran,282292.0,Transfer Bank,Belanja Bulanan
1663,2025-04-06,Bonus,Gaji,Pemasukan,2128671.0,Transfer Bank,Gaji
1664,2024-11-21,Bensin,Transportasi,Pengeluaran,32935.0,Transfer Bank,Transportasi
1665,2024-12-25,Gaji bulanan,Gaji,Pemasukan,6037709.0,E-Wallet,Gaji
1666,2025-04-08,Gaji bulanan,Gaji,Pemasukan,6259473.0,Kartu Debit,Gaji
1667,2026-01-10,Kirim uang keluarga,Transfer Teman/Keluarga,Pemasukan,126383.0,Kartu Debit,Transfer Teman/Keluarga
1668,2025-08-22,Transfer teman,Transfer Teman/Keluarga,Pemasukan,211573.0,E-Wallet,Transfer Teman/Keluarga
1669,2024-11-01,Gaji bulanan,Gaji,Pemasukan,6092538.0,E-Wallet,Gaji
1670,2026-04-03,Liburan,Hiburan,Pengeluaran,466568.0,Kartu Debit,Hiburan
1671,2025-03-29,Kirim uang keluarga,Transfer Teman/Keluarga,Pemasukan,56758.0,Kartu Debit,Transfer Teman/Keluarga
1672,2025-08-11,Iuran lingkungan,Tempat Tinggal,Pengeluaran,51266.0,Kartu Debit,Tempat Tinggal
1673,2025-08-25,Transfer teman,Transfer Teman/Keluarga,Pemasukan,134656.0,Transfer Bank,Transfer Teman/Keluarga
1674,2025-04-22,Paket data,Pulsa & Internet,Pengeluaran,78839.0,Kartu Debit,Pulsa & Internet
1675,2025-02-02,Bonus,Gaji,Pemasukan,2013844.0,Transfer Bank,Gaji
1676,2025-09-10,Taksi,Transportasi,Pengeluaran,30927.0,E-Wallet,Transportasi
1677,2025-08-06,Gaji bulanan,Gaji,Pemasukan,6027784.0,Kartu Debit,Gaji
1678,2025-05-30,Transfer teman,Transfer Teman/Keluarga,Pemasukan,227150.0,Transfer Bank,Transfer Teman/Keluarga
1679,2025-12-19,Kopi,Makanan & Minuman,Pengeluaran,61971.0,Kartu Kredit,Makanan & Minuman
1680,2026-04-14,Belanja kebutuhan pokok,Belanja Bulanan,Pengeluaran,470537.0,E-Wallet,Belanja Bulanan
1681,2026-03-24,Konser,Hiburan,Pengeluaran,488924.0,E-Wallet,Hiburan
1682,2024-07-07,Bayar kos,Tempat Tinggal,Pengeluaran,841769.0,Tunai,Tempat Tinggal
1683,2026-01-23,Bonus,Gaji,Pemasukan,2887972.0,Transfer Bank,Gaji
1684,2024-07-05,Pakaian baru,Belanja Bulanan,Pengeluaran,440791.0,Tunai,Belanja Bulanan
1685,2024-06-13,Kirim uang keluarga,Transfer Teman/Keluarga,Pengeluaran,234496.0,Transfer Bank,Transfer Teman/Keluarga
1686,2025-12-13,Kirim uang keluarga,Transfer Teman/Keluarga,Pemasukan,181913.0,E-Wallet,Transfer Teman/Keluarga
1687,2024-11-13,Transfer teman,Transfer Teman/Keluarga,Pemasukan,85338.0,Transfer Bank,Transfer Teman/Keluarga
1688,2024-07-10,Bonus,Gaji,Pemasukan,2960074.0,Kartu Debit,Gaji
1689,2025-11-14,Tagihan internet,Pulsa & Internet,Pengeluaran,92557.0,E-Wallet,Pulsa & Internet
1690,2026-01-04,Bonus,Gaji,Pemasukan,1755182.0,Kartu Debit,Gaji
1691,2024-06-25,Gaji bulanan,Gaji,Pemasukan,6244546.0,Kartu Debit,Gaji
1692,2025-03-18,Iuran lingkungan,Tempat Tinggal,Pengeluaran,51263.0,Tunai,Tempat Tinggal
1693,2026-05-20,Pakaian baru,Belanja Bulanan,Pengeluaran,231914.0,Kartu Kredit,Belanja Bulanan
1694,2025-05-06,Gaji bulanan,Gaji,Pemasukan,6475558.0,Kartu Debit,Gaji
1695,2026-01-13,Kirim uang keluarga,Transfer Teman/Keluarga,Pemasukan,120212.0,Kartu Debit,Transfer Teman/Keluarga
1696,2025-07-17,Liburan,Hiburan,Pengeluaran,402249.0,Transfer Bank,Hiburan
1697,2026-03-22,Transfer teman,Transfer Teman/Keluarga,Pemasukan,82635.0,Kartu Debit,Transfer Teman/Keluarga
1698,2024-07-21,Beli makan siang,Makanan & Minuman,Pengeluaran,178497.0,Kartu Kredit,Makanan & Minuman
1699,2025-11-26,Tagihan internet,Pulsa & Internet,Pengeluaran,134779.0,Kartu Kredit,Pulsa & Internet
1700,2024-12-20,Tiket bioskop,Hiburan,Pengeluaran,38041.0,Kartu Kredit,Hiburan
1701,2026-05-19,Paket data,Pulsa & Internet,Pengeluaran,101659.0,Kartu Debit,Pulsa & Internet
1702,2026-05-06,Transfer teman,Transfer Teman/Keluarga,Pengeluaran,166220.0,E-Wallet,Transfer Teman/Keluarga
1703,2026-01-27,Kirim uang keluarga,Transfer Teman/Keluarga,Pengeluaran,73477.0,E-Wallet,Transfer Teman/Keluarga
1704,2024-11-28,Kopi,Makanan & Minuman,Pengeluaran,29856.0,Kartu Debit,Makanan & Minuman
1705,2025-11-15,Ojek online,Transportasi,Pengeluaran,54187.0,E-Wallet,Transportasi
1706,2025-05-25,Tiket KRL,Transportasi,Pengeluaran,58337.0,Kartu Debit,Transportasi
1707,2025-05-14,Bonus,Gaji,Pemasukan,2446120.0,E-Wallet,Gaji
1708,2024-11-20,Tagihan internet,Pulsa & Internet,Pengeluaran,149909.0,Kartu Debit,Pulsa & Internet
1709,2024-12-12,Kirim uang keluarga,Transfer Teman/Keluarga,Pemasukan,160552.0,Kartu Debit,Transfer Teman/Keluarga
1710,2025-02-04,Gaji bulanan,Gaji,Pemasukan,6090463.0,Kartu Debit,Gaji
1711,2025-01-11,Kirim uang keluarga,Transfer Teman/Keluarga,Pemasukan,61602.0,Transfer Bank,Transfer Teman/Keluarga
1712,2025-02-26,Belanja dapur,Makanan & Minuman,Pengeluaran,341371.0,Kartu Kredit,Makanan & Minuman
1713,2024-06-30,Transfer teman,Transfer Teman/Keluarga,Pemasukan,115927.0,Kartu Debit,Transfer Teman/Keluarga
1714,2026-05-02,Gaji bulanan,Gaji,Pemasukan,6240265.0,Transfer Bank,Gaji
1715,2024-06-20,Transfer teman,Transfer Teman/Keluarga,Pengeluaran,217336.0,Kartu Debit,Transfer Teman/Keluarga
1716,2024-06-24,Netflix,Pembayaran Langganan,Pengeluaran,27717.0,Transfer Bank,Pembayaran Langganan
1717,2025-07-05,Pulsa prabayar,Pulsa & Internet,Pengeluaran,116471.0,Kartu Debit,Pulsa & Internet
1718,2026-05-03,Kirim uang keluarga,Transfer Teman/Keluarga,Pemasukan,108335.0,Transfer Bank,Transfer Teman/Keluarga
1719,2025-01-02,Bensin,Transportasi,Pengeluaran,55335.0,Kartu Debit,Transportasi
1720,2026-05-19,Belanja dapur,Makanan & Minuman,Pengeluaran,275022.0,Transfer Bank,Makanan & Minuman
1721,2025-01-29,Kirim uang keluarga,Transfer Teman/Keluarga,Pemasukan,261694.0,Transfer Bank,Transfer Teman/Keluarga
1722,2025-12-18,Kirim uang keluarga,Transfer Teman/Keluarga,Pemasukan,211184.0,Kartu Debit,Transfer Teman/Keluarga
1723,2024-11-25,Bonus,Gaji,Pemasukan,2877966.0,E-Wallet,Gaji
1724,2026-02-23,Pakaian baru,Belanja Bulanan,Pengeluaran,398258.0,E-Wallet,Belanja Bulanan
1725,2025-01-06,Kirim uang keluarga,Transfer Teman/Keluarga,Pengeluaran,257290.0,Kartu Debit,Transfer Teman/Keluarga
1726,2025-03-15,Transfer teman,Transfer Teman/Keluarga,Pengeluaran,292086.0,E-Wallet,Transfer Teman/Keluarga
1727,2024-11-25,Transfer teman,Transfer Teman/Keluarga,Pemasukan,229222.0,E-Wallet,Transfer Teman/Keluarga
1728,2025-05-21,Iuran lingkungan,Tempat Tinggal,Pengeluaran,51658.0,E-Wallet,Tempat Tinggal
1729,2024-08-11,Belanja dapur,Makanan & Minuman,Pengeluaran,617325.0,E-Wallet,Makanan & Minuman
1730,2025-08-20,Konser,Hiburan,Pengeluaran,414108.0,E-Wallet,Hiburan
1731,2025-12-13,Kirim uang keluarga,Transfer Teman/Keluarga,Pemasukan,216770.0,E-Wallet,Transfer Teman/Keluarga
1732,2024-08-29,Belanja kebutuhan pokok,Belanja Bulanan,Pengeluaran,236716.0,E-Wallet,Belanja Bulanan
1733,2025-06-14,Ojek online,Transportasi,Pengeluaran,95785.0,E-Wallet,Transportasi
1734,2026-02-05,Gaji bulanan,Gaji,Pemasukan,6085223.0,E-Wallet,Gaji
1735,2025-05-06,Langganan streaming,Hiburan,Pengeluaran,36202.0,Kartu Kredit,Hiburan
1736,2026-05-24,Gaji bulanan,Gaji,Pemasukan,6168329.0,Kartu Debit,Gaji
1737,2025-10-02,Transfer teman,Transfer Teman/Keluarga,Pengeluaran,280233.0,Kartu Debit,Transfer Teman/Keluarga
1738,2024-08-04,Bonus,Gaji,Pemasukan,1747614.0,Kartu Debit,Gaji
1739,2025-12-18,Gym membership,Pembayaran Langganan,Pengeluaran,200131.0,Kartu Debit,Pembayaran Langganan
1740,2024-12-17,Gaji bulanan,Gaji,Pemasukan,6289855.0,Transfer Bank,Gaji
1741,2025-07-05,Kirim uang keluarga,Transfer Teman/Keluarga,Pengeluaran,163582.0,E-Wallet,Transfer Teman/Keluarga
1742,2024-12-14,Ojek online,Transportasi,Pengeluaran,64932.0,Transfer Bank,Transportasi
3511,2024-12-26,Transfer teman,Transfer Teman/Keluarga,Pengeluaran,242965.0,Transfer Bank,Transfer Teman/Keluarga
1744,2025-07-10,Kirim uang keluarga,Transfer Teman/Keluarga,Pemasukan,180449.0,Transfer Bank,Transfer Teman/Keluarga
1745,2025-11-13,Service AC kos,Tempat Tinggal,Pengeluaran,51650.0,E-Wallet,Tempat Tinggal
1746,2024-11-21,Bonus,Gaji,Pemasukan,2161604.0,Kartu Debit,Gaji
1747,2024-11-07,Bonus,Gaji,Pemasukan,2187862.0,E-Wallet,Gaji
1748,2025-05-07,Service AC kos,Tempat Tinggal,Pengeluaran,50522.0,Transfer Bank,Tempat Tinggal
1749,2025-10-06,Beli makan siang,Makanan & Minuman,Pengeluaran,105629.0,Tunai,Makanan & Minuman
1750,2026-01-14,Kirim uang keluarga,Transfer Teman/Keluarga,Pemasukan,253946.0,Transfer Bank,Transfer Teman/Keluarga
1751,2024-06-28,Transfer teman,Transfer Teman/Keluarga,Pemasukan,160808.0,E-Wallet,Transfer Teman/Keluarga
1752,2026-05-09,Bonus,Gaji,Pemasukan,2171457.0,E-Wallet,Gaji
1754,2025-02-24,Bonus,Gaji,Pemasukan,2736518.0,Kartu Debit,Gaji
1755,2025-08-17,Gaji bulanan,Gaji,Pemasukan,6365857.0,E-Wallet,Gaji
1756,2026-01-21,Kopi,Makanan & Minuman,Pengeluaran,21827.0,Tunai,Makanan & Minuman
1757,2025-08-27,Tagihan internet,Pulsa & Internet,Pengeluaran,110744.0,Transfer Bank,Pulsa & Internet
1758,2024-06-01,Iuran lingkungan,Tempat Tinggal,Pengeluaran,50774.0,Transfer Bank,Tempat Tinggal
1759,2024-06-10,Bonus,Gaji,Pemasukan,1152441.0,Transfer Bank,Gaji
1760,2024-09-03,Tiket bioskop,Hiburan,Pengeluaran,31534.0,Transfer Bank,Hiburan
1761,2024-08-07,Liburan,Hiburan,Pengeluaran,307251.0,E-Wallet,Hiburan
1762,2024-05-28,Transfer teman,Transfer Teman/Keluarga,Pemasukan,257361.0,E-Wallet,Transfer Teman/Keluarga
1763,2024-06-20,Iuran lingkungan,Tempat Tinggal,Pengeluaran,50773.0,Transfer Bank,Tempat Tinggal
1764,2025-09-03,Transfer teman,Transfer Teman/Keluarga,Pemasukan,231408.0,E-Wallet,Transfer Teman/Keluarga
1765,2025-01-28,Taksi,Transportasi,Pengeluaran,85004.0,Kartu Debit,Transportasi
1766,2026-03-19,Bonus,Gaji,Pemasukan,2604813.0,E-Wallet,Gaji
1767,2025-07-13,Jajan,Makanan & Minuman,Pengeluaran,69768.0,Lainnya,Makanan & Minuman
1768,2024-12-19,Bonus,Gaji,Pemasukan,2600900.0,E-Wallet,Gaji
1769,2025-11-04,Kirim uang keluarga,Transfer Teman/Keluarga,Pemasukan,182424.0,Kartu Debit,Transfer Teman/Keluarga
1770,2024-09-16,Gym membership,Pembayaran Langganan,Pengeluaran,200787.0,Kartu Debit,Pembayaran Langganan
1771,2025-10-05,Transfer teman,Transfer Teman/Keluarga,Pengeluaran,267486.0,Transfer Bank,Transfer Teman/Keluarga
1772,2024-06-27,Kirim uang keluarga,Transfer Teman/Keluarga,Pengeluaran,278101.0,E-Wallet,Transfer Teman/Keluarga
1773,2025-05-12,Taksi,Transportasi,Pengeluaran,31172.0,Kartu Debit,Transportasi
1774,2025-12-07,Spotify Premium,Pembayaran Langganan,Pengeluaran,23863.0,Transfer Bank,Pembayaran Langganan
1775,2025-05-01,Bonus,Gaji,Pemasukan,2541236.0,Kartu Debit,Gaji
1776,2026-03-16,Kirim uang keluarga,Transfer Teman/Keluarga,Pemasukan,231503.0,E-Wallet,Transfer Teman/Keluarga
1777,2024-07-20,Kirim uang keluarga,Transfer Teman/Keluarga,Pemasukan,62263.0,E-Wallet,Transfer Teman/Keluarga
1778,2024-07-23,Liburan,Hiburan,Pengeluaran,485407.0,E-Wallet,Hiburan
1779,2024-12-30,Kirim uang keluarga,Transfer Teman/Keluarga,Pengeluaran,291503.0,Kartu Debit,Transfer Teman/Keluarga
1780,2025-02-08,Kirim uang keluarga,Transfer Teman/Keluarga,Pengeluaran,125016.0,Transfer Bank,Transfer Teman/Keluarga
1781,2025-12-30,Liburan,Hiburan,Pengeluaran,394066.0,Kartu Kredit,Hiburan
1782,2026-03-21,Bonus,Gaji,Pemasukan,1279926.0,Transfer Bank,Gaji
1783,2024-06-05,Bonus,Gaji,Pemasukan,2515449.0,Kartu Debit,Gaji
1784,2024-10-08,Transfer teman,Transfer Teman/Keluarga,Pemasukan,267997.0,E-Wallet,Transfer Teman/Keluarga
1785,2024-07-20,Gaji bulanan,Gaji,Pemasukan,6138529.0,E-Wallet,Gaji
1786,2025-11-11,Makan malam restoran,Makanan & Minuman,Pengeluaran,528720.0,E-Wallet,Makanan & Minuman
1787,2025-12-13,Belanja kebutuhan pokok,Belanja Bulanan,Pengeluaran,431995.0,Kartu Kredit,Belanja Bulanan
1788,2024-11-28,Bonus,Gaji,Pemasukan,1461187.0,Transfer Bank,Gaji
1789,2026-02-26,Konser,Hiburan,Pengeluaran,496130.0,Transfer Bank,Hiburan
3512,2024-09-24,Transfer teman,Transfer Teman/Keluarga,Pemasukan,299154.0,Transfer Bank,Transfer Teman/Keluarga
1791,2025-10-25,Gaji bulanan,Gaji,Pemasukan,6246060.0,Transfer Bank,Gaji
1792,2025-01-19,Bonus,Gaji,Pemasukan,2619431.0,Kartu Debit,Gaji
1793,2026-04-29,Bayar kos,Tempat Tinggal,Pengeluaran,800848.0,Kartu Debit,Tempat Tinggal
1794,2025-02-09,Jajan,Makanan & Minuman,Pengeluaran,68430.0,Kartu Debit,Makanan & Minuman
1795,2025-07-09,Kirim uang keluarga,Transfer Teman/Keluarga,Pemasukan,169503.0,Kartu Debit,Transfer Teman/Keluarga
1796,2024-08-25,Tiket KRL,Transportasi,Pengeluaran,25230.0,Tunai,Transportasi
1797,2025-07-18,Belanja kebutuhan pokok,Belanja Bulanan,Pengeluaran,390529.0,Kartu Debit,Belanja Bulanan
1798,2024-12-28,Kirim uang keluarga,Transfer Teman/Keluarga,Pengeluaran,168136.0,E-Wallet,Transfer Teman/Keluarga
1799,2025-02-09,Tagihan internet,Pulsa & Internet,Pengeluaran,84978.0,E-Wallet,Pulsa & Internet
1800,2024-06-01,Bonus,Gaji,Pemasukan,1434813.0,Transfer Bank,Gaji
1801,2026-04-09,Tiket KRL,Transportasi,Pengeluaran,67365.0,Kartu Debit,Transportasi
1802,2025-08-18,Makanan & Minuman,Makanan & Minuman,Pengeluaran,59048.0,Kartu Debit,Makanan & Minuman
1803,2025-05-21,Kirim uang keluarga,Transfer Teman/Keluarga,Pemasukan,65529.0,Transfer Bank,Transfer Teman/Keluarga
1804,2026-04-12,Service AC kos,Tempat Tinggal,Pengeluaran,51237.0,E-Wallet,Tempat Tinggal
1805,2025-07-16,Transfer teman,Transfer Teman/Keluarga,Pemasukan,273051.0,Kartu Debit,Transfer Teman/Keluarga
1806,2026-04-21,Kirim uang keluarga,Transfer Teman/Keluarga,Pemasukan,105110.0,E-Wallet,Transfer Teman/Keluarga
1807,2025-06-09,Pulsa prabayar,Pulsa & Internet,Pengeluaran,104142.5,Kartu Kredit,Pulsa & Internet
1808,2024-07-06,Bonus,Gaji,Pemasukan,1293504.0,Transfer Bank,Gaji
1809,2025-08-01,Belanja dapur,Makanan & Minuman,Pengeluaran,612678.0,E-Wallet,Makanan & Minuman
1810,2025-03-28,Transfer teman,Transfer Teman/Keluarga,Pemasukan,101798.0,Kartu Debit,Transfer Teman/Keluarga
1811,2025-07-03,Belanja kebutuhan pokok,Belanja Bulanan,Pengeluaran,271208.0,Kartu Kredit,Belanja Bulanan
1812,2026-04-05,Gaji bulanan,Gaji,Pemasukan,6477437.0,Kartu Debit,Gaji
1813,2024-11-12,Kirim uang keluarga,Transfer Teman/Keluarga,Pemasukan,177600.0,E-Wallet,Transfer Teman/Keluarga
1814,2025-06-15,Kirim uang keluarga,Transfer Teman/Keluarga,Pemasukan,111486.0,E-Wallet,Transfer Teman/Keluarga
1815,2025-01-20,Kirim uang keluarga,Transfer Teman/Keluarga,Pemasukan,51286.0,E-Wallet,Transfer Teman/Keluarga
1816,2026-04-06,Pulsa prabayar,Pulsa & Internet,Pengeluaran,114567.0,Kartu Debit,Pulsa & Internet
1817,2024-09-17,Belanja dapur,Makanan & Minuman,Pengeluaran,326592.0,Kartu Kredit,Makanan & Minuman
1818,2026-05-09,Kirim uang keluarga,Transfer Teman/Keluarga,Pemasukan,78968.0,Transfer Bank,Transfer Teman/Keluarga
1819,2025-11-04,Kirim uang keluarga,Transfer Teman/Keluarga,Pengeluaran,157409.0,Kartu Debit,Transfer Teman/Keluarga
1820,2025-12-19,Kirim uang keluarga,Transfer Teman/Keluarga,Pemasukan,67662.0,E-Wallet,Transfer Teman/Keluarga
1821,2024-07-07,Kirim uang keluarga,Transfer Teman/Keluarga,Pemasukan,136970.0,Transfer Bank,Transfer Teman/Keluarga
1822,2025-12-26,Kirim uang keluarga,Transfer Teman/Keluarga,Pemasukan,246335.0,Kartu Debit,Transfer Teman/Keluarga
1823,2024-07-04,Transfer teman,Transfer Teman/Keluarga,Pemasukan,244150.0,Transfer Bank,Transfer Teman/Keluarga
1824,2024-05-31,Pakaian baru,Belanja Bulanan,Pengeluaran,354534.0,Tunai,Belanja Bulanan
1825,2024-08-26,Gaji bulanan,Gaji,Pemasukan,6424413.0,Kartu Debit,Gaji
1826,2025-08-17,Pulsa prabayar,Pulsa & Internet,Pengeluaran,112665.0,Kartu Debit,Pulsa & Internet
1827,2024-07-09,Kirim uang keluarga,Transfer Teman/Keluarga,Pemasukan,259795.0,Transfer Bank,Transfer Teman/Keluarga
1828,2024-10-30,Iuran lingkungan,Tempat Tinggal,Pengeluaran,51054.0,Transfer Bank,Tempat Tinggal
1829,2026-05-14,Pakaian baru,Belanja Bulanan,Pengeluaran,249551.0,Tunai,Belanja Bulanan
1830,2024-10-10,Transfer teman,Transfer Teman/Keluarga,Pemasukan,270336.0,Kartu Debit,Transfer Teman/Keluarga
1831,2025-08-17,Pulsa prabayar,Pulsa & Internet,Pengeluaran,148480.0,Transfer Bank,Pulsa & Internet
1832,2024-10-04,Kirim uang keluarga,Transfer Teman/Keluarga,Pemasukan,275772.0,Kartu Debit,Transfer Teman/Keluarga
1833,2026-04-02,Konser,Hiburan,Pengeluaran,332195.0,Kartu Kredit,Hiburan
1834,2025-04-15,Bonus,Gaji,Pemasukan,1571779.0,Transfer Bank,Gaji
1835,2025-07-09,Kirim uang keluarga,Transfer Teman/Keluarga,Pemasukan,236859.0,Transfer Bank,Transfer Teman/Keluarga
1836,2025-02-20,Kirim uang keluarga,Transfer Teman/Keluarga,Pemasukan,243136.0,Kartu Debit,Transfer Teman/Keluarga
1837,2024-09-02,Transfer teman,Transfer Teman/Keluarga,Pemasukan,79311.0,E-Wallet,Transfer Teman/Keluarga
1838,2025-10-03,Kirim uang keluarga,Transfer Teman/Keluarga,Pengeluaran,130014.0,E-Wallet,Transfer Teman/Keluarga
1839,2024-09-12,Bensin,Transportasi,Pengeluaran,12957.0,Kartu Debit,Transportasi
1840,2025-11-14,Transfer teman,Transfer Teman/Keluarga,Pemasukan,207958.0,Kartu Debit,Transfer Teman/Keluarga
1841,2025-11-03,Ojek online,Transportasi,Pengeluaran,84578.0,Transfer Bank,Transportasi
1842,2025-10-16,Paket data,Pulsa & Internet,Pengeluaran,89155.0,Kartu Kredit,Pulsa & Internet
1843,2025-12-06,Kirim uang keluarga,Transfer Teman/Keluarga,Pemasukan,157044.0,E-Wallet,Transfer Teman/Keluarga
1844,2026-02-21,Iuran lingkungan,Tempat Tinggal,Pengeluaran,50029.0,Lainnya,Tempat Tinggal
1845,2025-11-26,Gaji bulanan,Gaji,Pemasukan,6151563.0,Transfer Bank,Gaji
1846,2026-04-09,Transfer teman,Transfer Teman/Keluarga,Pemasukan,181141.0,Transfer Bank,Transfer Teman/Keluarga
1847,2025-11-10,Transfer teman,Transfer Teman/Keluarga,Pengeluaran,267630.0,Transfer Bank,Transfer Teman/Keluarga
1848,2025-08-01,Transfer teman,Transfer Teman/Keluarga,Pemasukan,68503.0,Transfer Bank,Transfer Teman/Keluarga
1849,2025-02-08,Transfer teman,Transfer Teman/Keluarga,Pemasukan,173324.0,E-Wallet,Transfer Teman/Keluarga
1850,2025-08-20,Langganan streaming,Hiburan,Pengeluaran,44710.0,Transfer Bank,Hiburan
1851,2025-09-07,Kirim uang keluarga,Transfer Teman/Keluarga,Pemasukan,277698.0,E-Wallet,Transfer Teman/Keluarga
1852,2025-02-25,Pulsa prabayar,Pulsa & Internet,Pengeluaran,106037.0,Transfer Bank,Pulsa & Internet
1853,2024-08-13,Kirim uang keluarga,Transfer Teman/Keluarga,Pengeluaran,241415.0,E-Wallet,Transfer Teman/Keluarga
1854,2026-01-14,Bonus,Gaji,Pemasukan,2736937.0,E-Wallet,Gaji
1855,2026-02-18,Perlengkapan rumah,Belanja Bulanan,Pengeluaran,286351.0,Kartu Debit,Belanja Bulanan
1856,2026-02-10,Pakaian baru,Belanja Bulanan,Pengeluaran,260109.0,Kartu Debit,Belanja Bulanan
1857,2025-05-02,Bonus,Gaji,Pemasukan,1275520.0,Transfer Bank,Gaji
1858,2026-01-17,Cloud storage,Pembayaran Langganan,Pengeluaran,54140.0,Kartu Debit,Pembayaran Langganan
1859,2024-11-30,Gaji bulanan,Gaji,Pemasukan,6417236.0,E-Wallet,Gaji
1860,2024-11-06,Pakaian baru,Belanja Bulanan,Pengeluaran,383572.0,Kartu Kredit,Belanja Bulanan
1861,2025-07-27,Netflix,Pembayaran Langganan,Pengeluaran,24879.0,Transfer Bank,Pembayaran Langganan
1862,2025-05-23,Ojek online,Transportasi,Pengeluaran,77912.0,E-Wallet,Transportasi
1863,2024-11-15,Kirim uang keluarga,Transfer Teman/Keluarga,Pemasukan,271787.0,E-Wallet,Transfer Teman/Keluarga
1864,2025-11-13,Transfer teman,Transfer Teman/Keluarga,Pemasukan,114026.0,E-Wallet,Transfer Teman/Keluarga
1865,2024-12-10,Kirim uang keluarga,Transfer Teman/Keluarga,Pemasukan,203961.0,Kartu Debit,Transfer Teman/Keluarga
1866,2025-09-02,Kirim uang keluarga,Transfer Teman/Keluarga,Pemasukan,167361.0,E-Wallet,Transfer Teman/Keluarga
1867,2025-04-29,Kirim uang keluarga,Transfer Teman/Keluarga,Pemasukan,110679.0,Kartu Debit,Transfer Teman/Keluarga
1868,2026-01-05,Langganan streaming,Hiburan,Pengeluaran,44008.0,Kartu Debit,Hiburan
1869,2026-04-06,Pakaian baru,Belanja Bulanan,Pengeluaran,417299.0,Transfer Bank,Belanja Bulanan
1870,2026-05-17,Gaji bulanan,Gaji,Pemasukan,6177050.0,Kartu Debit,Gaji
1871,2026-04-11,Bayar kos,Tempat Tinggal,Pengeluaran,878603.0,Lainnya,Tempat Tinggal
1872,2025-12-16,Kirim uang keluarga,Transfer Teman/Keluarga,Pemasukan,140626.0,Transfer Bank,Transfer Teman/Keluarga
1873,2024-09-29,Transfer teman,Transfer Teman/Keluarga,Pengeluaran,77849.0,Transfer Bank,Transfer Teman/Keluarga
1874,2026-03-26,Transfer teman,Transfer Teman/Keluarga,Pemasukan,252295.0,Transfer Bank,Transfer Teman/Keluarga
1875,2026-03-09,Kirim uang keluarga,Transfer Teman/Keluarga,Pemasukan,54190.0,Transfer Bank,Transfer Teman/Keluarga
1876,2025-04-29,Transfer teman,Transfer Teman/Keluarga,Pemasukan,247474.0,E-Wallet,Transfer Teman/Keluarga
1877,2025-07-31,Gaji bulanan,Gaji,Pemasukan,6412218.0,Transfer Bank,Gaji
1878,2025-07-11,Tagihan internet,Pulsa & Internet,Pengeluaran,108764.0,Kartu Kredit,Pulsa & Internet
1879,2025-05-30,Iuran lingkungan,Tempat Tinggal,Pengeluaran,50944.0,E-Wallet,Tempat Tinggal
1880,2024-11-08,Makan malam restoran,Makanan & Minuman,Pengeluaran,680803.0,Kartu Kredit,Makanan & Minuman
1881,2026-03-14,Bonus,Gaji,Pemasukan,2153125.0,E-Wallet,Gaji
1882,2024-09-21,Liburan,Hiburan,Pengeluaran,464741.0,Transfer Bank,Hiburan
1883,2025-01-05,Kirim uang keluarga,Transfer Teman/Keluarga,Pemasukan,143267.0,Kartu Debit,Transfer Teman/Keluarga
1884,2024-06-14,Transfer teman,Transfer Teman/Keluarga,Pemasukan,174082.0,E-Wallet,Transfer Teman/Keluarga
1885,2026-04-22,Kirim uang keluarga,Transfer Teman/Keluarga,Pengeluaran,192508.0,Transfer Bank,Transfer Teman/Keluarga
1886,2025-02-27,Gaji bulanan,Gaji,Pemasukan,6495087.0,E-Wallet,Gaji
1887,2024-09-23,Makan malam restoran,Makanan & Minuman,Pengeluaran,421917.0,Kartu Debit,Makanan & Minuman
1888,2024-08-11,Transfer teman,Transfer Teman/Keluarga,Pemasukan,228012.0,E-Wallet,Transfer Teman/Keluarga
1889,2025-09-14,Netflix,Pembayaran Langganan,Pengeluaran,26864.0,Kartu Kredit,Pembayaran Langganan
1890,2024-08-25,Tiket KRL,Transportasi,Pengeluaran,27984.0,Kartu Debit,Transportasi
1891,2024-07-21,Bonus,Gaji,Pemasukan,2026387.0,Transfer Bank,Gaji
1892,2026-05-11,Kirim uang keluarga,Transfer Teman/Keluarga,Pemasukan,54050.0,Transfer Bank,Transfer Teman/Keluarga
1893,2025-01-09,Spotify Premium,Pembayaran Langganan,Pengeluaran,23460.0,Transfer Bank,Pembayaran Langganan
1894,2025-05-07,Konser,Hiburan,Pengeluaran,473374.0,Kartu Kredit,Hiburan
1895,2025-06-02,Bonus,Gaji,Pemasukan,2416259.0,Kartu Debit,Gaji
3513,2025-09-11,Gaji,Gaji,Pemasukan,2762019.0,Kartu Debit,Gaji
1897,2024-09-28,Langganan streaming,Hiburan,Pengeluaran,49645.0,Transfer Bank,Hiburan
1898,2024-05-31,Transfer teman,Transfer Teman/Keluarga,Pemasukan,71790.0,Kartu Debit,Transfer Teman/Keluarga
1899,2026-05-13,Kirim uang keluarga,Transfer Teman/Keluarga,Pemasukan,209189.0,Kartu Debit,Transfer Teman/Keluarga
1900,2024-06-16,Kirim uang keluarga,Transfer Teman/Keluarga,Pemasukan,214420.0,Kartu Debit,Transfer Teman/Keluarga
1901,2026-03-10,Kirim uang keluarga,Transfer Teman/Keluarga,Pemasukan,192127.0,Transfer Bank,Transfer Teman/Keluarga
1902,2025-06-02,Cloud storage,Pembayaran Langganan,Pengeluaran,50444.0,Transfer Bank,Pembayaran Langganan
1903,2025-02-23,Kirim uang keluarga,Transfer Teman/Keluarga,Pemasukan,290076.0,Transfer Bank,Transfer Teman/Keluarga
1904,2025-03-08,Transfer teman,Transfer Teman/Keluarga,Pemasukan,167056.0,Kartu Debit,Transfer Teman/Keluarga
1905,2026-03-10,Bonus,Gaji,Pemasukan,2498400.0,Transfer Bank,Gaji
1906,2026-02-10,Service AC kos,Tempat Tinggal,Pengeluaran,51558.0,Tunai,Tempat Tinggal
3514,2025-01-19,Netflix,Pembayaran Langganan,Pengeluaran,25077.0,Transfer Bank,Pembayaran Langganan
1908,2025-10-02,Ojek online,Transportasi,Pengeluaran,51698.0,Tunai,Transportasi
1909,2025-12-01,Bonus,Gaji,Pemasukan,2608630.0,Transfer Bank,Gaji
1910,2026-01-14,Gaji bulanan,Gaji,Pemasukan,6064079.0,Transfer Bank,Gaji
1911,2025-10-23,Liburan,Hiburan,Pengeluaran,300421.0,Kartu Debit,Hiburan
1912,2025-06-06,Tiket bioskop,Hiburan,Pengeluaran,48727.0,Kartu Debit,Hiburan
1913,2025-09-20,Makan malam restoran,Makanan & Minuman,Pengeluaran,289657.0,Transfer Bank,Makanan & Minuman
1914,2024-12-30,Gym membership,Pembayaran Langganan,Pengeluaran,200216.0,E-Wallet,Pembayaran Langganan
1915,2025-02-16,Bonus,Gaji,Pemasukan,1895737.0,Transfer Bank,Gaji
1916,2025-03-28,Netflix,Pembayaran Langganan,Pengeluaran,25275.0,Kartu Debit,Pembayaran Langganan
1917,2025-06-16,Bonus,Gaji,Pemasukan,1394399.0,Kartu Debit,Gaji
1918,2026-03-06,Bonus,Gaji,Pemasukan,1934798.0,Kartu Debit,Gaji
1919,2025-06-22,Bonus,Gaji,Pemasukan,1223323.0,Kartu Debit,Gaji
1920,2026-02-17,Bonus,Gaji,Pemasukan,2308184.0,E-Wallet,Gaji
1921,2026-03-23,Tiket KRL,Transportasi,Pengeluaran,75290.0,E-Wallet,Transportasi
1922,2024-08-14,Pulsa prabayar,Pulsa & Internet,Pengeluaran,57311.0,E-Wallet,Pulsa & Internet
1923,2026-01-14,Gaji bulanan,Gaji,Pemasukan,6178043.0,E-Wallet,Gaji
1924,2025-02-06,Bonus,Gaji,Pemasukan,2980748.0,Transfer Bank,Gaji
1925,2026-04-12,Kirim uang keluarga,Transfer Teman/Keluarga,Pemasukan,110870.0,E-Wallet,Transfer Teman/Keluarga
1926,2024-09-27,Belanja kebutuhan pokok,Belanja Bulanan,Pengeluaran,314986.0,E-Wallet,Belanja Bulanan
1927,2025-07-15,Gaji bulanan,Gaji,Pemasukan,6014135.0,Transfer Bank,Gaji
1928,2026-03-15,Gaji bulanan,Gaji,Pemasukan,6042038.0,E-Wallet,Gaji
1929,2025-02-26,Gaji bulanan,Gaji,Pemasukan,6383805.0,Kartu Debit,Gaji
1930,2024-08-31,Kirim uang keluarga,Transfer Teman/Keluarga,Pengeluaran,206363.0,E-Wallet,Transfer Teman/Keluarga
1931,2025-11-14,Transfer teman,Transfer Teman/Keluarga,Pemasukan,114133.0,Transfer Bank,Transfer Teman/Keluarga
1932,2024-12-30,Bonus,Gaji,Pemasukan,1826558.0,E-Wallet,Gaji
1933,2025-02-15,Langganan streaming,Hiburan,Pengeluaran,34808.0,Transfer Bank,Hiburan
1934,2025-06-30,Kirim uang keluarga,Transfer Teman/Keluarga,Pemasukan,120384.0,Transfer Bank,Transfer Teman/Keluarga
1935,2025-02-08,Kirim uang keluarga,Transfer Teman/Keluarga,Pemasukan,127598.0,E-Wallet,Transfer Teman/Keluarga
1936,2026-04-18,Gaji bulanan,Gaji,Pemasukan,6096000.0,E-Wallet,Gaji
1937,2024-06-21,Gaji bulanan,Gaji,Pemasukan,6294692.0,Kartu Debit,Gaji
1938,2025-09-18,Kirim uang keluarga,Transfer Teman/Keluarga,Pemasukan,64675.0,Transfer Bank,Transfer Teman/Keluarga
1939,2025-08-24,Transfer teman,Transfer Teman/Keluarga,Pemasukan,236254.0,Transfer Bank,Transfer Teman/Keluarga
1940,2025-04-01,Paket data,Pulsa & Internet,Pengeluaran,73695.0,Transfer Bank,Pulsa & Internet
1941,2025-08-17,Transfer teman,Transfer Teman/Keluarga,Pemasukan,203134.0,Kartu Debit,Transfer Teman/Keluarga
1942,2025-09-26,Taksi,Transportasi,Pengeluaran,34814.0,Kartu Debit,Transportasi
1943,2025-11-22,Kirim uang keluarga,Transfer Teman/Keluarga,Pengeluaran,192810.0,Transfer Bank,Transfer Teman/Keluarga
1945,2025-06-27,Transfer teman,Transfer Teman/Keluarga,Pemasukan,186594.0,Kartu Debit,Transfer Teman/Keluarga
1946,2025-06-15,Transfer teman,Transfer Teman/Keluarga,Pemasukan,262194.0,E-Wallet,Transfer Teman/Keluarga
1947,2024-09-07,Transfer teman,Transfer Teman/Keluarga,Pengeluaran,173324.0,E-Wallet,Transfer Teman/Keluarga
1948,2026-03-03,Gaji bulanan,Gaji,Pemasukan,6201623.0,E-Wallet,Gaji
1949,2025-10-23,Transfer teman,Transfer Teman/Keluarga,Pemasukan,53942.0,E-Wallet,Transfer Teman/Keluarga
1950,2025-06-26,Bonus,Gaji,Pemasukan,2631326.0,E-Wallet,Gaji
1951,2025-07-31,Bensin,Transportasi,Pengeluaran,58407.0,E-Wallet,Transportasi
1952,2025-03-11,Transfer teman,Transfer Teman/Keluarga,Pemasukan,195948.0,Transfer Bank,Transfer Teman/Keluarga
1953,2026-05-11,Pulsa prabayar,Pulsa & Internet,Pengeluaran,74876.0,Transfer Bank,Pulsa & Internet
1954,2024-09-22,Gaji bulanan,Gaji,Pemasukan,6209915.0,Kartu Debit,Gaji
1955,2026-02-01,Langganan streaming,Hiburan,Pengeluaran,39992.0,Transfer Bank,Hiburan
1956,2026-01-20,Gaji bulanan,Gaji,Pemasukan,6317911.0,Transfer Bank,Gaji
1957,2026-02-13,Iuran lingkungan,Tempat Tinggal,Pengeluaran,51561.0,Transfer Bank,Tempat Tinggal
1958,2025-07-28,Kirim uang keluarga,Transfer Teman/Keluarga,Pemasukan,82259.0,Kartu Debit,Transfer Teman/Keluarga
1959,2026-01-22,Spotify Premium,Pembayaran Langganan,Pengeluaran,27383.0,Transfer Bank,Pembayaran Langganan
1960,2026-01-19,Bonus,Gaji,Pemasukan,1393646.0,Transfer Bank,Gaji
1961,2025-05-10,Bonus,Gaji,Pemasukan,2087730.0,E-Wallet,Gaji
1962,2025-02-22,Bonus,Gaji,Pemasukan,2378753.0,Transfer Bank,Gaji
1963,2025-03-09,Iuran lingkungan,Tempat Tinggal,Pengeluaran,50300.0,Transfer Bank,Tempat Tinggal
1964,2024-07-17,Transfer teman,Transfer Teman/Keluarga,Pengeluaran,211301.0,Transfer Bank,Transfer Teman/Keluarga
1965,2024-12-11,Transfer teman,Transfer Teman/Keluarga,Pengeluaran,200825.0,Kartu Debit,Transfer Teman/Keluarga
1966,2025-06-12,Kirim uang keluarga,Transfer Teman/Keluarga,Pemasukan,160294.0,Kartu Debit,Transfer Teman/Keluarga
1967,2024-07-11,Gaji bulanan,Gaji,Pemasukan,6129177.0,Transfer Bank,Gaji
1968,2024-12-21,Gym membership,Pembayaran Langganan,Pengeluaran,200517.0,Kartu Kredit,Pembayaran Langganan
1969,2025-05-09,Bonus,Gaji,Pemasukan,1217954.0,Kartu Debit,Gaji
1970,2024-07-06,Transfer teman,Transfer Teman/Keluarga,Pemasukan,94533.0,E-Wallet,Transfer Teman/Keluarga
1971,2025-02-01,Gaji bulanan,Gaji,Pemasukan,6430774.0,Kartu Debit,Gaji
1972,2025-10-13,Cloud storage,Pembayaran Langganan,Pengeluaran,50900.0,Kartu Debit,Pembayaran Langganan
1973,2026-03-28,Belanja dapur,Makanan & Minuman,Pengeluaran,572695.0,Kartu Kredit,Makanan & Minuman
1974,2025-11-26,Langganan streaming,Hiburan,Pengeluaran,45471.0,Transfer Bank,Hiburan
1975,2024-10-17,Transfer teman,Transfer Teman/Keluarga,Pengeluaran,280638.0,Lainnya,Transfer Teman/Keluarga
1976,2025-03-20,Liburan,Hiburan,Pengeluaran,387233.0,Transfer Bank,Hiburan
1977,2024-08-06,Bonus,Gaji,Pemasukan,1694144.0,Transfer Bank,Gaji
1978,2026-01-24,Bonus,Gaji,Pemasukan,2128815.0,E-Wallet,Gaji
1979,2026-04-21,Kirim uang keluarga,Transfer Teman/Keluarga,Pemasukan,297693.0,E-Wallet,Transfer Teman/Keluarga
1980,2026-02-12,Gaji bulanan,Gaji,Pemasukan,6332928.0,Kartu Debit,Gaji
3515,2026-02-16,Transfer teman,Transfer Teman/Keluarga,Pengeluaran,53644.0,Transfer Bank,Transfer Teman/Keluarga
1982,2026-03-16,Kirim uang keluarga,Transfer Teman/Keluarga,Pemasukan,172244.0,Kartu Debit,Transfer Teman/Keluarga
1983,2025-01-06,Gaji bulanan,Gaji,Pemasukan,6004340.0,Transfer Bank,Gaji
1984,2024-08-10,Belanja dapur,Makanan & Minuman,Pengeluaran,256813.0,Kartu Kredit,Makanan & Minuman
1985,2026-01-31,Tiket KRL,Transportasi,Pengeluaran,88520.0,Kartu Debit,Transportasi
1986,2024-07-04,Pulsa prabayar,Pulsa & Internet,Pengeluaran,104302.0,Transfer Bank,Pulsa & Internet
1987,2024-09-03,Bensin,Transportasi,Pengeluaran,34282.0,Kartu Debit,Transportasi
1988,2025-06-03,Konser,Hiburan,Pengeluaran,451612.0,Kartu Kredit,Hiburan
1989,2025-04-11,Liburan,Hiburan,Pengeluaran,388267.0,E-Wallet,Hiburan
1990,2025-03-23,Netflix,Pembayaran Langganan,Pengeluaran,22356.0,Transfer Bank,Pembayaran Langganan
1991,2025-10-20,Kirim uang keluarga,Transfer Teman/Keluarga,Pemasukan,76068.0,Kartu Debit,Transfer Teman/Keluarga
1992,2025-12-02,Transfer teman,Transfer Teman/Keluarga,Pemasukan,206568.0,Transfer Bank,Transfer Teman/Keluarga
1993,2025-07-05,Ojek online,Transportasi,Pengeluaran,73570.0,E-Wallet,Transportasi
1994,2025-06-24,Kirim uang keluarga,Transfer Teman/Keluarga,Pemasukan,138926.0,Kartu Debit,Transfer Teman/Keluarga
1995,2024-09-20,Gaji bulanan,Gaji,Pemasukan,6462266.0,E-Wallet,Gaji
1996,2026-05-06,Bensin,Transportasi,Pengeluaran,23950.0,E-Wallet,Transportasi
1997,2024-10-07,Bonus,Gaji,Pemasukan,2572956.0,E-Wallet,Gaji
1998,2024-06-11,Gaji bulanan,Gaji,Pemasukan,6368588.0,E-Wallet,Gaji
1999,2025-09-04,Gaji bulanan,Gaji,Pemasukan,6419340.0,E-Wallet,Gaji
2000,2026-05-19,Gym membership,Pembayaran Langganan,Pengeluaran,200604.0,E-Wallet,Pembayaran Langganan
2001,2024-06-09,Kirim uang keluarga,Transfer Teman/Keluarga,Pemasukan,130210.0,Kartu Debit,Transfer Teman/Keluarga
2002,2025-11-29,Kirim uang keluarga,Transfer Teman/Keluarga,Pengeluaran,194800.0,Transfer Bank,Transfer Teman/Keluarga
2003,2024-11-27,Gaji bulanan,Gaji,Pemasukan,6308941.0,E-Wallet,Gaji
2004,2024-06-06,Bonus,Gaji,Pemasukan,1319377.0,E-Wallet,Gaji
2005,2024-07-10,Kirim uang keluarga,Transfer Teman/Keluarga,Pemasukan,182883.0,Transfer Bank,Transfer Teman/Keluarga
2006,2026-01-26,Transfer teman,Transfer Teman/Keluarga,Pemasukan,86970.0,Transfer Bank,Transfer Teman/Keluarga
2007,2025-11-13,Spotify Premium,Pembayaran Langganan,Pengeluaran,28706.0,Kartu Kredit,Pembayaran Langganan
2008,2024-12-02,Gaji bulanan,Gaji,Pemasukan,6325395.0,Transfer Bank,Gaji
2009,2025-04-18,Gaji bulanan,Gaji,Pemasukan,6166796.0,Transfer Bank,Gaji
2010,2024-10-19,Kirim uang keluarga,Transfer Teman/Keluarga,Pemasukan,263385.0,Transfer Bank,Transfer Teman/Keluarga
2011,2025-09-04,Gaji bulanan,Gaji,Pemasukan,6227703.5,Transfer Bank,Gaji
2012,2026-02-22,Tagihan internet,Pulsa & Internet,Pengeluaran,67832.0,Kartu Debit,Pulsa & Internet
2013,2025-04-06,Kirim uang keluarga,Transfer Teman/Keluarga,Pemasukan,238537.0,E-Wallet,Transfer Teman/Keluarga
2014,2025-08-21,Tagihan internet,Pulsa & Internet,Pengeluaran,139955.0,Kartu Debit,Pulsa & Internet
2015,2024-08-07,Tiket KRL,Transportasi,Pengeluaran,74845.0,Tunai,Transportasi
2016,2025-09-06,Transfer teman,Transfer Teman/Keluarga,Pengeluaran,156963.0,Transfer Bank,Transfer Teman/Keluarga
2017,2024-07-20,Bonus,Gaji,Pemasukan,2484246.0,Kartu Debit,Gaji
2018,2025-08-09,Perlengkapan rumah,Belanja Bulanan,Pengeluaran,278903.0,Tunai,Belanja Bulanan
2019,2025-01-01,Kirim uang keluarga,Transfer Teman/Keluarga,Pengeluaran,148209.0,Kartu Debit,Transfer Teman/Keluarga
2020,2026-04-15,Konser,Hiburan,Pengeluaran,408799.0,Kartu Kredit,Hiburan
2021,2026-03-28,Service AC kos,Tempat Tinggal,Pengeluaran,51865.0,E-Wallet,Tempat Tinggal
2022,2025-08-20,Gym membership,Pembayaran Langganan,Pengeluaran,200650.0,Kartu Debit,Pembayaran Langganan
2023,2025-06-10,Gaji bulanan,Gaji,Pemasukan,6029022.0,E-Wallet,Gaji
2024,2025-06-08,Bonus,Gaji,Pemasukan,2779940.0,Transfer Bank,Gaji
2025,2025-02-25,Transfer teman,Transfer Teman/Keluarga,Pengeluaran,110575.0,Transfer Bank,Transfer Teman/Keluarga
2026,2025-11-02,Gaji bulanan,Gaji,Pemasukan,6377943.0,E-Wallet,Gaji
2027,2026-02-04,Belanja dapur,Makanan & Minuman,Pengeluaran,641560.0,Kartu Kredit,Makanan & Minuman
2028,2024-09-02,Transfer teman,Transfer Teman/Keluarga,Pemasukan,252338.0,Transfer Bank,Transfer Teman/Keluarga
2029,2025-11-13,Kirim uang keluarga,Transfer Teman/Keluarga,Pemasukan,287740.0,Lainnya,Transfer Teman/Keluarga
2030,2024-11-22,Bonus,Gaji,Pemasukan,2812156.0,Transfer Bank,Gaji
2031,2024-10-12,Transfer teman,Transfer Teman/Keluarga,Pemasukan,80570.0,Transfer Bank,Transfer Teman/Keluarga
2032,2025-05-30,Bonus,Gaji,Pemasukan,1541934.0,Kartu Debit,Gaji
2033,2024-07-24,Gaji bulanan,Gaji,Pemasukan,6455605.0,Transfer Bank,Gaji
2034,2026-03-29,Gaji bulanan,Gaji,Pemasukan,6321082.0,E-Wallet,Gaji
2035,2025-09-16,Bensin,Transportasi,Pengeluaran,84111.0,E-Wallet,Transportasi
2036,2024-12-31,Bayar kos,Tempat Tinggal,Pengeluaran,956990.0,Tunai,Tempat Tinggal
2037,2025-03-30,Kirim uang keluarga,Transfer Teman/Keluarga,Pemasukan,226111.0,Kartu Debit,Transfer Teman/Keluarga
2038,2025-06-12,Kopi,Makanan & Minuman,Pengeluaran,15931.0,E-Wallet,Makanan & Minuman
2039,2026-03-28,Transfer teman,Transfer Teman/Keluarga,Pengeluaran,278539.0,Transfer Bank,Transfer Teman/Keluarga
2040,2026-04-27,Bonus,Gaji,Pemasukan,2907654.0,E-Wallet,Gaji
2041,2024-12-20,Perlengkapan rumah,Belanja Bulanan,Pengeluaran,320951.0,Kartu Kredit,Belanja Bulanan
2042,2024-09-19,Beli makan siang,Makanan & Minuman,Pengeluaran,159340.0,Tunai,Makanan & Minuman
2043,2025-08-10,Transfer teman,Transfer Teman/Keluarga,Pemasukan,218218.0,Transfer Bank,Transfer Teman/Keluarga
2044,2025-01-03,Perlengkapan rumah,Belanja Bulanan,Pengeluaran,423324.0,Kartu Kredit,Belanja Bulanan
2045,2024-11-06,Ojek online,Transportasi,Pengeluaran,77169.0,Lainnya,Transportasi
2046,2024-12-26,Transfer teman,Transfer Teman/Keluarga,Pemasukan,88502.0,Transfer Bank,Transfer Teman/Keluarga
2047,2025-06-01,Gaji bulanan,Gaji,Pemasukan,6031227.0,E-Wallet,Gaji
2048,2026-03-24,Bonus,Gaji,Pemasukan,2868976.0,Kartu Debit,Gaji
2049,2024-12-19,Bonus,Gaji,Pemasukan,2236156.0,E-Wallet,Gaji
2050,2024-12-09,Belanja kebutuhan pokok,Belanja Bulanan,Pengeluaran,219215.0,E-Wallet,Belanja Bulanan
2051,2025-03-22,Makan malam restoran,Makanan & Minuman,Pengeluaran,349420.0,Tunai,Makanan & Minuman
2052,2024-06-24,Service AC kos,Tempat Tinggal,Pengeluaran,50117.0,Transfer Bank,Tempat Tinggal
2053,2024-06-26,Pulsa prabayar,Pulsa & Internet,Pengeluaran,86646.0,Transfer Bank,Pulsa & Internet
2054,2025-12-17,Netflix,Pembayaran Langganan,Pengeluaran,29919.0,E-Wallet,Pembayaran Langganan
2055,2026-05-20,Gaji bulanan,Gaji,Pemasukan,6414794.0,E-Wallet,Gaji
2056,2025-04-24,Gaji bulanan,Gaji,Pemasukan,6422388.0,Kartu Debit,Gaji
2057,2025-11-02,Kirim uang keluarga,Transfer Teman/Keluarga,Pemasukan,128610.0,Kartu Debit,Transfer Teman/Keluarga
2058,2025-09-18,Gaji bulanan,Gaji,Pemasukan,6353784.0,Transfer Bank,Gaji
2059,2026-01-24,Transfer teman,Transfer Teman/Keluarga,Pemasukan,154441.0,E-Wallet,Transfer Teman/Keluarga
2060,2024-08-28,Transfer teman,Transfer Teman/Keluarga,Pemasukan,93611.0,E-Wallet,Transfer Teman/Keluarga
2061,2025-04-26,Transfer teman,Transfer Teman/Keluarga,Pemasukan,95093.0,Kartu Debit,Transfer Teman/Keluarga
2062,2025-12-10,Tiket bioskop,Hiburan,Pengeluaran,48696.0,Transfer Bank,Hiburan
2063,2025-07-15,Kirim uang keluarga,Transfer Teman/Keluarga,Pengeluaran,221591.0,E-Wallet,Transfer Teman/Keluarga
2064,2025-11-08,Kirim uang keluarga,Transfer Teman/Keluarga,Pemasukan,70592.0,Transfer Bank,Transfer Teman/Keluarga
2065,2025-02-17,Spotify Premium,Pembayaran Langganan,Pengeluaran,20377.0,Kartu Debit,Pembayaran Langganan
2066,2025-08-25,Bonus,Gaji,Pemasukan,1534103.0,Kartu Debit,Gaji
2067,2025-08-29,Transfer teman,Transfer Teman/Keluarga,Pemasukan,174822.0,Kartu Debit,Transfer Teman/Keluarga
2068,2025-10-20,Spotify Premium,Pembayaran Langganan,Pengeluaran,25786.0,Kartu Kredit,Pembayaran Langganan
2069,2025-11-01,Gaji bulanan,Gaji,Pemasukan,6018389.0,E-Wallet,Gaji
2070,2024-08-18,Transfer teman,Transfer Teman/Keluarga,Pengeluaran,74365.0,E-Wallet,Transfer Teman/Keluarga
2071,2024-11-18,Kirim uang keluarga,Transfer Teman/Keluarga,Pemasukan,191970.0,Kartu Debit,Transfer Teman/Keluarga
2072,2026-03-31,Bonus,Gaji,Pemasukan,2308195.0,Transfer Bank,Gaji
2073,2026-01-03,Tagihan internet,Pulsa & Internet,Pengeluaran,142164.0,Transfer Bank,Pulsa & Internet
2074,2025-12-01,Kirim uang keluarga,Transfer Teman/Keluarga,Pemasukan,200774.0,Kartu Debit,Transfer Teman/Keluarga
2075,2026-01-06,Transfer teman,Transfer Teman/Keluarga,Pemasukan,78568.0,E-Wallet,Transfer Teman/Keluarga
2076,2024-07-02,Bayar kos,Tempat Tinggal,Pengeluaran,888207.0,Tunai,Tempat Tinggal
2077,2024-08-19,Belanja dapur,Makanan & Minuman,Pengeluaran,709315.0,Kartu Kredit,Makanan & Minuman
2078,2026-02-22,Bayar kos,Tempat Tinggal,Pengeluaran,966472.0,Kartu Debit,Tempat Tinggal
2079,2025-05-13,Transfer teman,Transfer Teman/Keluarga,Pemasukan,282273.0,Kartu Debit,Transfer Teman/Keluarga
2081,2026-01-22,Gaji bulanan,Gaji,Pemasukan,6415540.0,Transfer Bank,Gaji
2082,2026-01-30,Netflix,Pembayaran Langganan,Pengeluaran,21770.0,Transfer Bank,Pembayaran Langganan
3516,2024-08-28,Pakaian baru,Belanja Bulanan,Pengeluaran,313153.0,Tunai,Belanja Bulanan
2084,2025-09-20,Transfer teman,Transfer Teman/Keluarga,Pengeluaran,151305.0,Transfer Bank,Transfer Teman/Keluarga
2085,2024-11-25,Belanja kebutuhan pokok,Belanja Bulanan,Pengeluaran,274499.0,Kartu Debit,Belanja Bulanan
2086,2025-01-28,Kirim uang keluarga,Transfer Teman/Keluarga,Pemasukan,211240.0,E-Wallet,Transfer Teman/Keluarga
2087,2024-05-31,Bonus,Gaji,Pemasukan,2805765.0,Transfer Bank,Gaji
2088,2025-09-19,Service AC kos,Tempat Tinggal,Pengeluaran,51937.0,Tunai,Tempat Tinggal
2089,2026-04-26,Iuran lingkungan,Tempat Tinggal,Pengeluaran,50419.0,Tunai,Tempat Tinggal
2090,2025-03-16,Bonus,Gaji,Pemasukan,1302128.0,Transfer Bank,Gaji
2091,2025-11-25,Iuran lingkungan,Tempat Tinggal,Pengeluaran,51803.0,E-Wallet,Tempat Tinggal
2092,2024-08-31,Transfer teman,Transfer Teman/Keluarga,Pemasukan,153964.0,Kartu Debit,Transfer Teman/Keluarga
2093,2024-11-11,Belanja kebutuhan pokok,Belanja Bulanan,Pengeluaran,248560.0,Tunai,Belanja Bulanan
2094,2025-04-08,Bonus,Gaji,Pengeluaran,2890806.0,Kartu Debit,Gaji
2095,2024-06-19,Spotify Premium,Pembayaran Langganan,Pengeluaran,24375.0,Transfer Bank,Pembayaran Langganan
2096,2025-12-07,Kirim uang keluarga,Transfer Teman/Keluarga,Pemasukan,50313.0,Kartu Debit,Transfer Teman/Keluarga
2097,2024-09-21,Transfer teman,Transfer Teman/Keluarga,Pengeluaran,280445.0,Kartu Debit,Transfer Teman/Keluarga
2098,2025-07-07,Makan malam restoran,Makanan & Minuman,Pengeluaran,656613.0,Kartu Kredit,Makanan & Minuman
2099,2025-07-02,Belanja kebutuhan pokok,Belanja Bulanan,Pengeluaran,449635.0,Kartu Kredit,Belanja Bulanan
2100,2024-10-13,Tiket KRL,Transportasi,Pengeluaran,55793.0,Transfer Bank,Transportasi
2101,2026-05-23,Service AC kos,Tempat Tinggal,Pengeluaran,50582.0,Transfer Bank,Tempat Tinggal
2102,2025-11-27,Iuran lingkungan,Tempat Tinggal,Pengeluaran,50755.0,E-Wallet,Tempat Tinggal
2103,2025-12-31,Kirim uang keluarga,Transfer Teman/Keluarga,Pemasukan,117193.0,Kartu Debit,Transfer Teman/Keluarga
2104,2025-11-23,Makan malam restoran,Makanan & Minuman,Pengeluaran,657325.0,Kartu Kredit,Makanan & Minuman
2105,2024-10-08,Netflix,Pembayaran Langganan,Pengeluaran,25659.0,Transfer Bank,Pembayaran Langganan
2106,2026-04-27,Gaji bulanan,Gaji,Pemasukan,6107941.0,Transfer Bank,Gaji
2107,2025-09-05,Kirim uang keluarga,Transfer Teman/Keluarga,Pemasukan,249535.0,Transfer Bank,Transfer Teman/Keluarga
2108,2024-10-11,Spotify Premium,Pembayaran Langganan,Pengeluaran,24259.0,Kartu Kredit,Pembayaran Langganan
2109,2025-06-13,Belanja dapur,Makanan & Minuman,Pengeluaran,445982.0,Tunai,Makanan & Minuman
2110,2025-10-24,Transfer teman,Transfer Teman/Keluarga,Pemasukan,242433.0,Kartu Debit,Transfer Teman/Keluarga
2111,2024-12-22,Makan malam restoran,Makanan & Minuman,Pengeluaran,565028.0,E-Wallet,Makanan & Minuman
2112,2024-09-14,Gaji bulanan,Gaji,Pemasukan,6030518.0,Transfer Bank,Gaji
2113,2024-08-14,Gaji bulanan,Gaji,Pemasukan,6154299.0,Transfer Bank,Gaji
2114,2025-03-30,Bonus,Gaji,Pemasukan,2164476.0,E-Wallet,Gaji
2115,2026-03-07,Bonus,Gaji,Pemasukan,1931967.0,Transfer Bank,Gaji
2116,2026-02-09,Paket data,Pulsa & Internet,Pengeluaran,55659.0,Transfer Bank,Pulsa & Internet
2117,2024-11-01,Tiket KRL,Transportasi,Pengeluaran,35845.0,Tunai,Transportasi
2118,2025-02-23,Pulsa prabayar,Pulsa & Internet,Pengeluaran,81621.0,Kartu Kredit,Pulsa & Internet
2119,2025-11-12,Service AC kos,Tempat Tinggal,Pengeluaran,51477.0,Kartu Debit,Tempat Tinggal
3517,2025-09-12,Bonus,Gaji,Pemasukan,1875497.0,E-Wallet,Gaji
2121,2026-01-09,Bensin,Transportasi,Pengeluaran,62172.0,Kartu Debit,Transportasi
2122,2025-02-19,Bonus,Gaji,Pemasukan,1124115.0,Kartu Debit,Gaji
2124,2025-10-04,Kirim uang keluarga,Transfer Teman/Keluarga,Pemasukan,85392.0,E-Wallet,Transfer Teman/Keluarga
2125,2024-10-18,Iuran lingkungan,Tempat Tinggal,Pengeluaran,50625.0,Kartu Debit,Tempat Tinggal
2126,2025-03-06,Beli makan siang,Makanan & Minuman,Pengeluaran,101856.0,Kartu Debit,Makanan & Minuman
2127,2025-09-30,Transfer teman,Transfer Teman/Keluarga,Pemasukan,264347.0,E-Wallet,Transfer Teman/Keluarga
2128,2025-09-19,Kirim uang keluarga,Transfer Teman/Keluarga,Pengeluaran,145323.0,E-Wallet,Transfer Teman/Keluarga
2129,2026-05-08,Bonus,Gaji,Pemasukan,2374305.0,Transfer Bank,Gaji
2130,2025-03-15,Kirim uang keluarga,Transfer Teman/Keluarga,Pemasukan,202992.0,Transfer Bank,Transfer Teman/Keluarga
2131,2026-01-19,Paket data,Pulsa & Internet,Pengeluaran,87435.0,Kartu Debit,Pulsa & Internet
2132,2025-05-14,Transfer teman,Transfer Teman/Keluarga,Pemasukan,259607.0,Kartu Debit,Transfer Teman/Keluarga
2133,2026-04-01,Iuran lingkungan,Tempat Tinggal,Pengeluaran,51754.0,Transfer Bank,Tempat Tinggal
2134,2025-07-21,Gaji bulanan,Gaji,Pemasukan,6443271.0,Transfer Bank,Gaji
2135,2024-07-26,Belanja kebutuhan pokok,Belanja Bulanan,Pengeluaran,458710.0,E-Wallet,Belanja Bulanan
2136,2024-08-12,Jajan,Makanan & Minuman,Pengeluaran,41571.0,Kartu Debit,Makanan & Minuman
2137,2026-04-18,Transfer Teman/Keluarga,Transfer Teman/Keluarga,Pengeluaran,110303.0,Kartu Debit,Transfer Teman/Keluarga
2138,2025-04-13,Kirim uang keluarga,Transfer Teman/Keluarga,Pemasukan,189845.0,Kartu Debit,Transfer Teman/Keluarga
2139,2025-12-03,Transfer teman,Transfer Teman/Keluarga,Pengeluaran,299090.0,Transfer Bank,Transfer Teman/Keluarga
2140,2025-09-21,Transfer teman,Transfer Teman/Keluarga,Pemasukan,274433.0,Transfer Bank,Transfer Teman/Keluarga
2141,2024-09-30,Kirim uang keluarga,Transfer Teman/Keluarga,Pemasukan,207090.0,Kartu Debit,Transfer Teman/Keluarga
2142,2025-04-08,Kirim uang keluarga,Transfer Teman/Keluarga,Pemasukan,213407.0,E-Wallet,Transfer Teman/Keluarga
2143,2025-09-10,Paket data,Pulsa & Internet,Pengeluaran,66252.0,Transfer Bank,Pulsa & Internet
2144,2026-01-03,Tiket KRL,Transportasi,Pengeluaran,64975.0,Transfer Bank,Transportasi
2145,2025-05-18,Kirim uang keluarga,Transfer Teman/Keluarga,Pemasukan,283241.0,Kartu Debit,Transfer Teman/Keluarga
2146,2025-04-08,Tiket bioskop,Hiburan,Pengeluaran,37903.0,E-Wallet,Hiburan
2147,2026-04-08,Tagihan internet,Pulsa & Internet,Pengeluaran,58070.0,E-Wallet,Pulsa & Internet
2148,2024-11-12,Bensin,Transportasi,Pengeluaran,26296.0,Tunai,Transportasi
2149,2025-01-09,Bonus,Gaji,Pemasukan,1775962.0,Kartu Debit,Gaji
2150,2024-06-01,Iuran lingkungan,Tempat Tinggal,Pengeluaran,51941.0,Tunai,Tempat Tinggal
2151,2024-10-24,Kirim uang keluarga,Transfer Teman/Keluarga,Pemasukan,298684.0,Transfer Bank,Transfer Teman/Keluarga
2152,2025-04-28,Gaji bulanan,Gaji,Pemasukan,6252890.0,Transfer Bank,Gaji
2153,2025-03-04,Transfer teman,Transfer Teman/Keluarga,Pemasukan,151833.0,Transfer Bank,Transfer Teman/Keluarga
2154,2025-11-19,Bensin,Transportasi,Pengeluaran,19274.0,E-Wallet,Transportasi
2155,2025-02-06,Iuran lingkungan,Tempat Tinggal,Pengeluaran,50051.0,Transfer Bank,Tempat Tinggal
2156,2025-06-16,Bayar kos,Tempat Tinggal,Pengeluaran,849184.0,E-Wallet,Tempat Tinggal
2157,2025-10-22,Iuran lingkungan,Tempat Tinggal,Pengeluaran,50477.0,E-Wallet,Tempat Tinggal
2158,2025-09-25,Kirim uang keluarga,Transfer Teman/Keluarga,Pengeluaran,190838.0,E-Wallet,Transfer Teman/Keluarga
2159,2025-06-09,Gaji bulanan,Gaji,Pemasukan,6191749.0,Kartu Debit,Gaji
2160,2025-01-01,Transfer teman,Transfer Teman/Keluarga,Pemasukan,241253.0,Kartu Debit,Transfer Teman/Keluarga
2161,2025-06-15,Paket data,Pulsa & Internet,Pengeluaran,76039.0,Kartu Debit,Pulsa & Internet
2162,2025-11-02,Kirim uang keluarga,Transfer Teman/Keluarga,Pemasukan,120950.0,Kartu Debit,Transfer Teman/Keluarga
2163,2026-05-21,Kopi,Makanan & Minuman,Pengeluaran,32052.0,E-Wallet,Makanan & Minuman
2164,2026-03-02,Bayar kos,Tempat Tinggal,Pengeluaran,961238.0,Kartu Debit,Tempat Tinggal
2165,2024-11-03,Transfer teman,Transfer Teman/Keluarga,Pengeluaran,155831.0,E-Wallet,Transfer Teman/Keluarga
2166,2025-10-02,Jajan,Makanan & Minuman,Pengeluaran,52492.0,Kartu Debit,Makanan & Minuman
2167,2025-06-01,Cloud storage,Pembayaran Langganan,Pengeluaran,53564.0,Kartu Debit,Pembayaran Langganan
2168,2024-10-13,Transfer teman,Transfer Teman/Keluarga,Pemasukan,57516.0,E-Wallet,Transfer Teman/Keluarga
2169,2024-10-22,Service AC kos,Tempat Tinggal,Pengeluaran,50592.0,Kartu Debit,Tempat Tinggal
2170,2025-03-16,Pakaian baru,Belanja Bulanan,Pengeluaran,445682.0,Kartu Debit,Belanja Bulanan
2171,2026-01-04,Gym membership,Pembayaran Langganan,Pengeluaran,200789.0,Transfer Bank,Pembayaran Langganan
2172,2025-06-05,Kirim uang keluarga,Transfer Teman/Keluarga,Pengeluaran,242770.0,E-Wallet,Transfer Teman/Keluarga
2173,2024-09-01,Spotify Premium,Pembayaran Langganan,Pengeluaran,25520.0,Kartu Kredit,Pembayaran Langganan
2174,2025-12-23,Gaji bulanan,Gaji,Pemasukan,6331718.0,Transfer Bank,Gaji
2175,2025-06-02,Gaji bulanan,Gaji,Pemasukan,6462307.0,E-Wallet,Gaji
2176,2024-12-31,Bonus,Gaji,Pemasukan,2128959.0,Transfer Bank,Gaji
2177,2025-11-22,Ojek online,Transportasi,Pengeluaran,58411.0,Kartu Debit,Transportasi
2178,2025-12-07,Kirim uang keluarga,Transfer Teman/Keluarga,Pemasukan,118020.0,E-Wallet,Transfer Teman/Keluarga
2179,2025-01-29,Pakaian baru,Belanja Bulanan,Pengeluaran,268432.0,Kartu Kredit,Belanja Bulanan
2180,2025-10-22,Gaji bulanan,Gaji,Pemasukan,6432865.0,E-Wallet,Gaji
2181,2025-04-01,Bensin,Transportasi,Pengeluaran,90819.0,E-Wallet,Transportasi
2182,2025-01-19,Gaji bulanan,Gaji,Pemasukan,6002044.0,E-Wallet,Gaji
2183,2024-10-24,Transfer teman,Transfer Teman/Keluarga,Pemasukan,101332.0,Transfer Bank,Transfer Teman/Keluarga
2184,2024-07-24,Transfer teman,Transfer Teman/Keluarga,Pemasukan,77203.0,E-Wallet,Transfer Teman/Keluarga
2185,2025-12-09,Kirim uang keluarga,Transfer Teman/Keluarga,Pemasukan,269045.0,Kartu Debit,Transfer Teman/Keluarga
2186,2026-05-23,Netflix,Pembayaran Langganan,Pengeluaran,28856.0,Kartu Kredit,Pembayaran Langganan
2187,2024-06-25,Bayar kos,Tempat Tinggal,Pengeluaran,814245.0,Tunai,Tempat Tinggal
2188,2024-07-28,Tagihan internet,Pulsa & Internet,Pengeluaran,71922.0,Kartu Kredit,Pulsa & Internet
2189,2025-03-22,Liburan,Hiburan,Pengeluaran,435974.0,E-Wallet,Hiburan
2190,2026-04-20,Transfer teman,Transfer Teman/Keluarga,Pemasukan,272755.0,Transfer Bank,Transfer Teman/Keluarga
2191,2026-05-23,Transfer teman,Transfer Teman/Keluarga,Pemasukan,86997.0,E-Wallet,Transfer Teman/Keluarga
2192,2026-02-08,Transfer teman,Transfer Teman/Keluarga,Pemasukan,77848.0,E-Wallet,Transfer Teman/Keluarga
2193,2024-08-22,Tiket bioskop,Hiburan,Pengeluaran,49156.0,Transfer Bank,Hiburan
2194,2026-04-19,Kirim uang keluarga,Transfer Teman/Keluarga,Pemasukan,57260.0,Transfer Bank,Transfer Teman/Keluarga
2195,2026-05-04,Kirim uang keluarga,Transfer Teman/Keluarga,Pemasukan,79767.0,Transfer Bank,Transfer Teman/Keluarga
2196,2025-05-02,Transfer teman,Transfer Teman/Keluarga,Pemasukan,138165.0,Kartu Debit,Transfer Teman/Keluarga
2197,2024-06-10,Iuran lingkungan,Tempat Tinggal,Pengeluaran,51578.0,Transfer Bank,Tempat Tinggal
2198,2024-12-05,Pakaian baru,Belanja Bulanan,Pengeluaran,351954.0,Kartu Debit,Belanja Bulanan
2199,2025-05-16,Perlengkapan rumah,Belanja Bulanan,Pengeluaran,380835.0,E-Wallet,Belanja Bulanan
2200,2025-05-18,Gaji bulanan,Gaji,Pemasukan,6391046.0,Transfer Bank,Gaji
2201,2025-09-17,Kirim uang keluarga,Transfer Teman/Keluarga,Pemasukan,59261.0,E-Wallet,Transfer Teman/Keluarga
2202,2024-09-29,Transfer teman,Transfer Teman/Keluarga,Pemasukan,215078.0,Kartu Debit,Transfer Teman/Keluarga
2203,2024-12-16,Kirim uang keluarga,Transfer Teman/Keluarga,Pemasukan,62536.0,Transfer Bank,Transfer Teman/Keluarga
2204,2025-11-05,Gaji bulanan,Gaji,Pemasukan,6227452.0,Kartu Debit,Gaji
2205,2024-12-04,Bonus,Gaji,Pemasukan,2849047.0,E-Wallet,Gaji
2206,2026-01-30,Paket data,Pulsa & Internet,Pengeluaran,55461.0,Kartu Kredit,Pulsa & Internet
2207,2025-10-14,Bonus,Gaji,Pemasukan,1362797.0,Kartu Debit,Gaji
2208,2024-12-02,Pakaian baru,Belanja Bulanan,Pengeluaran,364736.0,Lainnya,Belanja Bulanan
2209,2025-03-30,Transfer teman,Transfer Teman/Keluarga,Pengeluaran,281325.0,Kartu Debit,Transfer Teman/Keluarga
2210,2026-04-25,Paket data,Pulsa & Internet,Pengeluaran,142504.0,Kartu Debit,Pulsa & Internet
2211,2026-04-22,Kirim uang keluarga,Transfer Teman/Keluarga,Pengeluaran,268490.0,Transfer Bank,Transfer Teman/Keluarga
2212,2025-07-12,Transfer teman,Transfer Teman/Keluarga,Pengeluaran,116073.0,E-Wallet,Transfer Teman/Keluarga
2213,2025-10-20,Liburan,Hiburan,Pengeluaran,465506.0,Kartu Kredit,Hiburan
2214,2026-04-21,Bonus,Gaji,Pemasukan,2446286.0,Transfer Bank,Gaji
2215,2025-07-23,Transfer teman,Transfer Teman/Keluarga,Pemasukan,240267.0,Kartu Debit,Transfer Teman/Keluarga
2216,2024-12-23,Spotify Premium,Pembayaran Langganan,Pengeluaran,28922.0,Transfer Bank,Pembayaran Langganan
2217,2024-10-17,Kirim uang keluarga,Transfer Teman/Keluarga,Pemasukan,172596.0,Transfer Bank,Transfer Teman/Keluarga
2218,2026-03-15,Kirim uang keluarga,Transfer Teman/Keluarga,Pemasukan,288729.0,E-Wallet,Transfer Teman/Keluarga
2219,2024-09-01,Gaji bulanan,Gaji,Pemasukan,6434267.0,Kartu Debit,Gaji
2220,2026-04-06,Gaji bulanan,Gaji,Pemasukan,6020024.0,Kartu Debit,Gaji
2221,2025-10-19,Kirim uang keluarga,Transfer Teman/Keluarga,Pemasukan,297533.0,Transfer Bank,Transfer Teman/Keluarga
2222,2026-02-16,Gym membership,Pembayaran Langganan,Pengeluaran,200224.0,Kartu Kredit,Pembayaran Langganan
2223,2024-08-29,Gaji bulanan,Gaji,Pemasukan,6125773.0,Kartu Debit,Gaji
2224,2025-05-06,Transfer teman,Transfer Teman/Keluarga,Pemasukan,63200.0,E-Wallet,Transfer Teman/Keluarga
2225,2025-06-14,Langganan streaming,Hiburan,Pengeluaran,45692.0,Kartu Debit,Hiburan
2226,2025-04-05,Transfer teman,Transfer Teman/Keluarga,Pemasukan,69259.0,E-Wallet,Transfer Teman/Keluarga
2227,2025-08-04,Taksi,Transportasi,Pengeluaran,73440.0,Kartu Debit,Transportasi
2228,2024-07-15,Paket data,Pulsa & Internet,Pengeluaran,90439.0,Kartu Debit,Pulsa & Internet
2229,2025-01-16,Service AC kos,Tempat Tinggal,Pengeluaran,51805.0,Kartu Debit,Tempat Tinggal
2230,2024-12-26,Tagihan internet,Pulsa & Internet,Pengeluaran,91619.0,E-Wallet,Pulsa & Internet
2231,2026-02-04,Kirim uang keluarga,Transfer Teman/Keluarga,Pengeluaran,171485.0,Transfer Bank,Transfer Teman/Keluarga
2232,2025-11-08,Iuran lingkungan,Tempat Tinggal,Pengeluaran,51368.0,Transfer Bank,Tempat Tinggal
2233,2025-04-19,Gaji bulanan,Gaji,Pemasukan,6182004.0,Kartu Debit,Gaji
2234,2025-10-14,Kirim uang keluarga,Transfer Teman/Keluarga,Pemasukan,289256.0,Transfer Bank,Transfer Teman/Keluarga
2235,2026-04-20,Kopi,Makanan & Minuman,Pengeluaran,42416.0,Kartu Debit,Makanan & Minuman
2236,2024-09-09,Belanja kebutuhan pokok,Belanja Bulanan,Pengeluaran,246134.0,Kartu Kredit,Belanja Bulanan
2237,2026-01-05,Gaji bulanan,Gaji,Pemasukan,6095283.0,Transfer Bank,Gaji
2238,2025-07-20,Beli makan siang,Makanan & Minuman,Pengeluaran,159512.0,Kartu Kredit,Makanan & Minuman
2239,2024-08-13,Gaji bulanan,Gaji,Pemasukan,6293559.0,Kartu Debit,Gaji
2240,2026-04-05,Bonus,Gaji,Pemasukan,2307076.0,E-Wallet,Gaji
2241,2025-01-31,Kirim uang keluarga,Transfer Teman/Keluarga,Pemasukan,188868.0,Transfer Bank,Transfer Teman/Keluarga
2242,2025-06-07,Cloud storage,Pembayaran Langganan,Pengeluaran,50387.0,Kartu Debit,Pembayaran Langganan
2243,2025-04-28,Makan malam restoran,Makanan & Minuman,Pengeluaran,625009.0,Kartu Debit,Makanan & Minuman
2244,2024-10-17,Perlengkapan rumah,Belanja Bulanan,Pengeluaran,237505.0,E-Wallet,Belanja Bulanan
2245,2025-09-12,Transfer teman,Transfer Teman/Keluarga,Pengeluaran,66179.0,Transfer Bank,Transfer Teman/Keluarga
2246,2025-04-20,Pulsa prabayar,Pulsa & Internet,Pengeluaran,116159.0,Transfer Bank,Pulsa & Internet
2247,2026-05-02,Gaji bulanan,Gaji,Pemasukan,6436270.0,Transfer Bank,Gaji
2248,2025-11-28,Iuran lingkungan,Tempat Tinggal,Pengeluaran,51719.0,Tunai,Tempat Tinggal
2249,2025-06-14,Liburan,Hiburan,Pengeluaran,350305.0,Kartu Debit,Hiburan
2250,2024-07-07,Spotify Premium,Pembayaran Langganan,Pengeluaran,21630.0,Transfer Bank,Pembayaran Langganan
2252,2024-11-22,Beli makan siang,Makanan & Minuman,Pengeluaran,44742.0,E-Wallet,Makanan & Minuman
2253,2024-09-03,Jajan,Makanan & Minuman,Pengeluaran,10380.0,E-Wallet,Makanan & Minuman
2254,2026-04-10,Tagihan internet,Pulsa & Internet,Pengeluaran,86669.0,Kartu Kredit,Pulsa & Internet
2255,2025-12-12,Kirim uang keluarga,Transfer Teman/Keluarga,Pengeluaran,89994.0,Kartu Debit,Transfer Teman/Keluarga
2256,2025-03-17,Kirim uang keluarga,Transfer Teman/Keluarga,Pemasukan,140007.0,Transfer Bank,Transfer Teman/Keluarga
2257,2025-10-02,Ojek online,Transportasi,Pengeluaran,69706.0,Kartu Debit,Transportasi
2258,2024-07-08,Tiket KRL,Transportasi,Pengeluaran,65518.0,Kartu Debit,Transportasi
2259,2025-08-24,Liburan,Hiburan,Pengeluaran,415413.0,Kartu Kredit,Hiburan
2260,2025-04-10,Gaji bulanan,Gaji,Pemasukan,6232757.0,E-Wallet,Gaji
2261,2026-05-16,Tiket bioskop,Hiburan,Pengeluaran,44773.0,Kartu Kredit,Hiburan
2262,2025-07-15,Bayar kos,Tempat Tinggal,Pengeluaran,992695.0,Transfer Bank,Tempat Tinggal
2263,2026-01-09,Bonus,Gaji,Pemasukan,1767761.0,Transfer Bank,Gaji
2264,2025-08-19,Spotify Premium,Pembayaran Langganan,Pengeluaran,29855.0,E-Wallet,Pembayaran Langganan
2265,2026-04-25,Gaji bulanan,Gaji,Pemasukan,6015995.0,Transfer Bank,Gaji
2266,2025-10-01,Netflix,Pembayaran Langganan,Pengeluaran,27587.0,Transfer Bank,Pembayaran Langganan
2267,2025-12-25,Bonus,Gaji,Pemasukan,2948466.0,Transfer Bank,Gaji
2268,2026-04-16,Pakaian baru,Belanja Bulanan,Pengeluaran,393111.0,Transfer Bank,Belanja Bulanan
2269,2024-11-08,Kirim uang keluarga,Transfer Teman/Keluarga,Pemasukan,166298.0,Transfer Bank,Transfer Teman/Keluarga
2270,2025-05-10,Transfer teman,Transfer Teman/Keluarga,Pemasukan,267430.0,Kartu Debit,Transfer Teman/Keluarga
2271,2025-06-17,Iuran lingkungan,Tempat Tinggal,Pengeluaran,50085.0,E-Wallet,Tempat Tinggal
2272,2025-08-24,Transfer teman,Transfer Teman/Keluarga,Pemasukan,271503.0,E-Wallet,Transfer Teman/Keluarga
2273,2025-02-11,Paket data,Pulsa & Internet,Pengeluaran,63612.0,Transfer Bank,Pulsa & Internet
2274,2025-08-05,Kirim uang keluarga,Transfer Teman/Keluarga,Pemasukan,90219.0,E-Wallet,Transfer Teman/Keluarga
2275,2024-07-10,Transfer teman,Transfer Teman/Keluarga,Pemasukan,129951.0,E-Wallet,Transfer Teman/Keluarga
2276,2025-02-18,Beli makan siang,Makanan & Minuman,Pengeluaran,198214.0,Transfer Bank,Makanan & Minuman
2277,2024-11-01,Transfer teman,Transfer Teman/Keluarga,Pemasukan,226162.0,Kartu Debit,Transfer Teman/Keluarga
3518,2025-11-22,Kirim uang keluarga,Transfer Teman/Keluarga,Pemasukan,130024.0,Transfer Bank,Transfer Teman/Keluarga
2279,2026-02-09,Bonus,Gaji,Pemasukan,1413206.0,Transfer Bank,Gaji
2280,2024-05-29,Tempat Tinggal,Tempat Tinggal,Pengeluaran,51896.0,Tunai,Tempat Tinggal
2281,2026-04-20,Tiket bioskop,Hiburan,Pengeluaran,49979.0,Kartu Debit,Hiburan
2282,2025-12-10,Gym membership,Pembayaran Langganan,Pengeluaran,200398.0,Kartu Debit,Pembayaran Langganan
2283,2025-07-12,Gym membership,Pembayaran Langganan,Pengeluaran,200154.0,Kartu Debit,Pembayaran Langganan
2284,2025-10-03,Kirim uang keluarga,Transfer Teman/Keluarga,Pengeluaran,114300.0,E-Wallet,Transfer Teman/Keluarga
2285,2026-03-26,Transfer teman,Transfer Teman/Keluarga,Pengeluaran,192621.0,Kartu Debit,Transfer Teman/Keluarga
2286,2025-09-18,Gaji bulanan,Gaji,Pemasukan,6049909.0,Kartu Debit,Gaji
2287,2024-07-07,Kirim uang keluarga,Transfer Teman/Keluarga,Pemasukan,114274.0,Kartu Debit,Transfer Teman/Keluarga
2288,2026-04-07,Kopi,Makanan & Minuman,Pengeluaran,69699.0,Kartu Debit,Makanan & Minuman
2289,2024-06-17,Langganan streaming,Hiburan,Pengeluaran,42859.0,E-Wallet,Hiburan
2290,2024-11-27,Spotify Premium,Pembayaran Langganan,Pengeluaran,28745.0,Kartu Kredit,Pembayaran Langganan
2291,2026-01-29,Kirim uang keluarga,Transfer Teman/Keluarga,Pengeluaran,198022.0,Transfer Bank,Transfer Teman/Keluarga
2292,2025-06-06,Liburan,Hiburan,Pengeluaran,497315.0,Transfer Bank,Hiburan
2293,2025-12-25,Bonus,Gaji,Pemasukan,1213236.0,Transfer Bank,Gaji
2294,2024-10-02,Tiket bioskop,Hiburan,Pengeluaran,39266.0,Kartu Debit,Hiburan
2295,2026-02-26,Transfer teman,Transfer Teman/Keluarga,Pengeluaran,206311.0,E-Wallet,Transfer Teman/Keluarga
2296,2026-02-17,Kirim uang keluarga,Transfer Teman/Keluarga,Pemasukan,250077.0,Transfer Bank,Transfer Teman/Keluarga
2297,2025-07-11,Kopi,Makanan & Minuman,Pengeluaran,58260.0,Tunai,Makanan & Minuman
2298,2025-09-01,Tiket bioskop,Hiburan,Pengeluaran,42711.0,E-Wallet,Hiburan
2299,2025-10-28,Gaji bulanan,Gaji,Pemasukan,6483795.0,Transfer Bank,Gaji
2300,2024-12-06,Taksi,Transportasi,Pengeluaran,28537.0,E-Wallet,Transportasi
2301,2026-03-31,Liburan,Hiburan,Pengeluaran,431829.0,Kartu Kredit,Hiburan
2302,2025-07-08,Paket data,Pulsa & Internet,Pengeluaran,99139.0,Kartu Debit,Pulsa & Internet
2303,2026-03-12,Kirim uang keluarga,Transfer Teman/Keluarga,Pemasukan,255109.0,E-Wallet,Transfer Teman/Keluarga
2304,2026-03-22,Cloud storage,Pembayaran Langganan,Pengeluaran,54408.0,Kartu Kredit,Pembayaran Langganan
2305,2024-12-06,Transfer teman,Transfer Teman/Keluarga,Pemasukan,64518.0,Kartu Debit,Transfer Teman/Keluarga
2306,2024-07-28,Liburan,Hiburan,Pengeluaran,429129.0,Transfer Bank,Hiburan
2307,2026-03-24,Gaji bulanan,Gaji,Pemasukan,6196767.0,E-Wallet,Gaji
2308,2026-01-09,Tagihan internet,Pulsa & Internet,Pengeluaran,77044.0,Kartu Debit,Pulsa & Internet
2309,2024-09-16,Kirim uang keluarga,Transfer Teman/Keluarga,Pemasukan,276977.0,Transfer Bank,Transfer Teman/Keluarga
2310,2024-07-15,Gaji bulanan,Gaji,Pemasukan,6289543.0,Transfer Bank,Gaji
2311,2024-07-18,Kirim uang keluarga,Transfer Teman/Keluarga,Pemasukan,279036.0,E-Wallet,Transfer Teman/Keluarga
2312,2025-12-13,Gaji bulanan,Gaji,Pemasukan,6010406.0,E-Wallet,Gaji
2313,2026-05-01,Netflix,Pembayaran Langganan,Pengeluaran,29288.0,Transfer Bank,Pembayaran Langganan
2314,2025-11-26,Gaji bulanan,Gaji,Pemasukan,6369640.0,Transfer Bank,Gaji
2315,2025-02-11,Beli makan siang,Makanan & Minuman,Pengeluaran,135484.0,Kartu Debit,Makanan & Minuman
2316,2025-04-16,Gaji bulanan,Gaji,Pemasukan,6192937.0,Kartu Debit,Gaji
2317,2025-01-02,Bonus,Gaji,Pemasukan,1600436.0,Transfer Bank,Gaji
2318,2024-06-07,Bonus,Gaji,Pemasukan,2116937.0,E-Wallet,Gaji
2319,2025-02-10,Service AC kos,Tempat Tinggal,Pengeluaran,50615.0,Transfer Bank,Tempat Tinggal
2320,2026-04-10,Gaji bulanan,Gaji,Pemasukan,6416572.0,Transfer Bank,Gaji
2321,2025-01-13,Pakaian baru,Belanja Bulanan,Pengeluaran,284508.0,Tunai,Belanja Bulanan
2322,2025-11-26,Transfer teman,Transfer Teman/Keluarga,Pemasukan,166107.0,Kartu Debit,Transfer Teman/Keluarga
2323,2025-07-18,Bonus,Gaji,Pemasukan,1441095.0,Kartu Debit,Gaji
2324,2025-01-27,Kirim uang keluarga,Transfer Teman/Keluarga,Pemasukan,69030.0,Transfer Bank,Transfer Teman/Keluarga
2325,2026-05-01,Kirim uang keluarga,Transfer Teman/Keluarga,Pengeluaran,102539.0,Transfer Bank,Transfer Teman/Keluarga
2326,2024-11-23,Ojek online,Transportasi,Pengeluaran,55653.0,Transfer Bank,Transportasi
2327,2024-10-28,Kirim uang keluarga,Transfer Teman/Keluarga,Pemasukan,73695.0,Kartu Debit,Transfer Teman/Keluarga
2328,2025-09-18,Kirim uang keluarga,Transfer Teman/Keluarga,Pemasukan,236568.0,E-Wallet,Transfer Teman/Keluarga
2329,2025-05-12,Pulsa prabayar,Pulsa & Internet,Pengeluaran,142200.0,Kartu Kredit,Pulsa & Internet
2330,2024-08-25,Gaji bulanan,Gaji,Pemasukan,6265458.0,Kartu Debit,Gaji
2331,2025-02-03,Bonus,Gaji,Pemasukan,2834257.0,Kartu Debit,Gaji
2332,2024-11-01,Pulsa prabayar,Pulsa & Internet,Pengeluaran,148873.0,E-Wallet,Pulsa & Internet
2333,2024-07-19,Kirim uang keluarga,Transfer Teman/Keluarga,Pemasukan,60188.0,Transfer Bank,Transfer Teman/Keluarga
2334,2025-09-21,Jajan,Makanan & Minuman,Pengeluaran,13396.0,E-Wallet,Makanan & Minuman
2335,2025-09-19,Transfer teman,Transfer Teman/Keluarga,Pengeluaran,89591.0,Kartu Debit,Transfer Teman/Keluarga
2336,2025-11-29,Transfer teman,Transfer Teman/Keluarga,Pemasukan,188569.0,E-Wallet,Transfer Teman/Keluarga
2337,2025-05-08,Tiket bioskop,Hiburan,Pengeluaran,46665.0,Lainnya,Hiburan
2338,2024-09-01,Gaji bulanan,Gaji,Pemasukan,6212388.0,Kartu Debit,Gaji
2339,2024-08-05,Bonus,Gaji,Pemasukan,1554108.0,E-Wallet,Gaji
2340,2026-02-25,Tiket bioskop,Hiburan,Pengeluaran,38469.0,E-Wallet,Hiburan
2341,2025-02-16,Taksi,Transportasi,Pengeluaran,93750.0,Transfer Bank,Transportasi
2342,2025-04-07,Iuran lingkungan,Tempat Tinggal,Pengeluaran,51047.0,Tunai,Tempat Tinggal
2343,2025-03-04,Kirim uang keluarga,Transfer Teman/Keluarga,Pemasukan,160746.0,Transfer Bank,Transfer Teman/Keluarga
2344,2026-02-11,Gym membership,Pembayaran Langganan,Pengeluaran,200178.0,Kartu Kredit,Pembayaran Langganan
2345,2024-06-29,Iuran lingkungan,Tempat Tinggal,Pengeluaran,51807.0,Tunai,Tempat Tinggal
2346,2026-05-02,Kirim uang keluarga,Transfer Teman/Keluarga,Pemasukan,241534.0,Transfer Bank,Transfer Teman/Keluarga
2347,2025-03-20,Kirim uang keluarga,Transfer Teman/Keluarga,Pemasukan,96818.0,Kartu Debit,Transfer Teman/Keluarga
2348,2024-10-14,Kirim uang keluarga,Transfer Teman/Keluarga,Pemasukan,281205.0,E-Wallet,Transfer Teman/Keluarga
2349,2025-09-10,Gaji bulanan,Gaji,Pemasukan,6344172.0,Kartu Debit,Gaji
2350,2024-12-27,Bayar kos,Tempat Tinggal,Pengeluaran,956166.0,Kartu Debit,Tempat Tinggal
2351,2025-06-23,Bonus,Gaji,Pemasukan,1805332.0,Transfer Bank,Gaji
2352,2024-07-02,Transfer teman,Transfer Teman/Keluarga,Pemasukan,150621.0,Transfer Bank,Transfer Teman/Keluarga
2353,2026-03-22,Taksi,Transportasi,Pengeluaran,47832.0,E-Wallet,Transportasi
2354,2025-05-12,Bonus,Gaji,Pemasukan,2734996.0,Kartu Debit,Gaji
2355,2025-08-02,Transfer teman,Transfer Teman/Keluarga,Pemasukan,94492.0,E-Wallet,Transfer Teman/Keluarga
2356,2024-11-30,Kirim uang keluarga,Transfer Teman/Keluarga,Pemasukan,201640.0,Transfer Bank,Transfer Teman/Keluarga
2357,2025-04-14,Kirim uang keluarga,Transfer Teman/Keluarga,Pemasukan,251977.0,Transfer Bank,Transfer Teman/Keluarga
2358,2025-07-04,Kirim uang keluarga,Transfer Teman/Keluarga,Pemasukan,239692.0,Kartu Debit,Transfer Teman/Keluarga
2359,2024-06-11,Transfer teman,Transfer Teman/Keluarga,Pengeluaran,192825.0,Transfer Bank,Transfer Teman/Keluarga
2360,2024-12-30,Bensin,Transportasi,Pengeluaran,44154.0,Transfer Bank,Transportasi
2361,2026-03-18,Bensin,Transportasi,Pengeluaran,41881.0,Tunai,Transportasi
2362,2025-04-12,Ojek online,Transportasi,Pengeluaran,79074.0,Tunai,Transportasi
2363,2024-08-17,Ojek online,Transportasi,Pengeluaran,49435.0,Tunai,Transportasi
2364,2025-02-03,Belanja kebutuhan pokok,Belanja Bulanan,Pengeluaran,391901.0,Kartu Kredit,Belanja Bulanan
2365,2026-03-06,Bonus,Gaji,Pemasukan,1908399.0,Transfer Bank,Gaji
2366,2024-09-30,Liburan,Hiburan,Pengeluaran,477196.0,Transfer Bank,Hiburan
2367,2024-07-12,Bonus,Gaji,Pemasukan,2933420.0,E-Wallet,Gaji
2368,2024-12-21,Transfer teman,Transfer Teman/Keluarga,Pemasukan,156296.0,Kartu Debit,Transfer Teman/Keluarga
2369,2024-08-26,Gaji bulanan,Gaji,Pemasukan,6423711.0,Transfer Bank,Gaji
2370,2026-03-11,Bonus,Gaji,Pemasukan,2879136.0,E-Wallet,Gaji
2371,2025-05-30,Kirim uang keluarga,Transfer Teman/Keluarga,Pemasukan,100972.0,E-Wallet,Transfer Teman/Keluarga
2372,2025-11-08,Konser,Hiburan,Pengeluaran,481020.0,Transfer Bank,Hiburan
2373,2024-11-07,Gaji bulanan,Gaji,Pemasukan,6443875.0,Kartu Debit,Gaji
2374,2024-12-13,Bayar kos,Tempat Tinggal,Pengeluaran,877481.0,Kartu Debit,Tempat Tinggal
2375,2025-11-09,Kirim uang keluarga,Transfer Teman/Keluarga,Pengeluaran,203006.0,Kartu Debit,Transfer Teman/Keluarga
2376,2026-05-15,Pulsa prabayar,Pulsa & Internet,Pengeluaran,141317.0,Kartu Kredit,Pulsa & Internet
2377,2025-08-29,Gaji bulanan,Gaji,Pemasukan,6184278.0,Kartu Debit,Gaji
2378,2025-06-16,Bayar kos,Tempat Tinggal,Pengeluaran,947266.0,Tunai,Tempat Tinggal
2379,2025-02-03,Kirim uang keluarga,Transfer Teman/Keluarga,Pemasukan,299034.0,E-Wallet,Transfer Teman/Keluarga
2380,2026-05-11,Pakaian baru,Belanja Bulanan,Pengeluaran,309074.0,Tunai,Belanja Bulanan
2381,2024-09-22,Transfer teman,Transfer Teman/Keluarga,Pengeluaran,163402.0,Transfer Bank,Transfer Teman/Keluarga
2382,2025-05-27,Transfer teman,Transfer Teman/Keluarga,Pemasukan,162920.0,E-Wallet,Transfer Teman/Keluarga
2383,2025-10-12,Gaji bulanan,Gaji,Pemasukan,6022437.0,Transfer Bank,Gaji
2384,2025-08-18,Transfer teman,Transfer Teman/Keluarga,Pemasukan,281143.0,E-Wallet,Transfer Teman/Keluarga
2385,2025-02-04,Taksi,Transportasi,Pengeluaran,11454.0,E-Wallet,Transportasi
2386,2025-12-20,Paket data,Pulsa & Internet,Pengeluaran,136183.0,E-Wallet,Pulsa & Internet
2387,2026-04-07,Transfer teman,Transfer Teman/Keluarga,Pemasukan,296791.0,E-Wallet,Transfer Teman/Keluarga
2388,2025-07-11,Transfer teman,Transfer Teman/Keluarga,Pemasukan,293019.0,Transfer Bank,Transfer Teman/Keluarga
2389,2024-08-17,Tagihan internet,Pulsa & Internet,Pengeluaran,145291.0,E-Wallet,Pulsa & Internet
2390,2025-12-23,Spotify Premium,Pembayaran Langganan,Pengeluaran,26164.0,Transfer Bank,Pembayaran Langganan
2391,2024-06-25,Kirim uang keluarga,Transfer Teman/Keluarga,Pemasukan,170903.0,Transfer Bank,Transfer Teman/Keluarga
2392,2025-12-23,Service AC kos,Tempat Tinggal,Pengeluaran,51037.0,E-Wallet,Tempat Tinggal
2393,2025-07-01,Gaji bulanan,Gaji,Pemasukan,6090444.0,Kartu Debit,Gaji
2394,2025-10-17,Kirim uang keluarga,Transfer Teman/Keluarga,Pemasukan,222981.0,Kartu Debit,Transfer Teman/Keluarga
2395,2024-08-29,Transfer teman,Transfer Teman/Keluarga,Pemasukan,91497.0,Kartu Debit,Transfer Teman/Keluarga
2396,2025-03-21,Gaji,Gaji,Pemasukan,6425281.0,E-Wallet,Gaji
2397,2024-10-03,Kirim uang keluarga,Transfer Teman/Keluarga,Pemasukan,54817.0,Transfer Bank,Transfer Teman/Keluarga
2398,2025-04-20,Bonus,Gaji,Pemasukan,2887909.0,Kartu Debit,Gaji
2399,2025-03-27,Kirim uang keluarga,Transfer Teman/Keluarga,Pemasukan,89955.0,E-Wallet,Transfer Teman/Keluarga
2400,2025-11-27,Bonus,Gaji,Pemasukan,2738506.0,Transfer Bank,Gaji
2401,2024-06-26,Bonus,Gaji,Pemasukan,1735040.0,E-Wallet,Gaji
2402,2024-10-28,Kopi,Makanan & Minuman,Pengeluaran,48780.0,Kartu Debit,Makanan & Minuman
2403,2025-12-12,Cloud storage,Pembayaran Langganan,Pengeluaran,50702.0,Kartu Kredit,Pembayaran Langganan
2404,2025-02-27,Bonus,Gaji,Pemasukan,2105652.0,Transfer Bank,Gaji
2405,2024-08-31,Iuran lingkungan,Tempat Tinggal,Pengeluaran,50602.0,E-Wallet,Tempat Tinggal
2407,2024-12-03,Tagihan internet,Pulsa & Internet,Pengeluaran,78961.0,E-Wallet,Pulsa & Internet
2408,2025-05-13,Bonus,Gaji,Pemasukan,1108604.0,E-Wallet,Gaji
2409,2025-02-23,Kirim uang keluarga,Transfer Teman/Keluarga,Pengeluaran,255551.0,Kartu Debit,Transfer Teman/Keluarga
2410,2025-06-16,Transfer teman,Transfer Teman/Keluarga,Pemasukan,274468.0,Transfer Bank,Transfer Teman/Keluarga
2411,2025-01-26,Gaji bulanan,Gaji,Pemasukan,6137327.0,Kartu Debit,Gaji
2412,2025-05-01,Beli makan siang,Makanan & Minuman,Pengeluaran,178207.0,E-Wallet,Makanan & Minuman
2413,2024-08-12,Service AC kos,Tempat Tinggal,Pengeluaran,51500.0,Transfer Bank,Tempat Tinggal
2414,2025-08-12,Transfer teman,Transfer Teman/Keluarga,Pemasukan,256999.0,Kartu Debit,Transfer Teman/Keluarga
2415,2025-09-20,Gaji bulanan,Gaji,Pemasukan,6051601.0,Kartu Debit,Gaji
2417,2024-11-17,Gaji bulanan,Gaji,Pemasukan,6292472.0,Kartu Debit,Gaji
2418,2024-08-11,Bonus,Gaji,Pemasukan,2444628.0,Kartu Debit,Gaji
2419,2026-05-12,Tagihan internet,Pulsa & Internet,Pengeluaran,52518.0,Kartu Kredit,Pulsa & Internet
2420,2026-01-13,Transfer teman,Transfer Teman/Keluarga,Pengeluaran,134652.0,Kartu Debit,Transfer Teman/Keluarga
2421,2025-09-06,Transportasi,Transportasi,Pengeluaran,25989.0,Tunai,Transportasi
2422,2025-08-31,Belanja kebutuhan pokok,Belanja Bulanan,Pengeluaran,218639.0,E-Wallet,Belanja Bulanan
2423,2025-05-26,Taksi,Transportasi,Pengeluaran,83243.0,Tunai,Transportasi
2424,2026-05-09,Transfer teman,Transfer Teman/Keluarga,Pemasukan,119440.0,Transfer Bank,Transfer Teman/Keluarga
2425,2025-02-23,Kirim uang keluarga,Transfer Teman/Keluarga,Pengeluaran,163170.0,E-Wallet,Transfer Teman/Keluarga
2426,2026-02-08,Bensin,Transportasi,Pengeluaran,58823.0,Transfer Bank,Transportasi
2427,2025-11-11,Gym membership,Pembayaran Langganan,Pengeluaran,200695.0,Kartu Debit,Pembayaran Langganan
2428,2025-10-23,Gaji bulanan,Gaji,Pemasukan,6234697.0,E-Wallet,Gaji
2429,2024-07-28,Bonus,Gaji,Pemasukan,2697859.0,E-Wallet,Gaji
2430,2024-10-19,Kirim uang keluarga,Transfer Teman/Keluarga,Pemasukan,88912.0,E-Wallet,Transfer Teman/Keluarga
2431,2025-10-17,Kirim uang keluarga,Transfer Teman/Keluarga,Pemasukan,74691.0,E-Wallet,Transfer Teman/Keluarga
2432,2025-12-24,Kirim uang keluarga,Transfer Teman/Keluarga,Pemasukan,233404.0,Kartu Debit,Transfer Teman/Keluarga
2433,2026-02-27,Tagihan internet,Pulsa & Internet,Pengeluaran,61724.0,E-Wallet,Pulsa & Internet
2434,2026-02-13,Pulsa prabayar,Pulsa & Internet,Pengeluaran,53709.0,Transfer Bank,Pulsa & Internet
2435,2025-03-27,Belanja kebutuhan pokok,Belanja Bulanan,Pengeluaran,489417.0,E-Wallet,Belanja Bulanan
2436,2025-10-08,Konser,Hiburan,Pengeluaran,472209.0,E-Wallet,Hiburan
2437,2026-05-26,Jajan,Makanan & Minuman,Pengeluaran,47300.0,Tunai,Makanan & Minuman
2438,2024-12-22,Belanja kebutuhan pokok,Belanja Bulanan,Pengeluaran,493286.0,Transfer Bank,Belanja Bulanan
2439,2026-02-12,Tagihan internet,Pulsa & Internet,Pengeluaran,123108.0,Transfer Bank,Pulsa & Internet
2440,2025-06-18,Tiket KRL,Transportasi,Pengeluaran,39333.0,E-Wallet,Transportasi
2441,2025-08-22,Bensin,Transportasi,Pengeluaran,63612.0,Tunai,Transportasi
2442,2025-12-11,Gaji bulanan,Gaji,Pemasukan,6349398.0,E-Wallet,Gaji
2443,2026-04-18,Netflix,Pembayaran Langganan,Pengeluaran,23022.0,Kartu Debit,Pembayaran Langganan
2444,2024-10-25,Bonus,Gaji,Pemasukan,1859196.0,Kartu Debit,Gaji
2445,2025-06-29,Liburan,Hiburan,Pengeluaran,432987.0,Kartu Debit,Hiburan
2446,2025-12-29,Liburan,Hiburan,Pengeluaran,343437.0,E-Wallet,Hiburan
2447,2026-03-18,Transfer Teman/Keluarga,Transfer Teman/Keluarga,Pengeluaran,181251.0,E-Wallet,Transfer Teman/Keluarga
2448,2025-12-28,Tiket bioskop,Hiburan,Pengeluaran,44142.0,Kartu Debit,Hiburan
2449,2025-11-08,Kirim uang keluarga,Transfer Teman/Keluarga,Pemasukan,240651.0,Kartu Debit,Transfer Teman/Keluarga
2450,2025-09-10,Transfer teman,Transfer Teman/Keluarga,Pemasukan,139432.0,Transfer Bank,Transfer Teman/Keluarga
2451,2025-03-09,Service AC kos,Tempat Tinggal,Pengeluaran,51319.0,Kartu Debit,Tempat Tinggal
2452,2025-01-21,Gaji bulanan,Gaji,Pemasukan,6336053.0,E-Wallet,Gaji
2453,2024-10-22,Bonus,Gaji,Pemasukan,1813311.0,E-Wallet,Gaji
2454,2024-11-03,Taksi,Transportasi,Pengeluaran,15779.0,E-Wallet,Transportasi
2455,2026-02-03,Service AC kos,Tempat Tinggal,Pengeluaran,51922.0,Transfer Bank,Tempat Tinggal
2456,2024-11-30,Belanja dapur,Makanan & Minuman,Pengeluaran,445982.0,Kartu Kredit,Makanan & Minuman
2457,2026-02-03,Iuran lingkungan,Tempat Tinggal,Pengeluaran,50004.0,Tunai,Tempat Tinggal
2458,2026-04-04,Jajan,Makanan & Minuman,Pengeluaran,56416.0,E-Wallet,Makanan & Minuman
2459,2024-07-23,Transfer teman,Transfer Teman/Keluarga,Pengeluaran,202192.0,E-Wallet,Transfer Teman/Keluarga
2460,2024-08-18,Kirim uang keluarga,Transfer Teman/Keluarga,Pemasukan,117819.0,Kartu Debit,Transfer Teman/Keluarga
2461,2025-03-24,Gaji bulanan,Gaji,Pemasukan,6436995.0,Kartu Debit,Gaji
2462,2025-09-12,Gym membership,Pembayaran Langganan,Pengeluaran,200135.0,Kartu Debit,Pembayaran Langganan
2463,2025-01-29,Bonus,Gaji,Pemasukan,2315012.0,E-Wallet,Gaji
2464,2025-04-30,Bonus,Gaji,Pemasukan,2769802.0,E-Wallet,Gaji
2465,2024-09-16,Bayar kos,Tempat Tinggal,Pengeluaran,858960.0,E-Wallet,Tempat Tinggal
2466,2025-03-13,Transfer teman,Transfer Teman/Keluarga,Pemasukan,107563.0,Kartu Debit,Transfer Teman/Keluarga
2467,2026-05-22,Gaji bulanan,Gaji,Pemasukan,6122610.0,Transfer Bank,Gaji
2468,2026-05-14,Transfer teman,Transfer Teman/Keluarga,Pengeluaran,188904.0,Transfer Bank,Transfer Teman/Keluarga
2469,2026-04-12,Transfer teman,Transfer Teman/Keluarga,Pemasukan,108973.0,E-Wallet,Transfer Teman/Keluarga
2470,2024-10-17,Transfer teman,Transfer Teman/Keluarga,Pemasukan,207104.0,Transfer Bank,Transfer Teman/Keluarga
2471,2026-04-11,Transfer teman,Transfer Teman/Keluarga,Pemasukan,278656.0,E-Wallet,Transfer Teman/Keluarga
2472,2025-04-08,Gym membership,Pembayaran Langganan,Pengeluaran,200683.0,Kartu Debit,Pembayaran Langganan
2473,2026-01-28,Gaji bulanan,Gaji,Pemasukan,6230836.0,E-Wallet,Gaji
2474,2026-03-23,Liburan,Hiburan,Pengeluaran,422007.0,Transfer Bank,Hiburan
2475,2026-05-08,Gaji bulanan,Gaji,Pemasukan,6136069.0,E-Wallet,Gaji
2476,2024-08-15,Netflix,Pembayaran Langganan,Pengeluaran,27594.0,Kartu Kredit,Pembayaran Langganan
2477,2026-01-05,Bonus,Gaji,Pemasukan,1537610.0,Transfer Bank,Gaji
2478,2025-07-03,Bayar kos,Tempat Tinggal,Pengeluaran,951496.0,Transfer Bank,Tempat Tinggal
2479,2024-07-01,Transfer teman,Transfer Teman/Keluarga,Pemasukan,294696.0,Kartu Debit,Transfer Teman/Keluarga
2480,2025-05-04,Tagihan internet,Pulsa & Internet,Pengeluaran,84361.0,Transfer Bank,Pulsa & Internet
2481,2024-12-26,Iuran lingkungan,Tempat Tinggal,Pengeluaran,50325.0,Kartu Debit,Tempat Tinggal
2482,2025-08-23,Transfer teman,Transfer Teman/Keluarga,Pemasukan,98388.0,Transfer Bank,Transfer Teman/Keluarga
2483,2024-08-26,Tagihan internet,Pulsa & Internet,Pengeluaran,78325.0,Transfer Bank,Pulsa & Internet
2484,2025-04-06,Pakaian baru,Belanja Bulanan,Pengeluaran,292637.0,Transfer Bank,Belanja Bulanan
2485,2024-11-13,Bonus,Gaji,Pemasukan,2179060.0,E-Wallet,Gaji
2486,2024-06-09,Belanja kebutuhan pokok,Belanja Bulanan,Pengeluaran,447008.0,E-Wallet,Belanja Bulanan
2487,2026-05-17,Kirim uang keluarga,Transfer Teman/Keluarga,Pemasukan,256029.0,E-Wallet,Transfer Teman/Keluarga
2488,2026-03-06,Service AC kos,Tempat Tinggal,Pengeluaran,50874.0,E-Wallet,Tempat Tinggal
2489,2026-02-13,Kirim uang keluarga,Transfer Teman/Keluarga,Pengeluaran,78795.0,E-Wallet,Transfer Teman/Keluarga
2490,2026-04-09,Transfer teman,Transfer Teman/Keluarga,Pemasukan,139806.0,Kartu Debit,Transfer Teman/Keluarga
2491,2025-12-14,Gaji bulanan,Gaji,Pemasukan,6207657.0,Transfer Bank,Gaji
2492,2025-04-08,Transfer teman,Transfer Teman/Keluarga,Pemasukan,60691.0,Transfer Bank,Transfer Teman/Keluarga
2493,2024-10-21,Paket data,Pulsa & Internet,Pengeluaran,74723.0,Kartu Kredit,Pulsa & Internet
2494,2025-05-31,Kopi,Makanan & Minuman,Pengeluaran,62208.0,Kartu Debit,Makanan & Minuman
2495,2026-02-05,Netflix,Pembayaran Langganan,Pengeluaran,20706.0,Kartu Kredit,Pembayaran Langganan
2496,2025-10-14,Kirim uang keluarga,Transfer Teman/Keluarga,Pemasukan,207546.0,E-Wallet,Transfer Teman/Keluarga
2497,2025-04-27,Transfer teman,Transfer Teman/Keluarga,Pengeluaran,210415.0,Kartu Debit,Transfer Teman/Keluarga
2498,2025-10-28,Taksi,Transportasi,Pengeluaran,66411.0,E-Wallet,Transportasi
2499,2025-03-07,Kirim uang keluarga,Transfer Teman/Keluarga,Pengeluaran,83910.0,E-Wallet,Transfer Teman/Keluarga
2500,2024-09-05,Kopi,Makanan & Minuman,Pengeluaran,48481.0,E-Wallet,Makanan & Minuman
2501,2025-05-24,Transfer teman,Transfer Teman/Keluarga,Pemasukan,294930.0,E-Wallet,Transfer Teman/Keluarga
2502,2025-03-06,Iuran lingkungan,Tempat Tinggal,Pengeluaran,51015.0,Transfer Bank,Tempat Tinggal
2503,2026-05-23,Transfer teman,Transfer Teman/Keluarga,Pemasukan,294548.0,Kartu Debit,Transfer Teman/Keluarga
2504,2025-02-09,Transfer teman,Transfer Teman/Keluarga,Pemasukan,97076.0,E-Wallet,Transfer Teman/Keluarga
2505,2025-12-13,Transfer teman,Transfer Teman/Keluarga,Pemasukan,269347.0,Kartu Debit,Transfer Teman/Keluarga
2506,2025-09-28,Transfer teman,Transfer Teman/Keluarga,Pengeluaran,168590.0,Kartu Debit,Transfer Teman/Keluarga
2507,2024-08-14,Belanja kebutuhan pokok,Belanja Bulanan,Pengeluaran,476563.0,E-Wallet,Belanja Bulanan
2508,2024-06-05,Jajan,Makanan & Minuman,Pengeluaran,18391.0,Kartu Debit,Makanan & Minuman
2509,2025-08-15,Transfer teman,Transfer Teman/Keluarga,Pengeluaran,88928.0,Transfer Bank,Transfer Teman/Keluarga
2510,2026-04-03,Jajan,Makanan & Minuman,Pengeluaran,36990.0,Kartu Debit,Makanan & Minuman
2511,2025-07-02,Transfer teman,Transfer Teman/Keluarga,Pemasukan,157592.0,Transfer Bank,Transfer Teman/Keluarga
2512,2026-04-24,Perlengkapan rumah,Belanja Bulanan,Pengeluaran,429675.0,Kartu Debit,Belanja Bulanan
2513,2025-04-06,Pulsa prabayar,Pulsa & Internet,Pengeluaran,72527.0,E-Wallet,Pulsa & Internet
2514,2025-09-03,Iuran lingkungan,Tempat Tinggal,Pengeluaran,51127.0,Kartu Debit,Tempat Tinggal
2515,2025-03-07,Kirim uang keluarga,Transfer Teman/Keluarga,Pemasukan,193827.0,Kartu Debit,Transfer Teman/Keluarga
2516,2024-06-12,Iuran lingkungan,Tempat Tinggal,Pengeluaran,50732.0,Transfer Bank,Tempat Tinggal
2517,2025-07-11,Transfer teman,Transfer Teman/Keluarga,Pengeluaran,134368.0,Transfer Bank,Transfer Teman/Keluarga
2518,2025-03-13,Kirim uang keluarga,Transfer Teman/Keluarga,Pemasukan,290348.0,E-Wallet,Transfer Teman/Keluarga
2519,2025-11-27,Makan malam restoran,Makanan & Minuman,Pengeluaran,498773.0,E-Wallet,Makanan & Minuman
2520,2025-07-07,Tiket bioskop,Hiburan,Pengeluaran,30747.0,Transfer Bank,Hiburan
2521,2026-01-15,Tiket KRL,Transportasi,Pengeluaran,83658.0,Kartu Debit,Transportasi
2522,2024-10-14,Bonus,Gaji,Pemasukan,1513355.0,Transfer Bank,Gaji
2523,2025-07-21,Spotify Premium,Pembayaran Langganan,Pengeluaran,21484.0,Kartu Debit,Pembayaran Langganan
2524,2025-01-16,Kirim uang keluarga,Transfer Teman/Keluarga,Pengeluaran,170188.0,E-Wallet,Transfer Teman/Keluarga
2525,2024-08-10,Iuran lingkungan,Tempat Tinggal,Pengeluaran,50893.0,Tunai,Tempat Tinggal
2526,2025-06-04,Bonus,Gaji,Pemasukan,1557144.0,Transfer Bank,Gaji
2528,2025-01-18,Gaji bulanan,Gaji,Pemasukan,6178565.0,Kartu Debit,Gaji
2529,2026-01-13,Kirim uang keluarga,Transfer Teman/Keluarga,Pengeluaran,87110.0,E-Wallet,Transfer Teman/Keluarga
2530,2024-07-10,Gaji bulanan,Gaji,Pemasukan,6251481.0,Kartu Debit,Gaji
2531,2025-03-06,Transfer teman,Transfer Teman/Keluarga,Pemasukan,107618.0,E-Wallet,Transfer Teman/Keluarga
2532,2025-12-22,Tagihan internet,Pulsa & Internet,Pengeluaran,78535.0,Kartu Debit,Pulsa & Internet
2533,2024-10-11,Langganan streaming,Hiburan,Pengeluaran,39665.0,Kartu Debit,Hiburan
2534,2025-05-28,Bonus,Gaji,Pemasukan,2256250.0,Transfer Bank,Gaji
2535,2025-08-14,Service AC kos,Tempat Tinggal,Pengeluaran,50313.0,Tunai,Tempat Tinggal
2536,2026-03-19,Liburan,Hiburan,Pengeluaran,313770.0,Kartu Kredit,Hiburan
2537,2024-10-29,Taksi,Transportasi,Pengeluaran,95992.0,Kartu Debit,Transportasi
2538,2026-05-10,Gaji bulanan,Gaji,Pemasukan,6039191.0,Transfer Bank,Gaji
2539,2025-04-17,Jajan,Makanan & Minuman,Pengeluaran,49952.0,Transfer Bank,Makanan & Minuman
2540,2024-07-23,Pakaian baru,Belanja Bulanan,Pengeluaran,288565.0,Transfer Bank,Belanja Bulanan
2541,2025-05-16,Kirim uang keluarga,Transfer Teman/Keluarga,Pemasukan,265135.0,E-Wallet,Transfer Teman/Keluarga
2542,2025-10-23,Paket data,Pulsa & Internet,Pengeluaran,51508.0,Kartu Debit,Pulsa & Internet
2543,2025-01-26,Bonus,Gaji,Pemasukan,1647912.0,E-Wallet,Gaji
2544,2025-04-08,Jajan,Makanan & Minuman,Pengeluaran,48782.0,Tunai,Makanan & Minuman
3519,2024-08-15,Pakaian baru,Belanja Bulanan,Pengeluaran,301362.0,Transfer Bank,Belanja Bulanan
2546,2026-02-27,Bonus,Gaji,Pemasukan,1284676.0,Transfer Bank,Gaji
2547,2025-12-25,Transfer teman,Transfer Teman/Keluarga,Pemasukan,123611.0,Kartu Debit,Transfer Teman/Keluarga
2548,2025-01-16,Transfer teman,Transfer Teman/Keluarga,Pengeluaran,176366.0,Kartu Debit,Transfer Teman/Keluarga
2549,2025-05-07,Kopi,Makanan & Minuman,Pengeluaran,20422.0,Transfer Bank,Makanan & Minuman
2550,2024-07-04,Iuran lingkungan,Tempat Tinggal,Pengeluaran,51683.0,Transfer Bank,Tempat Tinggal
2551,2025-10-28,Langganan streaming,Hiburan,Pengeluaran,30280.0,E-Wallet,Hiburan
2552,2024-06-05,Transfer teman,Transfer Teman/Keluarga,Pemasukan,175632.0,Transfer Bank,Transfer Teman/Keluarga
2553,2025-07-24,Paket data,Pulsa & Internet,Pengeluaran,125474.0,Kartu Kredit,Pulsa & Internet
2554,2024-06-10,Tiket bioskop,Hiburan,Pengeluaran,39805.0,Transfer Bank,Hiburan
2555,2025-02-25,Kirim uang keluarga,Transfer Teman/Keluarga,Pemasukan,293936.0,Transfer Bank,Transfer Teman/Keluarga
2556,2024-07-24,Kirim uang keluarga,Transfer Teman/Keluarga,Pemasukan,281319.0,Kartu Debit,Transfer Teman/Keluarga
2557,2026-04-03,Perlengkapan rumah,Belanja Bulanan,Pengeluaran,395538.0,Kartu Kredit,Belanja Bulanan
2558,2025-12-27,Bonus,Gaji,Pemasukan,2204773.0,Kartu Debit,Gaji
2559,2025-09-15,Transfer teman,Transfer Teman/Keluarga,Pemasukan,270540.0,Kartu Debit,Transfer Teman/Keluarga
2560,2024-11-15,Langganan streaming,Hiburan,Pengeluaran,40842.0,Kartu Debit,Hiburan
2561,2024-07-12,Belanja dapur,Makanan & Minuman,Pengeluaran,426055.0,Transfer Bank,Makanan & Minuman
2562,2025-02-26,Service AC kos,Tempat Tinggal,Pengeluaran,51732.0,Tunai,Tempat Tinggal
2563,2025-04-05,Kirim uang keluarga,Transfer Teman/Keluarga,Pemasukan,239544.0,Kartu Debit,Transfer Teman/Keluarga
2565,2025-02-20,Tagihan internet,Pulsa & Internet,Pengeluaran,106092.0,Kartu Debit,Pulsa & Internet
2566,2026-05-25,Paket data,Pulsa & Internet,Pengeluaran,124088.0,Transfer Bank,Pulsa & Internet
2567,2025-05-15,Kirim uang keluarga,Transfer Teman/Keluarga,Pemasukan,176541.0,E-Wallet,Transfer Teman/Keluarga
2568,2024-08-07,Bonus,Gaji,Pemasukan,1921172.0,E-Wallet,Gaji
2569,2025-12-25,Transfer teman,Transfer Teman/Keluarga,Pemasukan,81663.0,E-Wallet,Transfer Teman/Keluarga
2570,2024-10-14,Gaji bulanan,Gaji,Pemasukan,6093447.0,E-Wallet,Gaji
2571,2025-06-12,Transfer teman,Transfer Teman/Keluarga,Pemasukan,154073.0,E-Wallet,Transfer Teman/Keluarga
2572,2026-02-10,Ojek online,Transportasi,Pengeluaran,34648.0,E-Wallet,Transportasi
2573,2025-12-20,Kirim uang keluarga,Transfer Teman/Keluarga,Pemasukan,78486.0,E-Wallet,Transfer Teman/Keluarga
2574,2025-02-23,Transfer teman,Transfer Teman/Keluarga,Pemasukan,140267.0,Kartu Debit,Transfer Teman/Keluarga
2575,2024-07-02,Gaji bulanan,Gaji,Pemasukan,6137575.0,E-Wallet,Gaji
2576,2024-12-15,Tiket bioskop,Hiburan,Pengeluaran,43173.0,Transfer Bank,Hiburan
2577,2026-03-12,Pulsa prabayar,Pulsa & Internet,Pengeluaran,56398.0,Transfer Bank,Pulsa & Internet
2578,2024-10-29,Bonus,Gaji,Pemasukan,2224103.0,Kartu Debit,Gaji
2579,2024-10-31,Bayar kos,Tempat Tinggal,Pengeluaran,929547.0,Tunai,Tempat Tinggal
2580,2025-09-14,Bonus,Gaji,Pemasukan,2357448.0,Kartu Debit,Gaji
2581,2025-05-27,Bonus,Gaji,Pemasukan,2104325.0,Transfer Bank,Gaji
2582,2025-09-04,Transfer teman,Transfer Teman/Keluarga,Pengeluaran,279758.0,Transfer Bank,Transfer Teman/Keluarga
2583,2024-07-23,Gaji bulanan,Gaji,Pemasukan,6096686.0,Kartu Debit,Gaji
2584,2026-03-21,Gaji bulanan,Gaji,Pemasukan,6213098.0,E-Wallet,Gaji
2585,2025-05-07,Bonus,Gaji,Pemasukan,2541426.0,E-Wallet,Gaji
2586,2025-08-30,Transfer teman,Transfer Teman/Keluarga,Pemasukan,126942.0,E-Wallet,Transfer Teman/Keluarga
2587,2024-12-09,Beli makan siang,Makanan & Minuman,Pengeluaran,124536.0,E-Wallet,Makanan & Minuman
2588,2026-04-09,Beli makan siang,Makanan & Minuman,Pengeluaran,67740.0,Kartu Debit,Makanan & Minuman
2589,2026-02-24,Belanja kebutuhan pokok,Belanja Bulanan,Pengeluaran,440884.0,Tunai,Belanja Bulanan
2590,2025-12-25,Bonus,Gaji,Pemasukan,2800101.0,Transfer Bank,Gaji
2591,2025-02-16,Transfer teman,Transfer Teman/Keluarga,Pemasukan,274237.0,Kartu Debit,Transfer Teman/Keluarga
2592,2025-08-31,Bensin,Transportasi,Pengeluaran,42963.0,Kartu Debit,Transportasi
2593,2025-04-30,Bonus,Gaji,Pemasukan,1649155.0,Transfer Bank,Gaji
2594,2025-07-02,Beli makan siang,Makanan & Minuman,Pengeluaran,45858.0,Transfer Bank,Makanan & Minuman
2595,2024-11-28,Liburan,Hiburan,Pengeluaran,362661.0,Kartu Kredit,Hiburan
2596,2025-10-06,Makan malam restoran,Makanan & Minuman,Pengeluaran,276507.0,Kartu Kredit,Makanan & Minuman
2598,2025-09-13,Spotify Premium,Pembayaran Langganan,Pengeluaran,21091.0,Transfer Bank,Pembayaran Langganan
2599,2024-07-30,Transfer teman,Transfer Teman/Keluarga,Pengeluaran,152832.0,Kartu Debit,Transfer Teman/Keluarga
2600,2024-06-03,Bonus,Gaji,Pemasukan,2937523.0,Kartu Debit,Gaji
2601,2024-06-16,Bonus,Gaji,Pemasukan,1386124.0,Kartu Debit,Gaji
2602,2025-12-20,Gaji bulanan,Gaji,Pemasukan,6034774.0,Transfer Bank,Gaji
2603,2025-11-11,Tagihan internet,Pulsa & Internet,Pengeluaran,123144.0,Kartu Debit,Pulsa & Internet
3520,2026-04-25,Kirim uang keluarga,Transfer Teman/Keluarga,Pemasukan,173145.0,Kartu Debit,Transfer Teman/Keluarga
2605,2026-03-01,Transfer teman,Transfer Teman/Keluarga,Pemasukan,235004.0,E-Wallet,Transfer Teman/Keluarga
2606,2025-01-17,Belanja kebutuhan pokok,Belanja Bulanan,Pengeluaran,468174.0,Tunai,Belanja Bulanan
2607,2024-08-26,Kirim uang keluarga,Transfer Teman/Keluarga,Pemasukan,281348.0,Kartu Debit,Transfer Teman/Keluarga
2608,2025-05-16,Kirim uang keluarga,Transfer Teman/Keluarga,Pengeluaran,192033.0,Lainnya,Transfer Teman/Keluarga
2609,2024-12-22,Bensin,Transportasi,Pengeluaran,33651.0,Transfer Bank,Transportasi
2610,2026-01-27,Kirim uang keluarga,Transfer Teman/Keluarga,Pemasukan,61619.0,E-Wallet,Transfer Teman/Keluarga
2611,2026-01-02,Kirim uang keluarga,Transfer Teman/Keluarga,Pemasukan,116868.0,Transfer Bank,Transfer Teman/Keluarga
2612,2025-06-26,Kirim uang keluarga,Transfer Teman/Keluarga,Pemasukan,145073.0,E-Wallet,Transfer Teman/Keluarga
2613,2025-10-02,Tagihan internet,Pulsa & Internet,Pengeluaran,77196.0,Kartu Kredit,Pulsa & Internet
2614,2025-12-23,Transfer teman,Transfer Teman/Keluarga,Pemasukan,271188.0,Transfer Bank,Transfer Teman/Keluarga
2615,2025-06-02,Bonus,Gaji,Pemasukan,2017686.0,Kartu Debit,Gaji
2616,2025-12-22,Tiket bioskop,Hiburan,Pengeluaran,43733.0,Kartu Debit,Hiburan
2617,2025-04-11,Pulsa prabayar,Pulsa & Internet,Pengeluaran,132830.0,E-Wallet,Pulsa & Internet
2618,2024-09-11,Belanja kebutuhan pokok,Belanja Bulanan,Pengeluaran,237866.0,Tunai,Belanja Bulanan
2619,2025-01-19,Kirim uang keluarga,Transfer Teman/Keluarga,Pemasukan,296694.0,Transfer Bank,Transfer Teman/Keluarga
2620,2025-10-08,Kirim uang keluarga,Transfer Teman/Keluarga,Pemasukan,195463.0,Transfer Bank,Transfer Teman/Keluarga
2621,2024-07-25,Transfer teman,Transfer Teman/Keluarga,Pemasukan,265171.0,Kartu Debit,Transfer Teman/Keluarga
2622,2024-11-03,Kirim uang keluarga,Transfer Teman/Keluarga,Pemasukan,220575.0,Kartu Debit,Transfer Teman/Keluarga
2623,2025-04-25,Taksi,Transportasi,Pengeluaran,97690.0,Transfer Bank,Transportasi
2624,2025-06-04,Transfer teman,Transfer Teman/Keluarga,Pemasukan,130100.0,Kartu Debit,Transfer Teman/Keluarga
2625,2025-09-04,Bonus,Gaji,Pemasukan,1142109.0,E-Wallet,Gaji
2626,2025-09-13,Ojek online,Transportasi,Pengeluaran,45957.0,Tunai,Transportasi
2627,2025-03-27,Transfer teman,Transfer Teman/Keluarga,Pemasukan,97182.0,E-Wallet,Transfer Teman/Keluarga
2628,2025-11-18,Transfer teman,Transfer Teman/Keluarga,Pemasukan,141272.0,E-Wallet,Transfer Teman/Keluarga
2629,2024-11-20,Kirim uang keluarga,Transfer Teman/Keluarga,Pemasukan,251590.0,E-Wallet,Transfer Teman/Keluarga
2630,2024-09-18,Tiket bioskop,Hiburan,Pengeluaran,37871.0,Transfer Bank,Hiburan
2631,2025-10-18,Kirim uang keluarga,Transfer Teman/Keluarga,Pemasukan,211163.0,E-Wallet,Transfer Teman/Keluarga
2632,2025-06-06,Tiket KRL,Transportasi,Pengeluaran,31493.0,Kartu Debit,Transportasi
2633,2025-07-28,Pulsa prabayar,Pulsa & Internet,Pengeluaran,106462.0,Kartu Debit,Pulsa & Internet
2634,2026-02-21,Langganan streaming,Hiburan,Pengeluaran,34303.0,Kartu Kredit,Hiburan
2635,2024-08-17,Kirim uang keluarga,Transfer Teman/Keluarga,Pemasukan,68105.0,E-Wallet,Transfer Teman/Keluarga
2636,2026-04-15,Kirim uang keluarga,Transfer Teman/Keluarga,Pemasukan,73707.0,Kartu Debit,Transfer Teman/Keluarga
2637,2025-03-30,Kirim uang keluarga,Transfer Teman/Keluarga,Pemasukan,192582.0,E-Wallet,Transfer Teman/Keluarga
2638,2025-03-03,Gaji bulanan,Gaji,Pemasukan,6069902.0,E-Wallet,Gaji
2639,2026-05-19,Gaji bulanan,Gaji,Pemasukan,6122011.0,Kartu Debit,Gaji
2640,2024-08-13,Gaji bulanan,Gaji,Pemasukan,6387424.0,Transfer Bank,Gaji
2641,2024-12-01,Bonus,Gaji,Pemasukan,1600402.0,E-Wallet,Gaji
2642,2025-10-14,Bonus,Gaji,Pemasukan,2742732.0,Kartu Debit,Gaji
2643,2026-01-01,Bensin,Transportasi,Pengeluaran,87225.0,E-Wallet,Transportasi
2644,2025-02-04,Bonus,Gaji,Pemasukan,2598812.0,E-Wallet,Gaji
3521,2025-12-18,Kirim uang keluarga,Transfer Teman/Keluarga,Pemasukan,200211.0,E-Wallet,Transfer Teman/Keluarga
2646,2025-07-12,Bensin,Transportasi,Pengeluaran,23189.0,Transfer Bank,Transportasi
2647,2025-08-27,Liburan,Hiburan,Pengeluaran,439240.0,E-Wallet,Hiburan
2648,2025-06-18,Bonus,Gaji,Pemasukan,1438806.0,Transfer Bank,Gaji
2649,2024-08-16,Transfer teman,Transfer Teman/Keluarga,Pemasukan,173324.0,Transfer Bank,Transfer Teman/Keluarga
2650,2025-11-12,Langganan streaming,Hiburan,Pengeluaran,35911.0,Kartu Kredit,Hiburan
2651,2026-01-16,Transfer teman,Transfer Teman/Keluarga,Pengeluaran,81246.0,E-Wallet,Transfer Teman/Keluarga
2652,2025-12-19,Bonus,Gaji,Pemasukan,2323521.0,E-Wallet,Gaji
2653,2024-06-16,Tiket KRL,Transportasi,Pengeluaran,50053.0,Kartu Debit,Transportasi
2654,2024-06-09,Ojek online,Transportasi,Pengeluaran,38195.0,Tunai,Transportasi
2655,2024-07-20,Bonus,Gaji,Pemasukan,1905614.0,E-Wallet,Gaji
2656,2026-04-21,Kirim uang keluarga,Transfer Teman/Keluarga,Pemasukan,85301.0,Transfer Bank,Transfer Teman/Keluarga
2657,2026-01-06,Pakaian baru,Belanja Bulanan,Pengeluaran,447095.0,E-Wallet,Belanja Bulanan
2658,2025-12-29,Gaji bulanan,Gaji,Pemasukan,6132899.0,Kartu Debit,Gaji
2659,2024-10-10,Taksi,Transportasi,Pengeluaran,72667.0,Kartu Debit,Transportasi
2660,2025-02-16,Bayar kos,Tempat Tinggal,Pengeluaran,845982.0,Transfer Bank,Tempat Tinggal
2661,2025-04-04,Makan malam restoran,Makanan & Minuman,Pengeluaran,536177.0,Tunai,Makanan & Minuman
2662,2026-03-04,Bonus,Gaji,Pemasukan,1784541.0,Kartu Debit,Gaji
2663,2025-04-05,Transfer teman,Transfer Teman/Keluarga,Pemasukan,278792.0,Kartu Debit,Transfer Teman/Keluarga
2664,2026-04-25,Belanja dapur,Makanan & Minuman,Pengeluaran,320091.0,Kartu Debit,Makanan & Minuman
2665,2025-07-15,Bensin,Transportasi,Pengeluaran,12771.0,Kartu Debit,Transportasi
2666,2024-12-06,Kirim uang keluarga,Transfer Teman/Keluarga,Pengeluaran,101758.0,Transfer Bank,Transfer Teman/Keluarga
2667,2026-01-07,Transfer teman,Transfer Teman/Keluarga,Pengeluaran,138109.0,E-Wallet,Transfer Teman/Keluarga
2668,2024-09-10,Paket data,Pulsa & Internet,Pengeluaran,86565.0,Transfer Bank,Pulsa & Internet
2669,2025-12-23,Transfer teman,Transfer Teman/Keluarga,Pemasukan,227996.0,E-Wallet,Transfer Teman/Keluarga
2670,2025-01-25,Gaji bulanan,Gaji,Pemasukan,6371026.0,Transfer Bank,Gaji
2671,2025-05-01,Perlengkapan rumah,Belanja Bulanan,Pengeluaran,422835.0,Kartu Debit,Belanja Bulanan
2672,2025-03-09,Pulsa prabayar,Pulsa & Internet,Pengeluaran,117060.0,Kartu Debit,Pulsa & Internet
2673,2024-07-27,Transfer teman,Transfer Teman/Keluarga,Pengeluaran,67913.0,Transfer Bank,Transfer Teman/Keluarga
2674,2026-03-10,Gaji bulanan,Gaji,Pemasukan,6307125.0,E-Wallet,Gaji
2675,2024-09-09,Kirim uang keluarga,Transfer Teman/Keluarga,Pemasukan,90631.0,Kartu Debit,Transfer Teman/Keluarga
2676,2025-07-06,Kirim uang keluarga,Transfer Teman/Keluarga,Pemasukan,177958.0,E-Wallet,Transfer Teman/Keluarga
2677,2025-11-24,Pulsa prabayar,Pulsa & Internet,Pengeluaran,105482.0,Kartu Kredit,Pulsa & Internet
2678,2024-09-02,Gaji bulanan,Gaji,Pemasukan,6039298.0,E-Wallet,Gaji
2679,2024-07-03,Service AC kos,Tempat Tinggal,Pengeluaran,50906.0,Transfer Bank,Tempat Tinggal
2680,2025-10-18,Kirim uang keluarga,Transfer Teman/Keluarga,Pengeluaran,201733.0,Kartu Debit,Transfer Teman/Keluarga
2681,2026-05-07,Kirim uang keluarga,Transfer Teman/Keluarga,Pemasukan,72787.0,E-Wallet,Transfer Teman/Keluarga
2682,2024-10-24,Transfer teman,Transfer Teman/Keluarga,Pengeluaran,206153.0,E-Wallet,Transfer Teman/Keluarga
2683,2025-07-01,Kirim uang keluarga,Transfer Teman/Keluarga,Pemasukan,251182.0,Transfer Bank,Transfer Teman/Keluarga
2684,2024-05-31,Gaji bulanan,Gaji,Pemasukan,6308930.0,E-Wallet,Gaji
2685,2024-08-22,Pakaian baru,Belanja Bulanan,Pengeluaran,474788.0,E-Wallet,Belanja Bulanan
2686,2026-04-04,Transfer teman,Transfer Teman/Keluarga,Pemasukan,121322.0,Transfer Bank,Transfer Teman/Keluarga
2687,2025-06-13,Paket data,Pulsa & Internet,Pengeluaran,69902.0,Kartu Debit,Pulsa & Internet
2688,2024-10-17,Belanja kebutuhan pokok,Belanja Bulanan,Pengeluaran,273712.0,Tunai,Belanja Bulanan
2689,2025-10-14,Makanan & Minuman,Makanan & Minuman,Pengeluaran,58444.0,E-Wallet,Makanan & Minuman
2690,2026-01-08,Jajan,Makanan & Minuman,Pengeluaran,61137.0,Kartu Debit,Makanan & Minuman
2691,2024-08-04,Perlengkapan rumah,Belanja Bulanan,Pengeluaran,328574.0,Tunai,Belanja Bulanan
2692,2025-08-24,Pulsa prabayar,Pulsa & Internet,Pengeluaran,77980.0,Transfer Bank,Pulsa & Internet
2693,2025-03-29,Liburan,Hiburan,Pengeluaran,377827.0,Kartu Debit,Hiburan
2694,2025-04-06,Gaji bulanan,Gaji,Pemasukan,6009306.0,Kartu Debit,Gaji
2695,2026-03-24,Transfer teman,Transfer Teman/Keluarga,Pengeluaran,127456.0,Transfer Bank,Transfer Teman/Keluarga
2696,2025-04-25,Paket data,Pulsa & Internet,Pengeluaran,104983.0,E-Wallet,Pulsa & Internet
2697,2024-08-02,Kirim uang keluarga,Transfer Teman/Keluarga,Pemasukan,130693.0,Kartu Debit,Transfer Teman/Keluarga
2698,2026-03-24,Jajan,Makanan & Minuman,Pengeluaran,23243.0,Kartu Kredit,Makanan & Minuman
2699,2025-10-04,Transfer teman,Transfer Teman/Keluarga,Pemasukan,245117.0,Transfer Bank,Transfer Teman/Keluarga
2700,2025-08-13,Perlengkapan rumah,Belanja Bulanan,Pengeluaran,469319.0,Transfer Bank,Belanja Bulanan
2701,2025-01-17,Taksi,Transportasi,Pengeluaran,94515.0,Transfer Bank,Transportasi
2702,2025-07-01,Makan malam restoran,Makanan & Minuman,Pengeluaran,650428.0,Tunai,Makanan & Minuman
2703,2024-06-03,Pulsa prabayar,Pulsa & Internet,Pengeluaran,125664.0,Kartu Debit,Pulsa & Internet
2704,2025-04-06,Transfer teman,Transfer Teman/Keluarga,Pengeluaran,154452.0,Kartu Debit,Transfer Teman/Keluarga
2705,2026-04-03,Kirim uang keluarga,Transfer Teman/Keluarga,Pemasukan,184154.0,Transfer Bank,Transfer Teman/Keluarga
2706,2024-07-14,Tiket KRL,Transportasi,Pengeluaran,63109.0,E-Wallet,Transportasi
2707,2025-11-08,Gym membership,Pembayaran Langganan,Pengeluaran,200925.0,E-Wallet,Pembayaran Langganan
2708,2026-02-12,Iuran lingkungan,Tempat Tinggal,Pengeluaran,51916.0,Kartu Debit,Tempat Tinggal
2709,2024-07-24,Gaji bulanan,Gaji,Pemasukan,6095054.0,Kartu Debit,Gaji
2710,2026-02-03,Kirim uang keluarga,Transfer Teman/Keluarga,Pemasukan,148162.0,Transfer Bank,Transfer Teman/Keluarga
2711,2026-01-05,Paket data,Pulsa & Internet,Pengeluaran,110568.0,Kartu Debit,Pulsa & Internet
2712,2025-02-19,Transfer teman,Transfer Teman/Keluarga,Pengeluaran,160909.0,E-Wallet,Transfer Teman/Keluarga
2713,2024-11-01,Bonus,Gaji,Pemasukan,2094346.0,Kartu Debit,Gaji
2714,2025-02-07,Transfer teman,Transfer Teman/Keluarga,Pengeluaran,222936.0,E-Wallet,Transfer Teman/Keluarga
2715,2026-01-08,Langganan streaming,Hiburan,Pengeluaran,47143.0,Kartu Kredit,Hiburan
2716,2025-05-21,Tiket KRL,Transportasi,Pengeluaran,26915.0,Tunai,Transportasi
2717,2025-11-07,Liburan,Hiburan,Pengeluaran,414364.0,Transfer Bank,Hiburan
2719,2025-01-07,Tiket KRL,Transportasi,Pengeluaran,90805.0,Transfer Bank,Transportasi
2720,2026-04-16,Transfer teman,Transfer Teman/Keluarga,Pengeluaran,238178.0,E-Wallet,Transfer Teman/Keluarga
2721,2026-01-01,Kirim uang keluarga,Transfer Teman/Keluarga,Pengeluaran,76228.0,Kartu Debit,Transfer Teman/Keluarga
2722,2026-04-11,Kirim uang keluarga,Transfer Teman/Keluarga,Pemasukan,268546.0,Transfer Bank,Transfer Teman/Keluarga
2723,2025-01-03,Gaji bulanan,Gaji,Pemasukan,6211322.0,E-Wallet,Gaji
2724,2025-10-09,Belanja kebutuhan pokok,Belanja Bulanan,Pengeluaran,448560.0,Transfer Bank,Belanja Bulanan
2725,2025-04-22,Gaji bulanan,Gaji,Pemasukan,6440133.0,Kartu Debit,Gaji
2726,2025-02-06,Iuran lingkungan,Tempat Tinggal,Pengeluaran,51338.0,E-Wallet,Tempat Tinggal
2727,2024-12-04,Bayar kos,Tempat Tinggal,Pengeluaran,861347.0,E-Wallet,Tempat Tinggal
2728,2025-05-06,Bayar kos,Tempat Tinggal,Pengeluaran,923974.0,Kartu Debit,Tempat Tinggal
2729,2024-11-14,Taksi,Transportasi,Pengeluaran,59254.0,Transfer Bank,Transportasi
2730,2025-08-02,Kirim uang keluarga,Transfer Teman/Keluarga,Pemasukan,192464.0,Kartu Debit,Transfer Teman/Keluarga
2731,2026-04-16,Paket data,Pulsa & Internet,Pengeluaran,67346.0,Kartu Kredit,Pulsa & Internet
2732,2025-01-23,Paket data,Pulsa & Internet,Pengeluaran,88125.0,E-Wallet,Pulsa & Internet
2733,2025-04-28,Transfer teman,Transfer Teman/Keluarga,Pemasukan,231771.0,Transfer Bank,Transfer Teman/Keluarga
2734,2025-08-27,Bayar kos,Tempat Tinggal,Pengeluaran,814879.0,Transfer Bank,Tempat Tinggal
2735,2025-03-25,Perlengkapan rumah,Belanja Bulanan,Pengeluaran,242527.0,E-Wallet,Belanja Bulanan
2736,2024-07-08,Kirim uang keluarga,Transfer Teman/Keluarga,Pemasukan,102116.0,E-Wallet,Transfer Teman/Keluarga
2737,2025-01-06,Pakaian baru,Belanja Bulanan,Pengeluaran,313319.0,Lainnya,Belanja Bulanan
2738,2026-04-17,Kirim uang keluarga,Transfer Teman/Keluarga,Pengeluaran,222698.0,Transfer Bank,Transfer Teman/Keluarga
2739,2025-09-14,Transfer teman,Transfer Teman/Keluarga,Pemasukan,95570.0,Transfer Bank,Transfer Teman/Keluarga
2740,2025-06-16,Kirim uang keluarga,Transfer Teman/Keluarga,Pemasukan,133668.0,Transfer Bank,Transfer Teman/Keluarga
2741,2025-05-01,Gaji bulanan,Gaji,Pemasukan,6322390.0,Kartu Debit,Gaji
2742,2025-04-07,Kirim uang keluarga,Transfer Teman/Keluarga,Pemasukan,154401.0,E-Wallet,Transfer Teman/Keluarga
2743,2025-12-04,Cloud storage,Pembayaran Langganan,Pengeluaran,52172.0,E-Wallet,Pembayaran Langganan
2744,2026-05-13,Bonus,Gaji,Pemasukan,2664197.0,Transfer Bank,Gaji
2745,2025-07-29,Belanja kebutuhan pokok,Belanja Bulanan,Pengeluaran,347040.0,Kartu Kredit,Belanja Bulanan
2746,2024-08-16,Kirim uang keluarga,Transfer Teman/Keluarga,Pengeluaran,202141.0,Kartu Debit,Transfer Teman/Keluarga
2747,2025-06-09,Paket data,Pulsa & Internet,Pengeluaran,55118.0,E-Wallet,Pulsa & Internet
2748,2025-08-15,Gaji bulanan,Gaji,Pemasukan,6023949.0,E-Wallet,Gaji
2749,2024-06-10,Transfer teman,Transfer Teman/Keluarga,Pemasukan,182650.0,Transfer Bank,Transfer Teman/Keluarga
2750,2025-06-14,Perlengkapan rumah,Belanja Bulanan,Pengeluaran,335874.0,Kartu Debit,Belanja Bulanan
2751,2026-04-11,Bensin,Transportasi,Pengeluaran,10585.0,E-Wallet,Transportasi
2752,2024-11-16,Transfer teman,Transfer Teman/Keluarga,Pemasukan,245737.0,Transfer Bank,Transfer Teman/Keluarga
2753,2026-01-08,Pakaian baru,Belanja Bulanan,Pengeluaran,228986.0,Transfer Bank,Belanja Bulanan
2754,2026-04-09,Ojek online,Transportasi,Pengeluaran,55208.0,Transfer Bank,Transportasi
2755,2025-10-23,Makan malam restoran,Makanan & Minuman,Pengeluaran,347864.0,Kartu Debit,Makanan & Minuman
2756,2025-04-23,Beli makan siang,Makanan & Minuman,Pengeluaran,90859.0,Kartu Kredit,Makanan & Minuman
2757,2025-03-02,Gaji bulanan,Gaji,Pemasukan,6005572.0,Transfer Bank,Gaji
2758,2025-09-04,Transfer teman,Transfer Teman/Keluarga,Pemasukan,192019.0,Transfer Bank,Transfer Teman/Keluarga
2759,2024-07-23,Gaji bulanan,Gaji,Pemasukan,6169940.0,E-Wallet,Gaji
2760,2025-12-17,Perlengkapan rumah,Belanja Bulanan,Pengeluaran,482382.0,Tunai,Belanja Bulanan
2761,2025-11-23,Transfer teman,Transfer Teman/Keluarga,Pengeluaran,174494.0,E-Wallet,Transfer Teman/Keluarga
2762,2024-06-17,Transfer teman,Transfer Teman/Keluarga,Pemasukan,193998.0,Transfer Bank,Transfer Teman/Keluarga
2763,2025-05-08,Kirim uang keluarga,Transfer Teman/Keluarga,Pemasukan,188886.0,E-Wallet,Transfer Teman/Keluarga
2764,2025-08-10,Gym membership,Pembayaran Langganan,Pengeluaran,200248.0,Kartu Debit,Pembayaran Langganan
2765,2025-12-21,Pulsa prabayar,Pulsa & Internet,Pengeluaran,107314.0,Transfer Bank,Pulsa & Internet
2766,2026-04-23,Kirim uang keluarga,Transfer Teman/Keluarga,Pemasukan,236736.0,E-Wallet,Transfer Teman/Keluarga
2767,2026-03-19,Transfer teman,Transfer Teman/Keluarga,Pengeluaran,106274.0,E-Wallet,Transfer Teman/Keluarga
2768,2026-01-03,Paket data,Pulsa & Internet,Pengeluaran,88420.0,Transfer Bank,Pulsa & Internet
2769,2024-07-11,Gaji bulanan,Gaji,Pemasukan,6312328.0,E-Wallet,Gaji
2770,2026-04-12,Bonus,Gaji,Pemasukan,1035065.0,E-Wallet,Gaji
2771,2024-10-07,Gaji bulanan,Gaji,Pemasukan,6184933.0,Transfer Bank,Gaji
2772,2025-06-13,Kirim uang keluarga,Transfer Teman/Keluarga,Pengeluaran,50270.0,Kartu Debit,Transfer Teman/Keluarga
2773,2025-12-18,Ojek online,Transportasi,Pengeluaran,21276.0,Transfer Bank,Transportasi
2774,2025-02-12,Iuran lingkungan,Tempat Tinggal,Pengeluaran,50502.0,E-Wallet,Tempat Tinggal
2775,2024-09-22,Jajan,Makanan & Minuman,Pengeluaran,55496.0,Kartu Kredit,Makanan & Minuman
2776,2025-11-30,Belanja kebutuhan pokok,Belanja Bulanan,Pengeluaran,435501.0,Kartu Debit,Belanja Bulanan
2777,2024-08-23,Bonus,Gaji,Pemasukan,2767938.0,E-Wallet,Gaji
2778,2025-04-26,Gaji bulanan,Gaji,Pemasukan,6329196.0,Transfer Bank,Gaji
2779,2024-06-27,Kopi,Makanan & Minuman,Pengeluaran,16175.0,Kartu Kredit,Makanan & Minuman
2780,2025-08-22,Transfer teman,Transfer Teman/Keluarga,Pemasukan,241052.0,Transfer Bank,Transfer Teman/Keluarga
2781,2025-10-25,Gaji bulanan,Gaji,Pemasukan,6141677.0,E-Wallet,Gaji
2782,2024-07-09,Transfer teman,Transfer Teman/Keluarga,Pemasukan,210361.0,Transfer Bank,Transfer Teman/Keluarga
2783,2026-05-14,Bonus,Gaji,Pemasukan,2708186.0,Kartu Debit,Gaji
2784,2024-09-07,Kirim uang keluarga,Transfer Teman/Keluarga,Pemasukan,297894.0,Kartu Debit,Transfer Teman/Keluarga
2785,2024-09-21,Paket data,Pulsa & Internet,Pengeluaran,72073.0,Transfer Bank,Pulsa & Internet
2786,2024-10-14,Kirim uang keluarga,Transfer Teman/Keluarga,Pemasukan,197319.0,E-Wallet,Transfer Teman/Keluarga
2787,2025-12-08,Tiket bioskop,Hiburan,Pengeluaran,40490.0,Kartu Kredit,Hiburan
2788,2026-01-21,Kirim uang keluarga,Transfer Teman/Keluarga,Pemasukan,247398.0,Kartu Debit,Transfer Teman/Keluarga
2789,2025-09-21,Transfer teman,Transfer Teman/Keluarga,Pemasukan,110317.0,Transfer Bank,Transfer Teman/Keluarga
2790,2024-09-19,Belanja dapur,Makanan & Minuman,Pengeluaran,722291.0,Kartu Debit,Makanan & Minuman
2791,2024-12-06,Transfer teman,Transfer Teman/Keluarga,Pemasukan,227904.0,Kartu Debit,Transfer Teman/Keluarga
2792,2025-09-21,Ojek online,Transportasi,Pengeluaran,24735.0,Tunai,Transportasi
2793,2025-11-12,Kirim uang keluarga,Transfer Teman/Keluarga,Pemasukan,169841.0,Transfer Bank,Transfer Teman/Keluarga
2794,2024-06-25,Belanja dapur,Makanan & Minuman,Pengeluaran,524865.0,Kartu Kredit,Makanan & Minuman
2795,2025-07-26,Gaji bulanan,Gaji,Pemasukan,6261041.0,E-Wallet,Gaji
2796,2026-05-22,Beli makan siang,Makanan & Minuman,Pengeluaran,52805.0,Kartu Kredit,Makanan & Minuman
2797,2024-07-19,Transfer teman,Transfer Teman/Keluarga,Pemasukan,116674.0,E-Wallet,Transfer Teman/Keluarga
2798,2024-12-10,Gaji bulanan,Gaji,Pemasukan,6050262.0,E-Wallet,Gaji
2799,2025-03-22,Gaji bulanan,Gaji,Pemasukan,6488729.0,E-Wallet,Gaji
2800,2025-01-08,Iuran lingkungan,Tempat Tinggal,Pengeluaran,51655.0,E-Wallet,Tempat Tinggal
2801,2024-12-27,Gaji bulanan,Gaji,Pemasukan,6400838.0,Transfer Bank,Gaji
2802,2024-09-09,Bayar kos,Tempat Tinggal,Pengeluaran,876435.0,E-Wallet,Tempat Tinggal
2803,2026-02-11,Gaji bulanan,Gaji,Pemasukan,6218770.0,Transfer Bank,Gaji
2804,2025-08-18,Transfer teman,Transfer Teman/Keluarga,Pemasukan,116006.0,Transfer Bank,Transfer Teman/Keluarga
2805,2025-09-12,Gaji bulanan,Gaji,Pemasukan,6393672.0,Kartu Debit,Gaji
2806,2025-12-14,Transfer teman,Transfer Teman/Keluarga,Pemasukan,80523.0,E-Wallet,Transfer Teman/Keluarga
2807,2025-09-27,Belanja kebutuhan pokok,Belanja Bulanan,Pengeluaran,322068.0,E-Wallet,Belanja Bulanan
2808,2024-12-28,Bonus,Gaji,Pemasukan,2415143.0,E-Wallet,Gaji
2809,2026-01-11,Langganan streaming,Hiburan,Pengeluaran,37676.0,Kartu Debit,Hiburan
2810,2025-07-02,Gaji bulanan,Gaji,Pemasukan,6315008.0,E-Wallet,Gaji
3522,2025-05-30,Paket data,Pulsa & Internet,Pengeluaran,99120.0,Transfer Bank,Pulsa & Internet
2812,2025-06-03,Kirim uang keluarga,Transfer Teman/Keluarga,Pengeluaran,182863.0,E-Wallet,Transfer Teman/Keluarga
2813,2024-08-03,Transfer teman,Transfer Teman/Keluarga,Pemasukan,158972.0,E-Wallet,Transfer Teman/Keluarga
2814,2026-02-21,Gaji bulanan,Gaji,Pemasukan,6194078.0,E-Wallet,Gaji
2815,2024-07-21,Perlengkapan rumah,Belanja Bulanan,Pengeluaran,229595.0,Tunai,Belanja Bulanan
2816,2025-10-11,Ojek online,Transportasi,Pengeluaran,55967.0,Tunai,Transportasi
2817,2026-05-19,Paket data,Pulsa & Internet,Pengeluaran,116083.0,E-Wallet,Pulsa & Internet
2818,2025-08-10,Gaji bulanan,Gaji,Pemasukan,6013106.0,Kartu Debit,Gaji
2819,2025-08-14,Kirim uang keluarga,Transfer Teman/Keluarga,Pemasukan,98589.0,Kartu Debit,Transfer Teman/Keluarga
2820,2025-06-01,Bensin,Transportasi,Pengeluaran,28454.0,Tunai,Transportasi
2821,2025-12-22,Kopi,Makanan & Minuman,Pengeluaran,46511.0,Tunai,Makanan & Minuman
2822,2024-12-26,Belanja dapur,Makanan & Minuman,Pengeluaran,487316.0,Tunai,Makanan & Minuman
2823,2025-09-22,Transfer teman,Transfer Teman/Keluarga,Pemasukan,278086.0,Kartu Debit,Transfer Teman/Keluarga
2824,2024-05-27,Transfer teman,Transfer Teman/Keluarga,Pemasukan,226349.0,Transfer Bank,Transfer Teman/Keluarga
2825,2025-05-17,Kirim uang keluarga,Transfer Teman/Keluarga,Pemasukan,197110.0,Transfer Bank,Transfer Teman/Keluarga
2826,2026-04-14,Transfer teman,Transfer Teman/Keluarga,Pemasukan,112144.0,Kartu Debit,Transfer Teman/Keluarga
2827,2024-10-17,Pulsa & Internet,Pulsa & Internet,Pengeluaran,69394.0,Transfer Bank,Pulsa & Internet
2828,2025-04-16,Tiket bioskop,Hiburan,Pengeluaran,32791.0,Kartu Kredit,Hiburan
2829,2025-03-29,Bayar kos,Tempat Tinggal,Pengeluaran,949308.0,Kartu Debit,Tempat Tinggal
2830,2025-10-13,Transfer teman,Transfer Teman/Keluarga,Pemasukan,221440.0,Transfer Bank,Transfer Teman/Keluarga
2831,2025-10-19,Pulsa prabayar,Pulsa & Internet,Pengeluaran,110781.0,Kartu Kredit,Pulsa & Internet
2832,2026-02-16,Kirim uang keluarga,Transfer Teman/Keluarga,Pengeluaran,143293.0,Kartu Debit,Transfer Teman/Keluarga
2833,2026-05-08,Transfer teman,Transfer Teman/Keluarga,Pemasukan,50032.0,Kartu Debit,Transfer Teman/Keluarga
2834,2025-06-18,Transfer teman,Transfer Teman/Keluarga,Pengeluaran,122604.0,Kartu Debit,Transfer Teman/Keluarga
2835,2026-03-31,Bonus,Gaji,Pemasukan,2862130.0,Kartu Debit,Gaji
2836,2026-01-21,Gym membership,Pembayaran Langganan,Pengeluaran,200192.0,Transfer Bank,Pembayaran Langganan
2837,2025-08-14,Transfer teman,Transfer Teman/Keluarga,Pemasukan,105029.0,E-Wallet,Transfer Teman/Keluarga
2838,2026-04-16,Kirim uang keluarga,Transfer Teman/Keluarga,Pengeluaran,206863.0,Kartu Debit,Transfer Teman/Keluarga
2839,2026-01-21,Bonus,Gaji,Pemasukan,2422051.0,Kartu Debit,Gaji
2840,2026-02-13,Gaji bulanan,Gaji,Pemasukan,6013423.0,E-Wallet,Gaji
2841,2025-04-23,Kirim uang keluarga,Transfer Teman/Keluarga,Pemasukan,211363.0,E-Wallet,Transfer Teman/Keluarga
2842,2026-02-02,Gaji bulanan,Gaji,Pemasukan,6017038.0,E-Wallet,Gaji
2843,2025-10-12,Belanja dapur,Makanan & Minuman,Pengeluaran,561206.0,Tunai,Makanan & Minuman
2844,2025-05-05,Service AC kos,Tempat Tinggal,Pengeluaran,51396.0,Transfer Bank,Tempat Tinggal
2845,2026-03-09,Makan malam restoran,Makanan & Minuman,Pengeluaran,329927.0,Kartu Debit,Makanan & Minuman
2846,2025-07-29,Pakaian baru,Belanja Bulanan,Pengeluaran,335326.0,Kartu Debit,Belanja Bulanan
2847,2024-11-13,Bonus,Gaji,Pemasukan,2734066.0,Kartu Debit,Gaji
2848,2026-04-29,Service AC kos,Tempat Tinggal,Pengeluaran,51591.0,Transfer Bank,Tempat Tinggal
2849,2025-06-19,Tiket bioskop,Hiburan,Pengeluaran,47561.0,Kartu Debit,Hiburan
2850,2026-05-05,Kirim uang keluarga,Transfer Teman/Keluarga,Pemasukan,213957.0,Transfer Bank,Transfer Teman/Keluarga
2851,2025-10-31,Gaji bulanan,Gaji,Pemasukan,6312956.0,E-Wallet,Gaji
2852,2026-04-23,Bonus,Gaji,Pemasukan,2291775.0,E-Wallet,Gaji
2853,2024-09-24,Kirim uang keluarga,Transfer Teman/Keluarga,Pengeluaran,180725.0,E-Wallet,Transfer Teman/Keluarga
2854,2024-10-06,Transfer teman,Transfer Teman/Keluarga,Pemasukan,218071.0,Transfer Bank,Transfer Teman/Keluarga
2855,2025-03-17,Bonus,Gaji,Pemasukan,1653947.0,Transfer Bank,Gaji
2856,2024-12-01,Bonus,Gaji,Pemasukan,1800728.0,Kartu Debit,Gaji
2857,2025-10-29,Gaji bulanan,Gaji,Pemasukan,6100275.0,Transfer Bank,Gaji
2858,2024-10-21,Transfer teman,Transfer Teman/Keluarga,Pemasukan,230433.0,Transfer Bank,Transfer Teman/Keluarga
2859,2025-11-23,Gym membership,Pembayaran Langganan,Pengeluaran,200548.0,Kartu Debit,Pembayaran Langganan
2860,2025-09-09,Iuran lingkungan,Tempat Tinggal,Pengeluaran,51580.0,E-Wallet,Tempat Tinggal
2861,2025-10-21,Gaji bulanan,Gaji,Pemasukan,6353146.0,Kartu Debit,Gaji
2862,2025-11-19,Liburan,Hiburan,Pengeluaran,414364.0,Kartu Debit,Hiburan
2863,2024-10-17,Bensin,Transportasi,Pengeluaran,66612.0,Tunai,Transportasi
2864,2025-01-08,Kopi,Makanan & Minuman,Pengeluaran,62651.0,Tunai,Makanan & Minuman
2865,2026-03-26,Transfer teman,Transfer Teman/Keluarga,Pemasukan,147707.0,Transfer Bank,Transfer Teman/Keluarga
2866,2025-06-16,Perlengkapan rumah,Belanja Bulanan,Pengeluaran,380835.0,Transfer Bank,Belanja Bulanan
2867,2024-06-17,Langganan streaming,Hiburan,Pengeluaran,31367.0,Kartu Debit,Hiburan
2868,2024-07-30,Kirim uang keluarga,Transfer Teman/Keluarga,Pemasukan,55682.0,Transfer Bank,Transfer Teman/Keluarga
2869,2025-11-13,Ojek online,Transportasi,Pengeluaran,78519.0,E-Wallet,Transportasi
2870,2025-01-10,Paket data,Pulsa & Internet,Pengeluaran,95992.0,E-Wallet,Pulsa & Internet
2871,2025-02-15,Bonus,Gaji,Pemasukan,1514245.0,Transfer Bank,Gaji
2872,2025-04-07,Konser,Hiburan,Pengeluaran,469139.0,Kartu Debit,Hiburan
2873,2026-02-26,Perlengkapan rumah,Belanja Bulanan,Pengeluaran,360559.0,Transfer Bank,Belanja Bulanan
2874,2025-03-24,Paket data,Pulsa & Internet,Pengeluaran,104228.0,Kartu Debit,Pulsa & Internet
2875,2026-04-22,Transfer teman,Transfer Teman/Keluarga,Pemasukan,69614.0,Kartu Debit,Transfer Teman/Keluarga
2876,2025-12-01,Tiket KRL,Transportasi,Pengeluaran,88147.0,E-Wallet,Transportasi
2877,2025-07-31,Bonus,Gaji,Pemasukan,2617952.0,Transfer Bank,Gaji
2878,2025-03-30,Kirim uang keluarga,Transfer Teman/Keluarga,Pemasukan,240615.0,Transfer Bank,Transfer Teman/Keluarga
2879,2026-01-17,Transfer teman,Transfer Teman/Keluarga,Pengeluaran,245649.0,Kartu Debit,Transfer Teman/Keluarga
2880,2025-12-17,Spotify Premium,Pembayaran Langganan,Pengeluaran,29939.0,Kartu Kredit,Pembayaran Langganan
2881,2026-03-10,Kirim uang keluarga,Transfer Teman/Keluarga,Pemasukan,101993.0,Transfer Bank,Transfer Teman/Keluarga
2882,2024-09-17,Gym membership,Pembayaran Langganan,Pengeluaran,200890.0,Kartu Debit,Pembayaran Langganan
2883,2025-06-20,Gaji bulanan,Gaji,Pemasukan,6361497.0,E-Wallet,Gaji
2884,2026-03-15,Kirim uang keluarga,Transfer Teman/Keluarga,Pengeluaran,92579.0,Kartu Debit,Transfer Teman/Keluarga
2885,2024-07-10,Gaji bulanan,Gaji,Pemasukan,6164514.0,Kartu Debit,Gaji
2886,2026-04-17,Gaji bulanan,Gaji,Pemasukan,6361341.0,E-Wallet,Gaji
2887,2025-05-07,Gaji bulanan,Gaji,Pemasukan,6319102.0,Transfer Bank,Gaji
2888,2025-07-13,Kirim uang keluarga,Transfer Teman/Keluarga,Pemasukan,87678.0,E-Wallet,Transfer Teman/Keluarga
2889,2026-03-05,Transfer teman,Transfer Teman/Keluarga,Pemasukan,285495.0,Kartu Debit,Transfer Teman/Keluarga
2890,2025-08-21,Bensin,Transportasi,Pengeluaran,20971.0,Kartu Debit,Transportasi
2891,2025-05-11,Belanja kebutuhan pokok,Belanja Bulanan,Pengeluaran,463735.0,Kartu Kredit,Belanja Bulanan
2892,2025-03-26,Gaji bulanan,Gaji,Pemasukan,6299934.0,Transfer Bank,Gaji
2893,2025-10-13,Gaji bulanan,Gaji,Pemasukan,6292308.0,Kartu Debit,Gaji
2894,2025-11-01,Gaji bulanan,Gaji,Pemasukan,6303953.0,E-Wallet,Gaji
2895,2025-04-01,Cloud storage,Pembayaran Langganan,Pengeluaran,53891.0,Transfer Bank,Pembayaran Langganan
2896,2024-12-05,Kirim uang keluarga,Transfer Teman/Keluarga,Pemasukan,50370.0,E-Wallet,Transfer Teman/Keluarga
2897,2026-02-04,Bayar kos,Tempat Tinggal,Pengeluaran,878948.0,Transfer Bank,Tempat Tinggal
2898,2025-06-06,Tagihan internet,Pulsa & Internet,Pengeluaran,146245.0,Transfer Bank,Pulsa & Internet
2899,2024-08-02,Iuran lingkungan,Tempat Tinggal,Pengeluaran,51213.0,E-Wallet,Tempat Tinggal
2900,2026-04-04,Gaji bulanan,Gaji,Pemasukan,6411406.0,E-Wallet,Gaji
2901,2025-11-06,Bonus,Gaji,Pemasukan,2666324.0,Transfer Bank,Gaji
2902,2025-12-12,Ojek online,Transportasi,Pengeluaran,82272.0,Tunai,Transportasi
2903,2025-05-17,Langganan streaming,Hiburan,Pengeluaran,31659.0,Transfer Bank,Hiburan
2904,2024-09-21,Jajan,Makanan & Minuman,Pengeluaran,19442.0,Kartu Debit,Makanan & Minuman
2905,2025-01-06,Bonus,Gaji,Pemasukan,1555768.0,Kartu Debit,Gaji
2906,2025-11-19,Bonus,Gaji,Pemasukan,2513642.0,Kartu Debit,Gaji
2907,2024-07-26,Taksi,Transportasi,Pengeluaran,67698.0,Tunai,Transportasi
2908,2025-11-10,Tiket bioskop,Hiburan,Pengeluaran,48856.0,Kartu Debit,Hiburan
2909,2024-12-25,Kirim uang keluarga,Transfer Teman/Keluarga,Pengeluaran,141850.0,Kartu Debit,Transfer Teman/Keluarga
2910,2024-06-28,Bonus,Gaji,Pemasukan,1832032.0,Kartu Debit,Gaji
2911,2024-12-26,Kopi,Makanan & Minuman,Pengeluaran,18248.0,Transfer Bank,Makanan & Minuman
2912,2025-11-05,Konser,Hiburan,Pengeluaran,366117.0,E-Wallet,Hiburan
2913,2024-08-15,Iuran lingkungan,Tempat Tinggal,Pengeluaran,50047.0,Kartu Debit,Tempat Tinggal
2914,2024-11-27,Makan malam restoran,Makanan & Minuman,Pengeluaran,256935.0,Kartu Debit,Makanan & Minuman
2915,2024-06-22,Kirim uang keluarga,Transfer Teman/Keluarga,Pemasukan,274091.0,E-Wallet,Transfer Teman/Keluarga
2916,2025-12-26,Perlengkapan rumah,Belanja Bulanan,Pengeluaran,458580.0,Kartu Kredit,Belanja Bulanan
2917,2025-12-26,Transfer teman,Transfer Teman/Keluarga,Pemasukan,210662.0,Transfer Bank,Transfer Teman/Keluarga
2918,2024-10-11,Hiburan,Hiburan,Pengeluaran,316393.0,E-Wallet,Hiburan
2919,2024-09-21,Gym membership,Pembayaran Langganan,Pengeluaran,200884.0,Transfer Bank,Pembayaran Langganan
2920,2024-11-08,Ojek online,Transportasi,Pengeluaran,74069.0,E-Wallet,Transportasi
2921,2025-06-17,Taksi,Transportasi,Pengeluaran,75991.0,Tunai,Transportasi
2922,2026-04-05,Cloud storage,Pembayaran Langganan,Pengeluaran,50649.0,Kartu Debit,Pembayaran Langganan
2923,2025-09-14,Gaji bulanan,Gaji,Pemasukan,6386354.0,Kartu Debit,Gaji
2924,2025-06-30,Kirim uang keluarga,Transfer Teman/Keluarga,Pemasukan,126991.0,E-Wallet,Transfer Teman/Keluarga
2925,2025-04-26,Pulsa prabayar,Pulsa & Internet,Pengeluaran,111676.0,Kartu Debit,Pulsa & Internet
2926,2025-11-16,Transfer teman,Transfer Teman/Keluarga,Pemasukan,102353.0,Transfer Bank,Transfer Teman/Keluarga
2927,2025-07-30,Gaji bulanan,Gaji,Pemasukan,6003324.0,Transfer Bank,Gaji
2928,2025-12-08,Jajan,Makanan & Minuman,Pengeluaran,26341.0,Transfer Bank,Makanan & Minuman
2929,2024-12-14,Gaji bulanan,Gaji,Pemasukan,6245181.0,Transfer Bank,Gaji
2930,2025-12-01,Paket data,Pulsa & Internet,Pengeluaran,68999.0,Transfer Bank,Pulsa & Internet
2931,2024-06-18,Transfer teman,Transfer Teman/Keluarga,Pemasukan,124967.0,Kartu Debit,Transfer Teman/Keluarga
2932,2024-12-05,Bonus,Gaji,Pemasukan,2277442.0,Kartu Debit,Gaji
2933,2026-02-09,Gaji bulanan,Gaji,Pemasukan,6252131.0,Transfer Bank,Gaji
2934,2024-09-05,Paket data,Pulsa & Internet,Pengeluaran,84807.0,Kartu Debit,Pulsa & Internet
2935,2025-02-11,Kirim uang keluarga,Transfer Teman/Keluarga,Pemasukan,294754.0,Kartu Debit,Transfer Teman/Keluarga
2936,2025-07-21,Netflix,Pembayaran Langganan,Pengeluaran,20727.0,Kartu Debit,Pembayaran Langganan
2937,2024-10-25,Gaji bulanan,Gaji,Pemasukan,6357810.0,E-Wallet,Gaji
2938,2026-01-27,Bonus,Gaji,Pemasukan,1855954.0,E-Wallet,Gaji
2939,2025-04-19,Bonus,Gaji,Pemasukan,2228553.0,Transfer Bank,Gaji
2940,2026-03-31,Gym membership,Pembayaran Langganan,Pengeluaran,200850.0,Kartu Debit,Pembayaran Langganan
2941,2026-01-18,Konser,Hiburan,Pengeluaran,377613.0,E-Wallet,Hiburan
2942,2026-03-08,Gaji,Gaji,Pemasukan,6332523.0,E-Wallet,Gaji
2943,2026-01-27,Gaji bulanan,Gaji,Pemasukan,6382512.0,Kartu Debit,Gaji
2944,2025-10-15,Langganan streaming,Hiburan,Pengeluaran,34376.0,E-Wallet,Hiburan
2945,2025-08-14,Kirim uang keluarga,Transfer Teman/Keluarga,Pemasukan,207546.0,Kartu Debit,Transfer Teman/Keluarga
2946,2025-05-28,Kirim uang keluarga,Transfer Teman/Keluarga,Pemasukan,172023.0,E-Wallet,Transfer Teman/Keluarga
2947,2024-06-14,Paket data,Pulsa & Internet,Pengeluaran,108379.0,Transfer Bank,Pulsa & Internet
2948,2025-04-02,Gaji bulanan,Gaji,Pemasukan,6060838.0,E-Wallet,Gaji
2949,2025-05-21,Beli makan siang,Makanan & Minuman,Pengeluaran,131499.0,Tunai,Makanan & Minuman
2950,2025-10-16,Ojek online,Transportasi,Pengeluaran,98668.0,Tunai,Transportasi
2951,2025-01-12,Kirim uang keluarga,Transfer Teman/Keluarga,Pemasukan,275222.0,E-Wallet,Transfer Teman/Keluarga
2952,2026-01-03,Kirim uang keluarga,Transfer Teman/Keluarga,Pemasukan,253161.0,E-Wallet,Transfer Teman/Keluarga
2953,2026-02-16,Gaji bulanan,Gaji,Pemasukan,6425009.0,Transfer Bank,Gaji
2954,2025-01-10,Gaji bulanan,Gaji,Pemasukan,6405603.0,Kartu Debit,Gaji
2955,2024-06-29,Kirim uang keluarga,Transfer Teman/Keluarga,Pemasukan,92976.0,Transfer Bank,Transfer Teman/Keluarga
2956,2025-02-06,Transfer Teman/Keluarga,Transfer Teman/Keluarga,Pemasukan,102968.0,Transfer Bank,Transfer Teman/Keluarga
2957,2024-10-12,Iuran lingkungan,Tempat Tinggal,Pengeluaran,50236.0,Tunai,Tempat Tinggal
2958,2026-04-13,Transfer teman,Transfer Teman/Keluarga,Pemasukan,100026.0,Kartu Debit,Transfer Teman/Keluarga
2959,2025-10-21,Gaji bulanan,Gaji,Pemasukan,6404812.0,Kartu Debit,Gaji
2960,2025-04-16,Pakaian baru,Belanja Bulanan,Pengeluaran,342489.0,Kartu Kredit,Belanja Bulanan
3523,2025-04-14,Transfer teman,Transfer Teman/Keluarga,Pemasukan,97113.0,Kartu Debit,Transfer Teman/Keluarga
2962,2025-11-23,Transfer teman,Transfer Teman/Keluarga,Pemasukan,52867.0,E-Wallet,Transfer Teman/Keluarga
2963,2024-08-25,Bonus,Gaji,Pemasukan,2577470.0,Kartu Debit,Gaji
2964,2026-02-18,Kirim uang keluarga,Transfer Teman/Keluarga,Pengeluaran,87126.0,Kartu Debit,Transfer Teman/Keluarga
2965,2026-05-04,Transfer teman,Transfer Teman/Keluarga,Pemasukan,159713.0,E-Wallet,Transfer Teman/Keluarga
2966,2026-03-11,Transfer teman,Transfer Teman/Keluarga,Pemasukan,150017.0,E-Wallet,Transfer Teman/Keluarga
2967,2025-03-05,Bonus,Gaji,Pemasukan,2447064.0,E-Wallet,Gaji
2968,2026-03-03,Transfer teman,Transfer Teman/Keluarga,Pemasukan,178729.0,Kartu Debit,Transfer Teman/Keluarga
2969,2025-08-08,Kirim uang keluarga,Transfer Teman/Keluarga,Pemasukan,239117.0,Transfer Bank,Transfer Teman/Keluarga
2970,2024-06-13,Tiket bioskop,Hiburan,Pengeluaran,33738.0,Kartu Debit,Hiburan
2971,2024-11-25,Paket data,Pulsa & Internet,Pengeluaran,145556.0,Kartu Debit,Pulsa & Internet
2972,2024-10-01,Transfer teman,Transfer Teman/Keluarga,Pemasukan,78119.0,E-Wallet,Transfer Teman/Keluarga
2973,2024-06-13,Gaji bulanan,Gaji,Pemasukan,6236727.0,Transfer Bank,Gaji
2974,2024-07-23,Taksi,Transportasi,Pengeluaran,27551.0,Tunai,Transportasi
2975,2026-04-13,Bonus,Gaji,Pemasukan,1602743.0,Kartu Debit,Gaji
2976,2025-04-15,Transfer teman,Transfer Teman/Keluarga,Pengeluaran,75587.0,Kartu Debit,Transfer Teman/Keluarga
2977,2024-11-03,Transfer teman,Transfer Teman/Keluarga,Pengeluaran,174617.0,E-Wallet,Transfer Teman/Keluarga
2978,2024-08-06,Belanja dapur,Makanan & Minuman,Pengeluaran,345473.0,Kartu Kredit,Makanan & Minuman
2979,2025-03-08,Beli makan siang,Makanan & Minuman,Pengeluaran,17036.0,Transfer Bank,Makanan & Minuman
2980,2026-03-22,Taksi,Transportasi,Pengeluaran,25724.0,Kartu Debit,Transportasi
2981,2024-06-23,Netflix,Pembayaran Langganan,Pengeluaran,23984.0,Kartu Debit,Pembayaran Langganan
2982,2024-06-05,Bonus,Gaji,Pemasukan,1418317.0,Transfer Bank,Gaji
2983,2024-11-21,Gaji bulanan,Gaji,Pemasukan,6315975.0,E-Wallet,Gaji
2984,2025-03-06,Taksi,Transportasi,Pengeluaran,11684.0,E-Wallet,Transportasi
2985,2026-04-21,Gaji bulanan,Gaji,Pemasukan,6139412.0,Transfer Bank,Gaji
2986,2025-04-30,Bonus,Gaji,Pemasukan,2476319.0,Transfer Bank,Gaji
2987,2024-08-14,Transfer teman,Transfer Teman/Keluarga,Pemasukan,62418.0,Kartu Debit,Transfer Teman/Keluarga
2988,2026-03-05,Service AC kos,Tempat Tinggal,Pengeluaran,50362.0,Kartu Debit,Tempat Tinggal
2989,2025-11-10,Iuran lingkungan,Tempat Tinggal,Pengeluaran,51035.0,Tunai,Tempat Tinggal
2990,2025-12-08,Bonus,Gaji,Pemasukan,2570938.0,Transfer Bank,Gaji
2991,2024-05-28,Kopi,Makanan & Minuman,Pengeluaran,46662.0,Tunai,Makanan & Minuman
2992,2025-06-15,Bonus,Gaji,Pemasukan,2840581.0,Transfer Bank,Gaji
2993,2025-05-27,Transfer teman,Transfer Teman/Keluarga,Pemasukan,53093.0,E-Wallet,Transfer Teman/Keluarga
2994,2025-01-04,Iuran lingkungan,Tempat Tinggal,Pengeluaran,51020.0,Kartu Debit,Tempat Tinggal
2995,2024-06-18,Tiket KRL,Transportasi,Pengeluaran,29165.0,Tunai,Transportasi
2996,2024-12-05,Kirim uang keluarga,Transfer Teman/Keluarga,Pengeluaran,234101.0,Kartu Debit,Transfer Teman/Keluarga
2997,2026-03-29,Kirim uang keluarga,Transfer Teman/Keluarga,Pemasukan,163327.0,Kartu Debit,Transfer Teman/Keluarga
2998,2026-03-11,Tiket bioskop,Hiburan,Pengeluaran,32177.0,Lainnya,Hiburan
2999,2024-12-04,Makan malam restoran,Makanan & Minuman,Pengeluaran,303884.0,Kartu Kredit,Makanan & Minuman
3001,2025-06-08,Kirim uang keluarga,Transfer Teman/Keluarga,Pemasukan,198148.0,Transfer Bank,Transfer Teman/Keluarga
3002,2025-02-25,Kirim uang keluarga,Transfer Teman/Keluarga,Pemasukan,76669.0,Transfer Bank,Transfer Teman/Keluarga
3003,2024-07-19,Cloud storage,Pembayaran Langganan,Pengeluaran,54728.0,E-Wallet,Pembayaran Langganan
3004,2025-05-14,Kirim uang keluarga,Transfer Teman/Keluarga,Pemasukan,162743.0,E-Wallet,Transfer Teman/Keluarga
3005,2024-09-04,Makan malam restoran,Makanan & Minuman,Pengeluaran,573680.0,Kartu Debit,Makanan & Minuman
3006,2025-06-05,Gaji bulanan,Gaji,Pemasukan,6159038.0,Kartu Debit,Gaji
3007,2025-10-04,Pembayaran Langganan,Pembayaran Langganan,Pengeluaran,21865.0,Kartu Debit,Pembayaran Langganan
3008,2026-03-03,Transfer teman,Transfer Teman/Keluarga,Pemasukan,198904.0,Kartu Debit,Transfer Teman/Keluarga
3009,2026-05-19,Gaji bulanan,Gaji,Pemasukan,6149709.0,Kartu Debit,Gaji
3010,2024-08-31,Kirim uang keluarga,Transfer Teman/Keluarga,Pemasukan,112896.0,Transfer Bank,Transfer Teman/Keluarga
3011,2025-09-02,Bonus,Gaji,Pemasukan,2147646.0,Transfer Bank,Gaji
3012,2024-09-29,Paket data,Pulsa & Internet,Pengeluaran,116881.0,E-Wallet,Pulsa & Internet
3013,2025-06-11,Konser,Hiburan,Pengeluaran,434131.0,Kartu Debit,Hiburan
3014,2024-09-04,Perlengkapan rumah,Belanja Bulanan,Pengeluaran,305582.0,Kartu Kredit,Belanja Bulanan
3015,2025-06-26,Gaji bulanan,Gaji,Pemasukan,6492239.0,Kartu Debit,Gaji
3016,2024-10-25,Gaji bulanan,Gaji,Pemasukan,6124750.0,Transfer Bank,Gaji
3017,2025-03-15,Jajan,Makanan & Minuman,Pengeluaran,30750.0,Tunai,Makanan & Minuman
3018,2026-05-17,Gaji bulanan,Gaji,Pemasukan,6484415.0,E-Wallet,Gaji
3019,2024-11-19,Transfer teman,Transfer Teman/Keluarga,Pemasukan,121651.0,Kartu Debit,Transfer Teman/Keluarga
3020,2025-06-17,Tagihan internet,Pulsa & Internet,Pengeluaran,51243.0,Kartu Debit,Pulsa & Internet
3021,2025-11-11,Gaji bulanan,Gaji,Pemasukan,6197656.0,Kartu Debit,Gaji
3022,2025-01-18,Kirim uang keluarga,Transfer Teman/Keluarga,Pengeluaran,205557.0,E-Wallet,Transfer Teman/Keluarga
3023,2025-10-23,Gaji bulanan,Gaji,Pemasukan,6139629.0,Kartu Debit,Gaji
3024,2026-05-23,Cloud storage,Pembayaran Langganan,Pengeluaran,51322.0,Kartu Debit,Pembayaran Langganan
3025,2025-12-01,Kirim uang keluarga,Transfer Teman/Keluarga,Pemasukan,187152.0,E-Wallet,Transfer Teman/Keluarga
3026,2026-04-24,Gaji bulanan,Gaji,Pemasukan,6064077.0,Kartu Debit,Gaji
3027,2024-11-06,Bonus,Gaji,Pemasukan,1459813.0,E-Wallet,Gaji
3028,2024-09-22,Gaji bulanan,Gaji,Pemasukan,6496597.0,Transfer Bank,Gaji
3029,2025-12-13,Kirim uang keluarga,Transfer Teman/Keluarga,Pengeluaran,114308.0,E-Wallet,Transfer Teman/Keluarga
3030,2025-04-22,Kirim uang keluarga,Transfer Teman/Keluarga,Pemasukan,53427.0,Kartu Debit,Transfer Teman/Keluarga
3031,2025-06-01,Transfer teman,Transfer Teman/Keluarga,Pengeluaran,56812.0,E-Wallet,Transfer Teman/Keluarga
3032,2025-09-26,Tagihan internet,Pulsa & Internet,Pengeluaran,50478.0,E-Wallet,Pulsa & Internet
3033,2025-01-05,Kirim uang keluarga,Transfer Teman/Keluarga,Pemasukan,76787.0,Transfer Bank,Transfer Teman/Keluarga
3034,2025-11-06,Pulsa prabayar,Pulsa & Internet,Pengeluaran,137134.0,Kartu Kredit,Pulsa & Internet
3035,2025-09-22,Bonus,Gaji,Pemasukan,2383525.0,Transfer Bank,Gaji
3036,2025-05-14,Pakaian baru,Belanja Bulanan,Pengeluaran,395895.0,Kartu Kredit,Belanja Bulanan
3037,2026-01-02,Paket data,Pulsa & Internet,Pengeluaran,87608.0,Kartu Kredit,Pulsa & Internet
3038,2024-06-21,Gym membership,Pembayaran Langganan,Pengeluaran,200964.0,Kartu Debit,Pembayaran Langganan
3039,2025-05-26,Tagihan internet,Pulsa & Internet,Pengeluaran,61474.0,Transfer Bank,Pulsa & Internet
3040,2026-03-25,Gaji bulanan,Gaji,Pemasukan,6366544.0,Kartu Debit,Gaji
3041,2024-07-18,Paket data,Pulsa & Internet,Pengeluaran,129295.0,Kartu Debit,Pulsa & Internet
3042,2024-12-13,Paket data,Pulsa & Internet,Pengeluaran,73364.0,E-Wallet,Pulsa & Internet
3043,2025-08-09,Liburan,Hiburan,Pengeluaran,478973.0,Kartu Kredit,Hiburan
3044,2025-04-07,Kirim uang keluarga,Transfer Teman/Keluarga,Pemasukan,226031.0,Kartu Debit,Transfer Teman/Keluarga
3045,2025-08-17,Kirim uang keluarga,Transfer Teman/Keluarga,Pemasukan,197815.0,Kartu Debit,Transfer Teman/Keluarga
3046,2024-11-09,Gaji bulanan,Gaji,Pemasukan,6221708.0,E-Wallet,Gaji
3047,2026-02-20,Tiket bioskop,Hiburan,Pengeluaran,44990.0,Transfer Bank,Hiburan
3048,2024-08-19,Liburan,Hiburan,Pengeluaran,414364.0,Transfer Bank,Hiburan
3049,2026-01-15,Paket data,Pulsa & Internet,Pengeluaran,75404.0,Kartu Debit,Pulsa & Internet
3050,2025-10-13,Iuran lingkungan,Tempat Tinggal,Pengeluaran,51299.0,Transfer Bank,Tempat Tinggal
3051,2026-01-04,Iuran lingkungan,Tempat Tinggal,Pengeluaran,50304.0,Transfer Bank,Tempat Tinggal
3052,2026-04-06,Bonus,Gaji,Pemasukan,1945199.0,E-Wallet,Gaji
3053,2026-03-30,Konser,Hiburan,Pengeluaran,442839.0,Kartu Debit,Hiburan
3054,2026-01-18,Transfer teman,Transfer Teman/Keluarga,Pemasukan,153834.0,Transfer Bank,Transfer Teman/Keluarga
3055,2025-04-03,Bonus,Gaji,Pemasukan,2567568.0,Transfer Bank,Gaji
3056,2024-06-01,Kirim uang keluarga,Transfer Teman/Keluarga,Pemasukan,78914.0,E-Wallet,Transfer Teman/Keluarga
3057,2024-12-20,Perlengkapan rumah,Belanja Bulanan,Pengeluaran,433285.0,Kartu Debit,Belanja Bulanan
3058,2024-06-10,Bonus,Gaji,Pemasukan,2432017.0,E-Wallet,Gaji
3059,2025-11-22,Gaji bulanan,Gaji,Pemasukan,6256584.0,Transfer Bank,Gaji
3060,2025-02-13,Transfer teman,Transfer Teman/Keluarga,Pemasukan,50699.0,Kartu Debit,Transfer Teman/Keluarga
3061,2026-04-11,Jajan,Makanan & Minuman,Pengeluaran,14227.0,Tunai,Makanan & Minuman
3062,2025-10-03,Gaji,Gaji,Pemasukan,2497565.0,Kartu Debit,Gaji
3063,2025-12-27,Kirim uang keluarga,Transfer Teman/Keluarga,Pemasukan,165442.0,Transfer Bank,Transfer Teman/Keluarga
3064,2024-07-27,Iuran lingkungan,Tempat Tinggal,Pengeluaran,51544.0,Transfer Bank,Tempat Tinggal
3065,2024-12-14,Perlengkapan rumah,Belanja Bulanan,Pengeluaran,465872.0,Transfer Bank,Belanja Bulanan
3066,2025-03-15,Tiket KRL,Transportasi,Pengeluaran,69400.0,Kartu Debit,Transportasi
3067,2025-10-17,Transfer teman,Transfer Teman/Keluarga,Pemasukan,241111.0,Transfer Bank,Transfer Teman/Keluarga
3068,2025-01-26,Kirim uang keluarga,Transfer Teman/Keluarga,Pemasukan,217156.0,Kartu Debit,Transfer Teman/Keluarga
3069,2025-09-02,Kirim uang keluarga,Transfer Teman/Keluarga,Pengeluaran,298622.0,Kartu Debit,Transfer Teman/Keluarga
3070,2024-07-03,Transfer teman,Transfer Teman/Keluarga,Pemasukan,255819.0,Kartu Debit,Transfer Teman/Keluarga
3071,2025-09-27,Bonus,Gaji,Pemasukan,2712744.0,Transfer Bank,Gaji
3072,2025-10-08,Bensin,Transportasi,Pengeluaran,84421.0,Lainnya,Transportasi
3073,2025-06-29,Kirim uang keluarga,Transfer Teman/Keluarga,Pemasukan,163573.0,Kartu Debit,Transfer Teman/Keluarga
3074,2025-01-15,Kirim uang keluarga,Transfer Teman/Keluarga,Pemasukan,187859.0,Kartu Debit,Transfer Teman/Keluarga
3075,2025-06-16,Ojek online,Transportasi,Pengeluaran,45991.0,Tunai,Transportasi
3076,2025-01-27,Gaji bulanan,Gaji,Pemasukan,6094684.0,Transfer Bank,Gaji
3077,2026-02-19,Gaji bulanan,Gaji,Pemasukan,6172651.0,E-Wallet,Gaji
3078,2026-05-07,Kirim uang keluarga,Transfer Teman/Keluarga,Pengeluaran,250186.0,Transfer Bank,Transfer Teman/Keluarga
3079,2024-10-07,Gym membership,Pembayaran Langganan,Pengeluaran,200077.0,E-Wallet,Pembayaran Langganan
3080,2024-12-19,Paket data,Pulsa & Internet,Pengeluaran,146500.0,Transfer Bank,Pulsa & Internet
3081,2025-12-21,Iuran lingkungan,Tempat Tinggal,Pengeluaran,50395.0,Kartu Debit,Tempat Tinggal
3082,2024-11-15,Kirim uang keluarga,Transfer Teman/Keluarga,Pemasukan,299439.0,E-Wallet,Transfer Teman/Keluarga
3083,2024-06-23,Iuran lingkungan,Tempat Tinggal,Pengeluaran,51301.0,E-Wallet,Tempat Tinggal
3084,2026-02-27,Taksi,Transportasi,Pengeluaran,84221.0,Kartu Debit,Transportasi
3085,2026-03-21,Jajan,Makanan & Minuman,Pengeluaran,51319.0,Kartu Debit,Makanan & Minuman
3086,2024-11-05,Kirim uang keluarga,Transfer Teman/Keluarga,Pengeluaran,157909.0,E-Wallet,Transfer Teman/Keluarga
3087,2024-09-03,Belanja dapur,Makanan & Minuman,Pengeluaran,627469.0,Kartu Debit,Makanan & Minuman
3088,2024-12-09,Belanja kebutuhan pokok,Belanja Bulanan,Pengeluaran,254734.0,Tunai,Belanja Bulanan
3089,2025-03-09,Gaji bulanan,Gaji,Pemasukan,6189642.0,E-Wallet,Gaji
3090,2025-05-30,Bonus,Gaji,Pemasukan,2284676.0,Transfer Bank,Gaji
3091,2025-08-19,Bayar kos,Tempat Tinggal,Pengeluaran,851691.0,Tunai,Tempat Tinggal
3092,2024-12-15,Service AC kos,Tempat Tinggal,Pengeluaran,50381.0,Tunai,Tempat Tinggal
3093,2025-11-15,Ojek online,Transportasi,Pengeluaran,38034.0,E-Wallet,Transportasi
3094,2026-05-07,Cloud storage,Pembayaran Langganan,Pengeluaran,53869.0,E-Wallet,Pembayaran Langganan
3095,2025-11-28,Paket data,Pulsa & Internet,Pengeluaran,90948.0,Kartu Kredit,Pulsa & Internet
3096,2025-12-16,Bonus,Gaji,Pemasukan,1901385.0,Kartu Debit,Gaji
3524,2024-11-02,Pakaian baru,Belanja Bulanan,Pengeluaran,326010.0,E-Wallet,Belanja Bulanan
3098,2024-08-03,Gaji bulanan,Gaji,Pemasukan,6091228.0,Transfer Bank,Gaji
3099,2026-01-25,Bonus,Gaji,Pemasukan,2700441.0,Kartu Debit,Gaji
3100,2024-07-05,Bonus,Gaji,Pemasukan,2783821.0,E-Wallet,Gaji
3101,2024-11-02,Transfer teman,Transfer Teman/Keluarga,Pemasukan,107192.0,Kartu Debit,Transfer Teman/Keluarga
3102,2026-04-14,Makan malam restoran,Makanan & Minuman,Pengeluaran,419457.0,Transfer Bank,Makanan & Minuman
3103,2024-10-28,Konser,Hiburan,Pengeluaran,441082.0,Kartu Debit,Hiburan
3104,2024-10-02,Transfer teman,Transfer Teman/Keluarga,Pemasukan,258871.0,Transfer Bank,Transfer Teman/Keluarga
3105,2025-08-03,Gaji bulanan,Gaji,Pemasukan,6204581.0,Kartu Debit,Gaji
3106,2025-12-02,Gaji bulanan,Gaji,Pemasukan,6417400.0,E-Wallet,Gaji
3525,2025-12-25,Transfer teman,Transfer Teman/Keluarga,Pemasukan,92908.0,E-Wallet,Transfer Teman/Keluarga
3108,2024-09-01,Belanja kebutuhan pokok,Belanja Bulanan,Pengeluaran,312899.0,Transfer Bank,Belanja Bulanan
3109,2024-12-14,Kirim uang keluarga,Transfer Teman/Keluarga,Pemasukan,237682.0,Transfer Bank,Transfer Teman/Keluarga
3110,2026-04-08,Taksi,Transportasi,Pengeluaran,88565.0,E-Wallet,Transportasi
3111,2025-08-18,Transfer teman,Transfer Teman/Keluarga,Pemasukan,173324.0,E-Wallet,Transfer Teman/Keluarga
3112,2024-09-18,Bonus,Gaji,Pemasukan,1442763.0,E-Wallet,Gaji
3113,2025-03-29,Makan malam restoran,Makanan & Minuman,Pengeluaran,550253.0,E-Wallet,Makanan & Minuman
3114,2025-04-05,Gaji bulanan,Gaji,Pemasukan,6218387.0,Kartu Debit,Gaji
3115,2025-04-18,Paket data,Pulsa & Internet,Pengeluaran,110344.0,Kartu Kredit,Pulsa & Internet
3116,2024-07-03,Transfer teman,Transfer Teman/Keluarga,Pemasukan,75291.0,Transfer Bank,Transfer Teman/Keluarga
3117,2025-02-18,Bayar kos,Tempat Tinggal,Pengeluaran,837954.0,Transfer Bank,Tempat Tinggal
3118,2026-03-16,Iuran lingkungan,Tempat Tinggal,Pengeluaran,50336.0,Tunai,Tempat Tinggal
3119,2024-09-10,Gaji bulanan,Gaji,Pemasukan,6460142.0,Transfer Bank,Gaji
3120,2024-07-04,Kirim uang keluarga,Transfer Teman/Keluarga,Pemasukan,271142.0,Transfer Bank,Transfer Teman/Keluarga
3121,2024-08-22,Belanja dapur,Makanan & Minuman,Pengeluaran,272618.0,Kartu Kredit,Makanan & Minuman
3122,2025-06-18,Pakaian baru,Belanja Bulanan,Pengeluaran,264647.0,E-Wallet,Belanja Bulanan
3123,2024-11-01,Gaji bulanan,Gaji,Pemasukan,6047121.0,E-Wallet,Gaji
3124,2025-05-07,Bonus,Gaji,Pemasukan,2602767.0,E-Wallet,Gaji
3125,2026-02-09,Bonus,Gaji,Pemasukan,2931070.0,E-Wallet,Gaji
3126,2024-06-17,Tiket bioskop,Hiburan,Pengeluaran,37919.0,Kartu Debit,Hiburan
3127,2025-02-18,Gaji bulanan,Gaji,Pemasukan,6311737.0,E-Wallet,Gaji
3128,2026-02-02,Pulsa prabayar,Pulsa & Internet,Pengeluaran,131949.0,Transfer Bank,Pulsa & Internet
3129,2024-10-25,Bonus,Gaji,Pemasukan,1462373.0,Transfer Bank,Gaji
3130,2025-07-25,Kirim uang keluarga,Transfer Teman/Keluarga,Pemasukan,96456.0,Transfer Bank,Transfer Teman/Keluarga
3131,2025-01-06,Kirim uang keluarga,Transfer Teman/Keluarga,Pemasukan,286859.0,E-Wallet,Transfer Teman/Keluarga
3132,2025-12-11,Bonus,Gaji,Pemasukan,1244430.0,Transfer Bank,Gaji
3133,2024-08-22,Bonus,Gaji,Pemasukan,2567830.0,Transfer Bank,Gaji
3134,2026-01-08,Bayar kos,Tempat Tinggal,Pengeluaran,810881.0,Kartu Debit,Tempat Tinggal
3135,2024-09-05,Transfer teman,Transfer Teman/Keluarga,Pemasukan,290052.0,Kartu Debit,Transfer Teman/Keluarga
3136,2024-11-24,Netflix,Pembayaran Langganan,Pengeluaran,26769.0,Kartu Kredit,Pembayaran Langganan
3137,2026-03-19,Transfer teman,Transfer Teman/Keluarga,Pemasukan,185284.0,Kartu Debit,Transfer Teman/Keluarga
3138,2025-11-09,Kirim uang keluarga,Transfer Teman/Keluarga,Pemasukan,255982.0,Transfer Bank,Transfer Teman/Keluarga
3139,2025-01-24,Bonus,Gaji,Pemasukan,1251717.0,Transfer Bank,Gaji
3140,2025-04-12,Gaji bulanan,Gaji,Pemasukan,6105974.0,Transfer Bank,Gaji
3141,2024-08-10,Kirim uang keluarga,Transfer Teman/Keluarga,Pengeluaran,213554.0,Kartu Debit,Transfer Teman/Keluarga
3142,2026-05-22,Kirim uang keluarga,Transfer Teman/Keluarga,Pengeluaran,281951.0,E-Wallet,Transfer Teman/Keluarga
3143,2025-07-23,Perlengkapan rumah,Belanja Bulanan,Pengeluaran,444769.0,Tunai,Belanja Bulanan
3144,2025-10-22,Belanja kebutuhan pokok,Belanja Bulanan,Pengeluaran,493519.0,E-Wallet,Belanja Bulanan
3145,2024-11-07,Gaji bulanan,Gaji,Pemasukan,6287449.0,E-Wallet,Gaji
3146,2024-06-10,Gaji bulanan,Gaji,Pemasukan,6142890.0,E-Wallet,Gaji
3147,2025-10-01,Kopi,Makanan & Minuman,Pengeluaran,11539.0,Kartu Debit,Makanan & Minuman
3148,2025-11-20,Spotify Premium,Pembayaran Langganan,Pengeluaran,20235.0,E-Wallet,Pembayaran Langganan
3149,2025-04-06,Kirim uang keluarga,Transfer Teman/Keluarga,Pemasukan,108503.0,Kartu Debit,Transfer Teman/Keluarga
3150,2025-02-05,Transfer teman,Transfer Teman/Keluarga,Pemasukan,262024.0,E-Wallet,Transfer Teman/Keluarga
3151,2024-08-22,Kirim uang keluarga,Transfer Teman/Keluarga,Pemasukan,97494.0,Kartu Debit,Transfer Teman/Keluarga
3152,2025-06-12,Gaji bulanan,Gaji,Pemasukan,6136235.0,Transfer Bank,Gaji
3526,2025-09-29,Bonus,Gaji,Pemasukan,2526581.0,Transfer Bank,Gaji
3154,2025-10-30,Taksi,Transportasi,Pengeluaran,73854.0,Transfer Bank,Transportasi
3155,2026-02-23,Paket data,Pulsa & Internet,Pengeluaran,120804.0,Transfer Bank,Pulsa & Internet
3156,2024-08-18,Transfer teman,Transfer Teman/Keluarga,Pengeluaran,254826.0,Kartu Debit,Transfer Teman/Keluarga
3157,2026-02-11,Bensin,Transportasi,Pengeluaran,54611.0,Transfer Bank,Transportasi
3158,2024-10-19,Ojek online,Transportasi,Pengeluaran,34292.0,Tunai,Transportasi
3159,2025-11-01,Gaji bulanan,Gaji,Pemasukan,6084201.0,Transfer Bank,Gaji
3160,2025-06-06,Gaji bulanan,Gaji,Pemasukan,6235411.0,Transfer Bank,Gaji
3161,2025-06-27,Gaji bulanan,Gaji,Pemasukan,6227638.0,E-Wallet,Gaji
3162,2026-05-11,Taksi,Transportasi,Pengeluaran,84570.0,Kartu Debit,Transportasi
3163,2024-12-12,Tiket bioskop,Hiburan,Pengeluaran,36311.0,E-Wallet,Hiburan
3164,2024-07-09,Spotify Premium,Pembayaran Langganan,Pengeluaran,21044.0,Kartu Kredit,Pembayaran Langganan
3165,2024-08-14,Belanja dapur,Makanan & Minuman,Pengeluaran,625674.0,Tunai,Makanan & Minuman
3166,2025-07-02,Kirim uang keluarga,Transfer Teman/Keluarga,Pemasukan,190385.0,E-Wallet,Transfer Teman/Keluarga
3167,2024-06-07,Tiket bioskop,Hiburan,Pengeluaran,38071.0,Kartu Debit,Hiburan
3168,2025-07-26,Cloud storage,Pembayaran Langganan,Pengeluaran,53112.0,Transfer Bank,Pembayaran Langganan
3169,2025-12-21,Liburan,Hiburan,Pengeluaran,322064.0,Transfer Bank,Hiburan
3170,2025-11-12,Kirim uang keluarga,Transfer Teman/Keluarga,Pemasukan,68126.0,Transfer Bank,Transfer Teman/Keluarga
3171,2026-01-13,Service AC kos,Tempat Tinggal,Pengeluaran,51811.0,Kartu Debit,Tempat Tinggal
3172,2024-10-15,Paket data,Pulsa & Internet,Pengeluaran,118801.0,E-Wallet,Pulsa & Internet
3173,2024-08-31,Bonus,Gaji,Pemasukan,1606770.0,Kartu Debit,Gaji
3527,2025-11-07,Bonus,Gaji,Pemasukan,1725365.0,Kartu Debit,Gaji
3175,2024-07-29,Bonus,Gaji,Pemasukan,2181755.0,E-Wallet,Gaji
3176,2025-06-05,Gaji bulanan,Gaji,Pemasukan,6370253.0,Kartu Debit,Gaji
3177,2025-04-15,Spotify Premium,Pembayaran Langganan,Pengeluaran,26641.0,Kartu Kredit,Pembayaran Langganan
3178,2025-12-21,Jajan,Makanan & Minuman,Pengeluaran,57820.0,Transfer Bank,Makanan & Minuman
3179,2024-09-29,Gaji bulanan,Gaji,Pemasukan,6093689.0,Transfer Bank,Gaji
3180,2024-06-28,Beli makan siang,Makanan & Minuman,Pengeluaran,143764.0,E-Wallet,Makanan & Minuman
3181,2025-02-17,Pulsa prabayar,Pulsa & Internet,Pengeluaran,109589.0,Transfer Bank,Pulsa & Internet
3182,2025-08-26,Transfer teman,Transfer Teman/Keluarga,Pemasukan,268330.0,Kartu Debit,Transfer Teman/Keluarga
3183,2024-10-08,Kirim uang keluarga,Transfer Teman/Keluarga,Pemasukan,279441.0,Kartu Debit,Transfer Teman/Keluarga
3184,2025-02-01,Kirim uang keluarga,Transfer Teman/Keluarga,Pengeluaran,256345.0,E-Wallet,Transfer Teman/Keluarga
3185,2024-08-01,Kopi,Makanan & Minuman,Pengeluaran,42247.0,Kartu Debit,Makanan & Minuman
3186,2025-04-15,Belanja kebutuhan pokok,Belanja Bulanan,Pengeluaran,491928.0,Kartu Kredit,Belanja Bulanan
3187,2024-07-21,Kirim uang keluarga,Transfer Teman/Keluarga,Pemasukan,231622.0,Transfer Bank,Transfer Teman/Keluarga
3188,2024-07-01,Paket data,Pulsa & Internet,Pengeluaran,86886.0,Transfer Bank,Pulsa & Internet
3189,2025-07-22,Kirim uang keluarga,Transfer Teman/Keluarga,Pemasukan,253449.0,E-Wallet,Transfer Teman/Keluarga
3190,2025-07-10,Transfer teman,Transfer Teman/Keluarga,Pemasukan,237961.0,Kartu Debit,Transfer Teman/Keluarga
3191,2026-01-09,Bonus,Gaji,Pemasukan,1567816.0,Transfer Bank,Gaji
3528,2024-05-30,Kirim uang keluarga,Transfer Teman/Keluarga,Pemasukan,170979.0,E-Wallet,Transfer Teman/Keluarga
3193,2024-09-19,Bonus,Gaji,Pemasukan,1108611.0,Transfer Bank,Gaji
3194,2025-10-25,Transfer teman,Transfer Teman/Keluarga,Pemasukan,217415.0,E-Wallet,Transfer Teman/Keluarga
3195,2024-11-08,Transfer teman,Transfer Teman/Keluarga,Pemasukan,89916.0,Lainnya,Transfer Teman/Keluarga
3196,2026-04-03,Gaji bulanan,Gaji,Pemasukan,6171259.0,Transfer Bank,Gaji
3197,2025-05-28,Gaji bulanan,Gaji,Pemasukan,6261970.0,Transfer Bank,Gaji
3198,2026-01-31,Kirim uang keluarga,Transfer Teman/Keluarga,Pemasukan,226081.0,E-Wallet,Transfer Teman/Keluarga
3199,2025-07-07,Belanja kebutuhan pokok,Belanja Bulanan,Pengeluaran,314630.0,Kartu Kredit,Belanja Bulanan
3200,2025-11-24,Gaji bulanan,Gaji,Pemasukan,6248999.0,Kartu Debit,Gaji
3201,2025-03-29,Kirim uang keluarga,Transfer Teman/Keluarga,Pengeluaran,168263.0,E-Wallet,Transfer Teman/Keluarga
3202,2025-01-16,Beli makan siang,Makanan & Minuman,Pengeluaran,184355.0,Transfer Bank,Makanan & Minuman
3203,2025-06-12,Pulsa prabayar,Pulsa & Internet,Pengeluaran,91287.0,E-Wallet,Pulsa & Internet
3204,2024-07-07,Bonus,Gaji,Pemasukan,2692272.0,E-Wallet,Gaji
3205,2025-01-27,Bonus,Gaji,Pemasukan,1680512.0,Kartu Debit,Gaji
3206,2024-11-24,Gaji bulanan,Gaji,Pemasukan,6347984.0,Transfer Bank,Gaji
3207,2026-05-22,Ojek online,Transportasi,Pengeluaran,67170.0,Tunai,Transportasi
3208,2025-07-03,Perlengkapan rumah,Belanja Bulanan,Pengeluaran,467629.0,E-Wallet,Belanja Bulanan
3209,2025-05-27,Bonus,Gaji,Pemasukan,1856804.0,Kartu Debit,Gaji
3210,2024-12-19,Paket data,Pulsa & Internet,Pengeluaran,94204.0,Transfer Bank,Pulsa & Internet
3212,2025-04-26,Gaji bulanan,Gaji,Pemasukan,6014643.0,Kartu Debit,Gaji
3213,2026-03-02,Service AC kos,Tempat Tinggal,Pengeluaran,50007.0,Tunai,Tempat Tinggal
3214,2025-06-21,Transfer teman,Transfer Teman/Keluarga,Pemasukan,139615.0,E-Wallet,Transfer Teman/Keluarga
3215,2024-08-07,Belanja kebutuhan pokok,Belanja Bulanan,Pengeluaran,414234.0,Transfer Bank,Belanja Bulanan
3216,2025-06-12,Bonus,Gaji,Pemasukan,1064770.0,Transfer Bank,Gaji
3217,2026-02-25,Bayar kos,Tempat Tinggal,Pengeluaran,863926.0,Tunai,Tempat Tinggal
3218,2024-06-22,Bonus,Gaji,Pemasukan,1655091.0,E-Wallet,Gaji
3219,2025-10-12,Transfer teman,Transfer Teman/Keluarga,Pemasukan,118219.0,Transfer Bank,Transfer Teman/Keluarga
3220,2025-06-10,Liburan,Hiburan,Pengeluaran,484969.0,Kartu Debit,Hiburan
3221,2025-10-16,Makan malam restoran,Makanan & Minuman,Pengeluaran,617386.0,Kartu Debit,Makanan & Minuman
3222,2024-09-12,Bonus,Gaji,Pemasukan,2004549.0,Transfer Bank,Gaji
3223,2024-08-05,Tagihan internet,Pulsa & Internet,Pengeluaran,110857.0,Kartu Kredit,Pulsa & Internet
3224,2024-06-09,Perlengkapan rumah,Belanja Bulanan,Pengeluaran,395197.0,E-Wallet,Belanja Bulanan
3225,2026-01-06,Kirim uang keluarga,Transfer Teman/Keluarga,Pemasukan,187594.0,E-Wallet,Transfer Teman/Keluarga
3226,2024-11-15,Transfer teman,Transfer Teman/Keluarga,Pemasukan,113667.0,E-Wallet,Transfer Teman/Keluarga
3227,2025-12-24,Tiket KRL,Transportasi,Pengeluaran,35511.0,Tunai,Transportasi
3228,2025-11-06,Service AC kos,Tempat Tinggal,Pengeluaran,51781.0,Kartu Debit,Tempat Tinggal
3229,2025-10-11,Liburan,Hiburan,Pengeluaran,438706.0,Kartu Kredit,Hiburan
3230,2024-08-18,Konser,Hiburan,Pengeluaran,353611.0,Kartu Kredit,Hiburan
3231,2025-05-22,Tiket KRL,Transportasi,Pengeluaran,94122.0,Kartu Debit,Transportasi
3232,2026-03-15,Taksi,Transportasi,Pengeluaran,90585.0,Transfer Bank,Transportasi
3233,2026-01-20,Iuran lingkungan,Tempat Tinggal,Pengeluaran,50666.0,Transfer Bank,Tempat Tinggal
3234,2025-09-14,Bonus,Gaji,Pemasukan,2271724.0,Kartu Debit,Gaji
3235,2025-08-25,Bonus,Gaji,Pemasukan,1350939.0,E-Wallet,Gaji
3237,2025-10-11,Transfer teman,Transfer Teman/Keluarga,Pemasukan,216151.0,Kartu Debit,Transfer Teman/Keluarga
3238,2026-03-07,Ojek online,Transportasi,Pengeluaran,98615.0,Transfer Bank,Transportasi
3239,2026-01-19,Paket data,Pulsa & Internet,Pengeluaran,128619.0,E-Wallet,Pulsa & Internet
3240,2025-03-16,Gaji bulanan,Gaji,Pemasukan,6253485.0,Transfer Bank,Gaji
3241,2025-03-17,Bonus,Gaji,Pemasukan,2095526.0,Kartu Debit,Gaji
3242,2024-08-29,Belanja kebutuhan pokok,Belanja Bulanan,Pengeluaran,482423.0,Kartu Kredit,Belanja Bulanan
3243,2024-06-08,Bonus,Gaji,Pemasukan,1511652.0,E-Wallet,Gaji
3244,2025-09-21,Kirim uang keluarga,Transfer Teman/Keluarga,Pemasukan,270787.0,E-Wallet,Transfer Teman/Keluarga
3246,2024-08-13,Kopi,Makanan & Minuman,Pengeluaran,29576.0,Kartu Debit,Makanan & Minuman
3247,2025-02-23,Ojek online,Transportasi,Pengeluaran,60191.0,Transfer Bank,Transportasi
3248,2026-05-09,Bayar kos,Tempat Tinggal,Pengeluaran,852562.0,Kartu Debit,Tempat Tinggal
3249,2025-04-16,Kopi,Makanan & Minuman,Pengeluaran,48570.0,Tunai,Makanan & Minuman
3250,2025-05-05,Transfer teman,Transfer Teman/Keluarga,Pemasukan,289993.0,E-Wallet,Transfer Teman/Keluarga
3251,2025-08-25,Gaji bulanan,Gaji,Pemasukan,6055841.0,Transfer Bank,Gaji
3252,2025-06-17,Bayar kos,Tempat Tinggal,Pengeluaran,972736.0,Tunai,Tempat Tinggal
3253,2025-11-03,Tagihan internet,Pulsa & Internet,Pengeluaran,75704.0,Transfer Bank,Pulsa & Internet
3254,2025-08-09,Gaji bulanan,Gaji,Pemasukan,6267511.0,Transfer Bank,Gaji
3255,2026-01-28,Gym membership,Pembayaran Langganan,Pengeluaran,200625.0,Kartu Kredit,Pembayaran Langganan
3256,2025-03-15,Pakaian baru,Belanja Bulanan,Pengeluaran,423144.0,Transfer Bank,Belanja Bulanan
3257,2026-01-16,Paket data,Pulsa & Internet,Pengeluaran,121803.0,Kartu Kredit,Pulsa & Internet
3258,2024-10-09,Kirim uang keluarga,Transfer Teman/Keluarga,Pemasukan,135546.0,E-Wallet,Transfer Teman/Keluarga
3259,2024-07-29,Taksi,Transportasi,Pengeluaran,20457.0,E-Wallet,Transportasi
3260,2025-03-22,Tiket bioskop,Hiburan,Pengeluaran,45317.0,Transfer Bank,Hiburan
3261,2025-04-18,Ojek online,Transportasi,Pengeluaran,14868.0,Transfer Bank,Transportasi
3262,2024-08-28,Transfer teman,Transfer Teman/Keluarga,Pemasukan,59680.0,Kartu Debit,Transfer Teman/Keluarga
3263,2024-10-20,Belanja kebutuhan pokok,Belanja Bulanan,Pengeluaran,387281.0,Kartu Debit,Belanja Bulanan
3264,2025-03-09,Gym membership,Pembayaran Langganan,Pengeluaran,200084.0,Kartu Kredit,Pembayaran Langganan
3265,2025-12-26,Tiket KRL,Transportasi,Pengeluaran,57107.0,Kartu Debit,Transportasi
3266,2026-02-25,Tagihan internet,Pulsa & Internet,Pengeluaran,143457.0,E-Wallet,Pulsa & Internet
3267,2026-03-30,Bayar kos,Tempat Tinggal,Pengeluaran,975880.0,Transfer Bank,Tempat Tinggal
3268,2025-12-05,Taksi,Transportasi,Pengeluaran,73777.0,E-Wallet,Transportasi
3269,2026-05-03,Tagihan internet,Pulsa & Internet,Pengeluaran,57637.0,Kartu Debit,Pulsa & Internet
3270,2025-05-27,Netflix,Pembayaran Langganan,Pengeluaran,24076.0,Kartu Kredit,Pembayaran Langganan
3271,2025-11-30,Kirim uang keluarga,Transfer Teman/Keluarga,Pemasukan,154371.0,Transfer Bank,Transfer Teman/Keluarga
3272,2024-07-14,Gaji bulanan,Gaji,Pemasukan,6399286.0,Kartu Debit,Gaji
3273,2025-08-21,Kirim uang keluarga,Transfer Teman/Keluarga,Pemasukan,188505.0,E-Wallet,Transfer Teman/Keluarga
3274,2024-11-25,Liburan,Hiburan,Pengeluaran,376719.0,E-Wallet,Hiburan
3275,2024-07-01,Konser,Hiburan,Pengeluaran,351536.0,Transfer Bank,Hiburan
3276,2025-05-23,Bonus,Gaji,Pemasukan,1225032.0,E-Wallet,Gaji
3277,2025-11-20,Kirim uang keluarga,Transfer Teman/Keluarga,Pemasukan,179019.0,E-Wallet,Transfer Teman/Keluarga
3278,2026-04-14,Gaji bulanan,Gaji,Pemasukan,6042535.0,E-Wallet,Gaji
3279,2024-10-30,Bonus,Gaji,Pemasukan,2958038.0,E-Wallet,Gaji
3280,2025-05-19,Tiket KRL,Transportasi,Pengeluaran,15757.0,E-Wallet,Transportasi
3281,2025-12-21,Bonus,Gaji,Pemasukan,2415401.0,Transfer Bank,Gaji
3282,2024-08-28,Belanja kebutuhan pokok,Belanja Bulanan,Pengeluaran,207032.0,Transfer Bank,Belanja Bulanan
3283,2025-11-08,Transfer teman,Transfer Teman/Keluarga,Pemasukan,230686.0,E-Wallet,Transfer Teman/Keluarga
3284,2025-01-23,Bonus,Gaji,Pemasukan,2979394.0,Transfer Bank,Gaji
3285,2025-10-30,Transfer teman,Transfer Teman/Keluarga,Pengeluaran,257539.0,Transfer Bank,Transfer Teman/Keluarga
3286,2026-04-11,Transfer teman,Transfer Teman/Keluarga,Pengeluaran,109194.0,E-Wallet,Transfer Teman/Keluarga
3287,2025-05-02,Taksi,Transportasi,Pengeluaran,66054.0,Kartu Debit,Transportasi
3288,2025-04-22,Kirim uang keluarga,Transfer Teman/Keluarga,Pemasukan,220632.0,E-Wallet,Transfer Teman/Keluarga
3289,2026-04-21,Gaji bulanan,Gaji,Pemasukan,6172921.0,Transfer Bank,Gaji
3290,2026-05-02,Gaji bulanan,Gaji,Pemasukan,6314523.0,E-Wallet,Gaji
3291,2025-11-14,Tiket bioskop,Hiburan,Pengeluaran,49981.0,Lainnya,Hiburan
3292,2026-02-22,Gaji bulanan,Gaji,Pemasukan,6418073.0,Transfer Bank,Gaji
3293,2025-03-21,Bonus,Gaji,Pemasukan,2128815.0,Transfer Bank,Gaji
3294,2025-05-10,Kopi,Makanan & Minuman,Pengeluaran,57152.0,Kartu Kredit,Makanan & Minuman
3295,2024-08-30,Spotify Premium,Pembayaran Langganan,Pengeluaran,24036.0,Kartu Kredit,Pembayaran Langganan
3296,2025-10-26,Pakaian baru,Belanja Bulanan,Pengeluaran,448031.0,Transfer Bank,Belanja Bulanan
3297,2025-12-21,Tiket bioskop,Hiburan,Pengeluaran,46451.0,E-Wallet,Hiburan
3298,2026-03-29,Tiket bioskop,Hiburan,Pengeluaran,39376.0,Kartu Debit,Hiburan
3299,2025-02-17,Netflix,Pembayaran Langganan,Pengeluaran,23135.0,Kartu Kredit,Pembayaran Langganan
3300,2025-08-22,Transfer teman,Transfer Teman/Keluarga,Pengeluaran,227507.0,Transfer Bank,Transfer Teman/Keluarga
3301,2024-08-29,Bonus,Gaji,Pemasukan,2906494.0,E-Wallet,Gaji
3302,2026-04-05,Iuran lingkungan,Tempat Tinggal,Pengeluaran,50943.0,Kartu Debit,Tempat Tinggal
3303,2025-11-23,Kirim uang keluarga,Transfer Teman/Keluarga,Pemasukan,283710.0,Transfer Bank,Transfer Teman/Keluarga
3304,2024-12-22,Transfer teman,Transfer Teman/Keluarga,Pemasukan,166027.0,Kartu Debit,Transfer Teman/Keluarga
3305,2025-01-19,Gaji bulanan,Gaji,Pemasukan,6225743.0,Transfer Bank,Gaji
3306,2025-02-05,Transfer teman,Transfer Teman/Keluarga,Pengeluaran,59553.0,E-Wallet,Transfer Teman/Keluarga
3307,2024-10-26,Bonus,Gaji,Pemasukan,1538678.0,Transfer Bank,Gaji
3308,2024-08-03,Pulsa prabayar,Pulsa & Internet,Pengeluaran,104167.0,Transfer Bank,Pulsa & Internet
3309,2024-11-05,Gaji bulanan,Gaji,Pemasukan,6080514.0,E-Wallet,Gaji
3310,2026-02-09,Pulsa prabayar,Pulsa & Internet,Pengeluaran,74660.0,Lainnya,Pulsa & Internet
3311,2024-10-04,Bonus,Gaji,Pemasukan,1930142.0,E-Wallet,Gaji
3312,2025-12-30,Kirim uang keluarga,Transfer Teman/Keluarga,Pengeluaran,158345.0,Kartu Debit,Transfer Teman/Keluarga
3313,2024-10-15,Bayar kos,Tempat Tinggal,Pengeluaran,968817.0,Transfer Bank,Tempat Tinggal
3314,2025-05-13,Bonus,Gaji,Pemasukan,2394675.0,E-Wallet,Gaji
3529,2026-01-26,Tiket KRL,Transportasi,Pengeluaran,16177.0,E-Wallet,Transportasi
3316,2026-03-26,Kirim uang keluarga,Transfer Teman/Keluarga,Pemasukan,68617.0,Kartu Debit,Transfer Teman/Keluarga
3317,2025-06-05,Kirim uang keluarga,Transfer Teman/Keluarga,Pengeluaran,212188.0,Kartu Debit,Transfer Teman/Keluarga
3318,2024-09-30,Kirim uang keluarga,Transfer Teman/Keluarga,Pengeluaran,52904.0,Kartu Debit,Transfer Teman/Keluarga
3319,2025-05-04,Transfer teman,Transfer Teman/Keluarga,Pengeluaran,204777.0,Kartu Debit,Transfer Teman/Keluarga
3320,2025-01-02,Kirim uang keluarga,Transfer Teman/Keluarga,Pemasukan,224703.0,E-Wallet,Transfer Teman/Keluarga
3321,2025-06-04,Langganan streaming,Hiburan,Pengeluaran,41302.0,Transfer Bank,Hiburan
3530,2025-04-01,Kirim uang keluarga,Transfer Teman/Keluarga,Pemasukan,217284.0,Transfer Bank,Transfer Teman/Keluarga
3323,2024-06-10,Cloud storage,Pembayaran Langganan,Pengeluaran,51458.0,E-Wallet,Pembayaran Langganan
3324,2024-08-04,Gaji bulanan,Gaji,Pemasukan,6017923.0,Kartu Debit,Gaji
3325,2025-10-14,Iuran lingkungan,Tempat Tinggal,Pengeluaran,50944.0,Tunai,Tempat Tinggal
3326,2025-10-09,Tiket bioskop,Hiburan,Pengeluaran,46229.0,Transfer Bank,Hiburan
3327,2024-11-01,Transfer teman,Transfer Teman/Keluarga,Pemasukan,63728.0,Kartu Debit,Transfer Teman/Keluarga
3328,2025-10-27,Service AC kos,Tempat Tinggal,Pengeluaran,50883.0,E-Wallet,Tempat Tinggal
3329,2025-09-23,Gaji bulanan,Gaji,Pemasukan,6018691.0,E-Wallet,Gaji
3330,2026-03-10,Makan malam restoran,Makanan & Minuman,Pengeluaran,612284.0,Transfer Bank,Makanan & Minuman
3331,2024-08-01,Kirim uang keluarga,Transfer Teman/Keluarga,Pemasukan,175974.5,Kartu Debit,Transfer Teman/Keluarga
3332,2025-08-17,Tiket bioskop,Hiburan,Pengeluaran,32210.0,E-Wallet,Hiburan
3333,2025-12-13,Liburan,Hiburan,Pengeluaran,305318.0,Transfer Bank,Hiburan
3334,2026-02-17,Pulsa prabayar,Pulsa & Internet,Pengeluaran,91472.0,E-Wallet,Pulsa & Internet
3335,2025-06-28,Kirim uang keluarga,Transfer Teman/Keluarga,Pemasukan,283639.0,Lainnya,Transfer Teman/Keluarga
3336,2024-09-26,Bonus,Gaji,Pemasukan,1309612.0,Kartu Debit,Gaji
3337,2026-03-04,Taksi,Transportasi,Pengeluaran,65027.0,Kartu Debit,Transportasi
3338,2025-09-05,Kirim uang keluarga,Transfer Teman/Keluarga,Pemasukan,68281.0,E-Wallet,Transfer Teman/Keluarga
3339,2024-06-05,Paket data,Pulsa & Internet,Pengeluaran,56293.0,Kartu Debit,Pulsa & Internet
3340,2024-09-13,Bonus,Gaji,Pemasukan,1744038.0,Kartu Debit,Gaji
3341,2025-03-03,Gaji bulanan,Gaji,Pemasukan,6290087.0,Transfer Bank,Gaji
3342,2026-04-24,Transfer teman,Transfer Teman/Keluarga,Pemasukan,258007.0,Transfer Bank,Transfer Teman/Keluarga
3343,2024-12-23,Kirim uang keluarga,Transfer Teman/Keluarga,Pemasukan,114503.0,Transfer Bank,Transfer Teman/Keluarga
3344,2026-01-21,Bonus,Gaji,Pemasukan,2129987.0,E-Wallet,Gaji
3345,2026-01-19,Gaji bulanan,Gaji,Pemasukan,6074515.0,Transfer Bank,Gaji
3346,2024-11-25,Gaji bulanan,Gaji,Pemasukan,6223451.0,E-Wallet,Gaji
3347,2025-02-13,Kirim uang keluarga,Transfer Teman/Keluarga,Pengeluaran,148191.0,E-Wallet,Transfer Teman/Keluarga
3348,2024-06-24,Bonus,Gaji,Pemasukan,2914659.0,Transfer Bank,Gaji
3349,2025-08-13,Service AC kos,Tempat Tinggal,Pengeluaran,50791.0,Transfer Bank,Tempat Tinggal
3350,2024-07-15,Gaji bulanan,Gaji,Pemasukan,6125456.0,Kartu Debit,Gaji
3351,2026-04-09,Ojek online,Transportasi,Pengeluaran,86087.0,Transfer Bank,Transportasi
3352,2024-09-07,Bensin,Transportasi,Pengeluaran,15519.0,Kartu Debit,Transportasi
3353,2025-11-14,Belanja dapur,Makanan & Minuman,Pengeluaran,305079.0,Kartu Kredit,Makanan & Minuman
3354,2024-06-08,Transfer teman,Transfer Teman/Keluarga,Pemasukan,210900.0,Transfer Bank,Transfer Teman/Keluarga
3355,2025-04-01,Jajan,Makanan & Minuman,Pengeluaran,13573.0,Kartu Kredit,Makanan & Minuman
3356,2024-12-27,Iuran lingkungan,Tempat Tinggal,Pengeluaran,51098.0,Transfer Bank,Tempat Tinggal
3357,2025-10-03,Transfer teman,Transfer Teman/Keluarga,Pemasukan,78222.0,Kartu Debit,Transfer Teman/Keluarga
3358,2025-07-15,Spotify Premium,Pembayaran Langganan,Pengeluaran,26767.0,E-Wallet,Pembayaran Langganan
3359,2026-03-28,Kirim uang keluarga,Transfer Teman/Keluarga,Pemasukan,53985.0,E-Wallet,Transfer Teman/Keluarga
3360,2026-04-20,Gaji bulanan,Gaji,Pemasukan,6256395.0,Kartu Debit,Gaji
3361,2025-02-05,Bonus,Gaji,Pemasukan,2120369.0,Kartu Debit,Gaji
3362,2024-09-19,Transfer teman,Transfer Teman/Keluarga,Pemasukan,188868.0,E-Wallet,Transfer Teman/Keluarga
3363,2025-11-04,Gaji bulanan,Gaji,Pemasukan,6388689.0,Transfer Bank,Gaji
3364,2025-01-27,Transfer teman,Transfer Teman/Keluarga,Pemasukan,268589.0,E-Wallet,Transfer Teman/Keluarga
3365,2024-12-02,Gaji bulanan,Gaji,Pemasukan,6284895.0,E-Wallet,Gaji
3366,2025-05-23,Netflix,Pembayaran Langganan,Pengeluaran,24781.0,E-Wallet,Pembayaran Langganan
3367,2025-05-19,Service AC kos,Tempat Tinggal,Pengeluaran,50923.0,Tunai,Tempat Tinggal
3368,2024-06-15,Tiket KRL,Transportasi,Pengeluaran,66532.0,E-Wallet,Transportasi
3369,2024-11-02,Taksi,Transportasi,Pengeluaran,30196.0,Kartu Debit,Transportasi
3370,2024-06-22,Pakaian baru,Belanja Bulanan,Pengeluaran,498662.0,Kartu Kredit,Belanja Bulanan
3371,2025-10-22,Bayar kos,Tempat Tinggal,Pengeluaran,860191.0,Transfer Bank,Tempat Tinggal
3372,2025-05-29,Kirim uang keluarga,Transfer Teman/Keluarga,Pemasukan,177464.0,Kartu Debit,Transfer Teman/Keluarga
3373,2025-08-22,Spotify Premium,Pembayaran Langganan,Pengeluaran,23519.0,Kartu Kredit,Pembayaran Langganan
3374,2026-03-15,Bensin,Transportasi,Pengeluaran,60773.0,Kartu Debit,Transportasi
3375,2024-09-06,Service AC kos,Tempat Tinggal,Pengeluaran,50428.0,E-Wallet,Tempat Tinggal
3376,2024-06-29,Cloud storage,Pembayaran Langganan,Pengeluaran,50469.0,Kartu Kredit,Pembayaran Langganan
3377,2026-04-14,Jajan,Makanan & Minuman,Pengeluaran,69351.0,Kartu Kredit,Makanan & Minuman
3378,2025-08-07,Bonus,Gaji,Pemasukan,2442512.0,Kartu Debit,Gaji
3379,2024-07-23,Gaji bulanan,Gaji,Pemasukan,6112522.0,Transfer Bank,Gaji
3380,2024-06-16,Gaji bulanan,Gaji,Pemasukan,6195455.0,E-Wallet,Gaji
3381,2025-08-17,Paket data,Pulsa & Internet,Pengeluaran,95390.0,E-Wallet,Pulsa & Internet
3382,2026-01-28,Transfer teman,Transfer Teman/Keluarga,Pemasukan,239588.0,Kartu Debit,Transfer Teman/Keluarga
3383,2026-02-26,Kirim uang keluarga,Transfer Teman/Keluarga,Pemasukan,256466.0,Transfer Bank,Transfer Teman/Keluarga
3384,2024-10-05,Transfer teman,Transfer Teman/Keluarga,Pemasukan,186027.0,E-Wallet,Transfer Teman/Keluarga
3385,2024-07-25,Kirim uang keluarga,Transfer Teman/Keluarga,Pemasukan,183739.0,Kartu Debit,Transfer Teman/Keluarga
3386,2026-05-09,Kirim uang keluarga,Transfer Teman/Keluarga,Pemasukan,145484.0,Transfer Bank,Transfer Teman/Keluarga
3387,2025-06-28,Belanja kebutuhan pokok,Belanja Bulanan,Pengeluaran,378154.0,Tunai,Belanja Bulanan
3388,2025-11-17,Transfer teman,Transfer Teman/Keluarga,Pemasukan,298602.0,Kartu Debit,Transfer Teman/Keluarga
3389,2026-03-18,Transfer teman,Transfer Teman/Keluarga,Pemasukan,216629.0,Transfer Bank,Transfer Teman/Keluarga
3390,2024-08-29,Bonus,Gaji,Pemasukan,2537499.0,E-Wallet,Gaji
3391,2024-06-21,Transfer teman,Transfer Teman/Keluarga,Pemasukan,159579.0,Kartu Debit,Transfer Teman/Keluarga
3392,2026-04-05,Bonus,Gaji,Pemasukan,2535383.0,Kartu Debit,Gaji
3393,2026-02-18,Konser,Hiburan,Pengeluaran,408403.0,Transfer Bank,Hiburan
3394,2025-03-27,Pakaian baru,Belanja Bulanan,Pengeluaran,436287.0,Transfer Bank,Belanja Bulanan
3395,2024-12-20,Paket data,Pulsa & Internet,Pengeluaran,58339.0,E-Wallet,Pulsa & Internet
3396,2025-07-08,Kirim uang keluarga,Transfer Teman/Keluarga,Pemasukan,101046.0,E-Wallet,Transfer Teman/Keluarga
3397,2025-06-05,Transfer teman,Transfer Teman/Keluarga,Pemasukan,58659.0,E-Wallet,Transfer Teman/Keluarga
3398,2025-06-30,Jajan,Makanan & Minuman,Pengeluaran,29444.0,Transfer Bank,Makanan & Minuman
3399,2025-12-09,Bonus,Gaji,Pemasukan,2158740.0,Kartu Debit,Gaji
3400,2025-05-01,Iuran lingkungan,Tempat Tinggal,Pengeluaran,50773.0,Transfer Bank,Tempat Tinggal
3401,2025-10-03,Service AC kos,Tempat Tinggal,Pengeluaran,50046.0,Kartu Debit,Tempat Tinggal
3402,2024-10-23,Pakaian baru,Belanja Bulanan,Pengeluaran,249984.0,Transfer Bank,Belanja Bulanan
3403,2025-02-08,Transfer teman,Transfer Teman/Keluarga,Pemasukan,257035.0,Transfer Bank,Transfer Teman/Keluarga
3404,2024-11-19,Pakaian baru,Belanja Bulanan,Pengeluaran,425617.0,Tunai,Belanja Bulanan
3405,2025-09-06,Transfer teman,Transfer Teman/Keluarga,Pemasukan,101236.0,Transfer Bank,Transfer Teman/Keluarga
3406,2025-03-31,Kirim uang keluarga,Transfer Teman/Keluarga,Pemasukan,92420.0,E-Wallet,Transfer Teman/Keluarga
3407,2025-06-21,Gym membership,Pembayaran Langganan,Pengeluaran,200706.0,Transfer Bank,Pembayaran Langganan
3408,2024-11-10,Gaji bulanan,Gaji,Pemasukan,6088284.0,Transfer Bank,Gaji
3409,2025-02-02,Tiket KRL,Transportasi,Pengeluaran,38073.0,Tunai,Transportasi
3410,2025-08-17,Bonus,Gaji,Pemasukan,2440706.0,E-Wallet,Gaji
3411,2025-04-24,Transfer teman,Transfer Teman/Keluarga,Pengeluaran,296231.0,Kartu Debit,Transfer Teman/Keluarga
3412,2024-08-24,Paket data,Pulsa & Internet,Pengeluaran,144722.0,Kartu Debit,Pulsa & Internet
3531,2026-03-16,Gaji bulanan,Gaji,Pemasukan,6282844.0,Kartu Debit,Gaji
3414,2026-03-06,Service AC kos,Tempat Tinggal,Pengeluaran,50738.0,Transfer Bank,Tempat Tinggal
3415,2025-07-11,Tiket KRL,Transportasi,Pengeluaran,82307.0,Tunai,Transportasi
3416,2025-04-12,Gaji bulanan,Gaji,Pemasukan,6438378.0,Kartu Debit,Gaji
3417,2025-02-05,Tiket bioskop,Hiburan,Pengeluaran,40353.0,Kartu Kredit,Hiburan
3418,2025-08-28,Gaji bulanan,Gaji,Pemasukan,6178191.0,Kartu Debit,Gaji
3419,2025-06-29,Transfer teman,Transfer Teman/Keluarga,Pemasukan,59201.0,E-Wallet,Transfer Teman/Keluarga
3532,2025-05-22,Gym membership,Pembayaran Langganan,Pengeluaran,200945.0,Kartu Kredit,Pembayaran Langganan
3421,2025-10-29,Kirim uang keluarga,Transfer Teman/Keluarga,Pemasukan,151830.0,Kartu Debit,Transfer Teman/Keluarga
3422,2025-02-16,Pulsa prabayar,Pulsa & Internet,Pengeluaran,74977.0,Kartu Debit,Pulsa & Internet
3423,2024-09-20,Bonus,Gaji,Pemasukan,2795749.0,Kartu Debit,Gaji
3424,2025-07-13,Gaji bulanan,Gaji,Pemasukan,6242486.0,E-Wallet,Gaji
3533,2025-05-14,Gaji bulanan,Gaji,Pemasukan,6059435.0,E-Wallet,Gaji
3426,2025-06-24,Tagihan internet,Pulsa & Internet,Pengeluaran,121630.0,E-Wallet,Pulsa & Internet
3427,2024-11-24,Transfer teman,Transfer Teman/Keluarga,Pemasukan,174150.0,E-Wallet,Transfer Teman/Keluarga
3428,2025-12-02,Tagihan internet,Pulsa & Internet,Pengeluaran,68887.0,Kartu Debit,Pulsa & Internet
3429,2026-05-04,Pulsa prabayar,Pulsa & Internet,Pengeluaran,91008.0,Transfer Bank,Pulsa & Internet
3430,2024-07-23,Netflix,Pembayaran Langganan,Pengeluaran,26585.0,Kartu Debit,Pembayaran Langganan
3431,2025-05-30,Kirim uang keluarga,Transfer Teman/Keluarga,Pengeluaran,229019.0,E-Wallet,Transfer Teman/Keluarga
3432,2024-06-16,Belanja dapur,Makanan & Minuman,Pengeluaran,562881.0,Tunai,Makanan & Minuman
3433,2025-07-14,Spotify Premium,Pembayaran Langganan,Pengeluaran,28406.0,E-Wallet,Pembayaran Langganan
3434,2025-03-14,Gaji bulanan,Gaji,Pemasukan,6250857.0,Kartu Debit,Gaji
3435,2024-11-23,Kirim uang keluarga,Transfer Teman/Keluarga,Pengeluaran,150332.0,Kartu Debit,Transfer Teman/Keluarga
3436,2025-01-12,Gaji bulanan,Gaji,Pemasukan,6175707.0,E-Wallet,Gaji
3437,2025-06-06,Transfer teman,Transfer Teman/Keluarga,Pemasukan,174331.0,Kartu Debit,Transfer Teman/Keluarga
3438,2025-12-02,Belanja kebutuhan pokok,Belanja Bulanan,Pengeluaran,220236.0,Transfer Bank,Belanja Bulanan
3439,2025-11-22,Kirim uang keluarga,Transfer Teman/Keluarga,Pengeluaran,57014.0,E-Wallet,Transfer Teman/Keluarga
3440,2024-11-17,Tagihan internet,Pulsa & Internet,Pengeluaran,122843.0,Kartu Debit,Pulsa & Internet
3441,2025-04-03,Iuran lingkungan,Tempat Tinggal,Pengeluaran,51463.0,Tunai,Tempat Tinggal
3442,2025-07-29,Gaji bulanan,Gaji,Pemasukan,6027867.0,Transfer Bank,Gaji
3443,2025-03-06,Bonus,Gaji,Pemasukan,2884803.0,E-Wallet,Gaji
3444,2025-03-11,Gaji bulanan,Gaji,Pemasukan,6475003.0,Kartu Debit,Gaji
3445,2024-10-12,Langganan streaming,Hiburan,Pengeluaran,38763.0,Transfer Bank,Hiburan
3446,2026-02-20,Gaji bulanan,Gaji,Pemasukan,6297077.0,Transfer Bank,Gaji
3447,2024-06-25,Belanja kebutuhan pokok,Belanja Bulanan,Pengeluaran,369083.0,Kartu Kredit,Belanja Bulanan
3448,2024-07-09,Service AC kos,Tempat Tinggal,Pengeluaran,51756.0,E-Wallet,Tempat Tinggal
3449,2025-06-06,Iuran lingkungan,Tempat Tinggal,Pengeluaran,50702.0,Transfer Bank,Tempat Tinggal
3450,2026-04-09,Kirim uang keluarga,Transfer Teman/Keluarga,Pemasukan,143565.0,E-Wallet,Transfer Teman/Keluarga
3451,2026-03-26,Transfer teman,Transfer Teman/Keluarga,Pemasukan,148242.0,Transfer Bank,Transfer Teman/Keluarga
3452,2026-01-20,Hiburan,Hiburan,Pengeluaran,34031.0,Transfer Bank,Hiburan
3453,2025-02-28,Bensin,Transportasi,Pengeluaran,85446.0,Tunai,Transportasi
3454,2025-01-30,Taksi,Transportasi,Pengeluaran,91341.0,Tunai,Transportasi
3455,2025-07-12,Konser,Hiburan,Pengeluaran,316899.0,Kartu Debit,Hiburan
3456,2024-09-15,Pulsa & Internet,Pulsa & Internet,Pengeluaran,69394.0,Kartu Debit,Pulsa & Internet
3457,2024-08-27,Taksi,Transportasi,Pengeluaran,92432.0,E-Wallet,Transportasi
3458,2024-11-06,Gaji bulanan,Gaji,Pemasukan,6144503.0,E-Wallet,Gaji
3459,2025-06-13,Taksi,Transportasi,Pengeluaran,46579.0,Transfer Bank,Transportasi
3460,2025-08-24,Jajan,Makanan & Minuman,Pengeluaran,26896.0,Kartu Kredit,Makanan & Minuman
3461,2025-11-04,Kirim uang keluarga,Transfer Teman/Keluarga,Pengeluaran,257976.0,E-Wallet,Transfer Teman/Keluarga
3462,2025-11-28,Transfer teman,Transfer Teman/Keluarga,Pemasukan,275391.0,E-Wallet,Transfer Teman/Keluarga
3463,2024-07-06,Hiburan,Hiburan,Pengeluaran,476126.0,Kartu Kredit,Hiburan
3464,2026-04-23,Transfer teman,Transfer Teman/Keluarga,Pemasukan,60545.0,E-Wallet,Transfer Teman/Keluarga
3465,2026-05-16,Gaji,Gaji,Pemasukan,2205071.0,Transfer Bank,Gaji
3466,2026-03-17,Belanja dapur,Makanan & Minuman,Pengeluaran,737213.0,Kartu Kredit,Makanan & Minuman
3467,2025-08-31,Bonus,Gaji,Pemasukan,2106909.0,E-Wallet,Gaji
3468,2024-12-13,Perlengkapan rumah,Belanja Bulanan,Pengeluaran,283679.0,Kartu Kredit,Belanja Bulanan
3469,2025-07-25,Cloud storage,Pembayaran Langganan,Pengeluaran,53601.0,Kartu Debit,Pembayaran Langganan
3470,2025-01-23,Kopi,Makanan & Minuman,Pengeluaran,46674.0,E-Wallet,Makanan & Minuman
3471,2025-12-27,Taksi,Transportasi,Pengeluaran,45743.0,Transfer Bank,Transportasi
3472,2024-08-25,Kirim uang keluarga,Transfer Teman/Keluarga,Pemasukan,63143.0,Kartu Debit,Transfer Teman/Keluarga
3473,2024-07-08,Bonus,Gaji,Pemasukan,1885978.0,Kartu Debit,Gaji
3474,2025-01-08,Ojek online,Transportasi,Pengeluaran,64163.0,Transfer Bank,Transportasi
3475,2024-11-10,Bonus,Gaji,Pemasukan,1303478.0,Kartu Debit,Gaji
3476,2024-10-03,Transfer teman,Transfer Teman/Keluarga,Pemasukan,205000.0,Transfer Bank,Transfer Teman/Keluarga
3477,2024-11-20,Kirim uang keluarga,Transfer Teman/Keluarga,Pemasukan,237772.0,Transfer Bank,Transfer Teman/Keluarga
3478,2025-06-23,Transfer teman,Transfer Teman/Keluarga,Pemasukan,255011.0,Kartu Debit,Transfer Teman/Keluarga
3479,2024-10-30,Tagihan internet,Pulsa & Internet,Pengeluaran,53053.0,Kartu Debit,Pulsa & Internet
3480,2024-12-18,Transfer teman,Transfer Teman/Keluarga,Pemasukan,121709.0,Kartu Debit,Transfer Teman/Keluarga
3481,2025-02-01,Gaji bulanan,Gaji,Pemasukan,6375015.0,Transfer Bank,Gaji
3482,2025-09-03,Langganan streaming,Hiburan,Pengeluaran,40298.0,E-Wallet,Hiburan
3483,2024-09-30,Transfer teman,Transfer Teman/Keluarga,Pemasukan,172351.0,Transfer Bank,Transfer Teman/Keluarga
3484,2025-06-20,Kirim uang keluarga,Transfer Teman/Keluarga,Pengeluaran,257322.0,Kartu Debit,Transfer Teman/Keluarga
3485,2025-07-08,Cloud storage,Pembayaran Langganan,Pengeluaran,54554.0,E-Wallet,Pembayaran Langganan
3486,2025-08-26,Gaji bulanan,Gaji,Pemasukan,6139453.0,Kartu Debit,Gaji
3487,2026-05-05,Transfer teman,Transfer Teman/Keluarga,Pengeluaran,171688.0,E-Wallet,Transfer Teman/Keluarga
3488,2025-03-09,Kirim uang keluarga,Transfer Teman/Keluarga,Pemasukan,282266.0,Kartu Debit,Transfer Teman/Keluarga
3489,2025-03-09,Netflix,Pembayaran Langganan,Pengeluaran,24077.0,E-Wallet,Pembayaran Langganan
3490,2026-04-09,Bonus,Gaji,Pemasukan,1889244.0,Transfer Bank,Gaji
3491,2025-03-09,Tagihan internet,Pulsa & Internet,Pengeluaran,79680.0,Transfer Bank,Pulsa & Internet
3492,2024-06-02,Gaji bulanan,Gaji,Pemasukan,6374041.0,E-Wallet,Gaji
3493,2025-02-28,Belanja kebutuhan pokok,Belanja Bulanan,Pengeluaran,240363.0,E-Wallet,Belanja Bulanan
3494,2026-04-02,Paket data,Pulsa & Internet,Pengeluaran,78846.0,Kartu Kredit,Pulsa & Internet
3495,2025-09-19,Beli makan siang,Makanan & Minuman,Pengeluaran,172168.0,Transfer Bank,Makanan & Minuman
3497,2025-10-29,Langganan streaming,Hiburan,Pengeluaran,36760.0,E-Wallet,Hiburan
3498,2026-04-25,Liburan,Hiburan,Pengeluaran,355379.0,Kartu Debit,Hiburan
3499,2024-09-15,Bensin,Transportasi,Pengeluaran,79640.0,Transfer Bank,Transportasi
3500,2025-10-29,Bonus,Gaji,Pemasukan,1557692.0,Kartu Debit,Gaji
3279,2024-10-30,Bonus,Gaji,Pemasukan,2958038.0,E-Wallet,Gaji
649,2025-06-18,Gaji bulanan,Gaji,Pemasukan,6028124.0,Transfer Bank,Gaji
261,2025-08-28,Bensin,Transportasi,Pengeluaran,69134.0,Tunai,Transportasi
1620,2025-12-18,Bayar kos,Tempat Tinggal,Pengeluaran,925088.0,Kartu Debit,Tempat Tinggal
2979,2025-03-08,Beli makan siang,Makanan & Minuman,Pengeluaran,17036.0,Transfer Bank,Makanan & Minuman
2087,2024-05-31,Bonus,Gaji,Pemasukan,2805765.0,Transfer Bank,Gaji
1536,2025-03-12,Bonus,Gaji,Pemasukan,2595899.0,Transfer Bank,Gaji
3489,2025-03-09,Netflix,Pembayaran Langganan,Pengeluaran,24077.0,E-Wallet,Pembayaran Langganan
2742,2025-04-07,Kirim uang keluarga,Transfer Teman/Keluarga,Pemasukan,154401.0,E-Wallet,Transfer Teman/Keluarga
2602,2025-12-20,Gaji bulanan,Gaji,Pemasukan,6034774.0,Transfer Bank,Gaji
