transaction_id,transaction_date,description,category,transaction_type,amount,payment_method,expected_category
1,2024-05-27,Pendapatan marketplace,Penjualan,Pemasukan,676749.0,QRIS,Penjualan
2,2024-05-15,Pendapatan proyek,Penjualan,Pemasukan,22241448.0,Tunai,Penjualan
3,2024-05-01,Investasi investor,Modal & Investasi,Pemasukan,85947193.0,Transfer Bank,Modal & Investasi
3001,2024-05-05,Penjualan produk,Penjualan,Pemasukan,1278397.0,Tunai,Penjualan
5,2024-05-06,Pendapatan proyek,Penjualan,Pemasukan,10420797.0,Lainnya,Penjualan
6,2024-05-10,PPh,Pajak & Perizinan,Pengeluaran,5171400.0,Transfer Bank,Pajak & Perizinan
7,2024-05-13,Pembelian printer,Peralatan & Aset,Pengeluaran,10661767.0,Transfer Bank,Peralatan & Aset
8,2024-05-22,Pembelian laptop,Peralatan & Aset,Pengeluaran,39964259.0,Transfer Bank,Peralatan & Aset
9,2024-05-07,Tools desain,Software & Langganan,Pengeluaran,222292.0,Transfer Bank,Software & Langganan
10,2024-05-06,Ongkos kirim,Transportasi & Logistik,Pengeluaran,255764.0,E-Wallet,Transportasi & Logistik
11,2024-05-05,Gaji karyawan,Gaji & Karyawan,Pengeluaran,8516065.0,Transfer Bank,Gaji & Karyawan
12,2024-05-03,Koreksi transaksi,Lain-lain,Pengeluaran,62110.0,Tunai,Lain-lain
13,2024-05-06,Event marketing,Marketing & Promosi,Pengeluaran,3982213.0,E-Wallet,Marketing & Promosi
14,2024-05-24,Kurir,Transportasi & Logistik,Pengeluaran,1417938.0,Tunai,Transportasi & Logistik
15,2024-05-22,Pembayaran utang supplier,Utang & Cicilan,Pengeluaran,12065811.0,Transfer Bank,Utang & Cicilan
16,2024-05-23,Donasi perusahaan,Lain-lain,Pengeluaran,3985229.0,Transfer Bank,Lain-lain
17,2024-05-12,Pembelian laptop,Peralatan & Aset,Pengeluaran,29279836.0,Transfer Bank,Peralatan & Aset
18,2024-06-25,Pendapatan proyek,Penjualan,Pemasukan,13108511.0,Transfer Bank,Penjualan
19,2024-06-15,Tambahan modal operasional,Modal & Investasi,Pemasukan,11522448.0,Transfer Bank,Modal & Investasi
20,2024-06-10,DP dari pelanggan,Piutang,Pemasukan,9407450.0,QRIS,Piutang
21,2024-06-21,Biaya ekspedisi,Transportasi & Logistik,Pengeluaran,2820998.0,Kartu Debit,Transportasi & Logistik
22,2024-06-25,Biaya MDR kartu,Biaya Bank,Pengeluaran,358482.0,Transfer Bank,Biaya Bank
23,2024-06-22,Administrasi legal,Pajak & Perizinan,Pengeluaran,11694001.0,Transfer Bank,Pajak & Perizinan
24,2024-06-21,Biaya ekspedisi,Transportasi & Logistik,Pengeluaran,1473809.0,E-Wallet,Transportasi & Logistik
25,2024-06-26,Cloud storage bisnis,Software & Langganan,Pengeluaran,915875.0,Kartu Kredit,Software & Langganan
26,2024-06-28,Uang lembur,Gaji & Karyawan,Pengeluaran,662062.0,Transfer Bank,Gaji & Karyawan
27,2024-06-17,Listrik kantor,Operasional Kantor,Pengeluaran,801331.0,Kartu Kredit,Operasional Kantor
28,2024-06-12,Pembelian perlengkapan produksi,Pembelian Stok,Pengeluaran,8675747.0,Tunai,Pembelian Stok
29,2024-07-29,Pinjaman usaha,Modal & Investasi,Pemasukan,83707814.0,Transfer Bank,Modal & Investasi
30,2024-07-23,Pembayaran piutang pelanggan,Piutang,Pemasukan,18817183.0,Transfer Bank,Piutang
31,2024-07-15,Penjualan produk,Penjualan,Pemasukan,1119693.0,QRIS,Penjualan
32,2024-07-10,Pembayaran piutang pelanggan,Piutang,Pemasukan,7343586.0,QRIS,Piutang
33,2024-07-17,Cicilan pelanggan,Piutang,Pemasukan,581126.0,QRIS,Piutang
34,2024-07-07,Pinjaman usaha,Modal & Investasi,Pemasukan,12526312.0,Transfer Bank,Modal & Investasi
35,2024-07-06,DP dari pelanggan,Piutang,Pemasukan,10997671.0,Payment Gateway,Piutang
36,2024-07-02,Domain website,Software & Langganan,Pengeluaran,1827425.0,Kartu Debit,Software & Langganan
37,2024-07-26,Restock produk,Pembelian Stok,Pengeluaran,12525065.0,Tunai,Pembelian Stok
38,2024-07-25,Pelunasan kredit usaha,Utang & Cicilan,Pengeluaran,46078348.0,Transfer Bank,Utang & Cicilan
39,2024-07-13,ATK,Operasional Kantor,Pengeluaran,288238.0,Tunai,Operasional Kantor
40,2024-07-07,Event marketing,Marketing & Promosi,Pengeluaran,15220661.0,Kartu Kredit,Marketing & Promosi
41,2024-07-20,Pajak & Perizinan,Pajak & Perizinan,Pengeluaran,1590649.0,Transfer Bank,Pajak & Perizinan
42,2024-07-03,Cicilan pinjaman usaha,Utang & Cicilan,Pengeluaran,17293919.0,Transfer Bank,Utang & Cicilan
43,2024-07-14,Bayar pajak usaha,Pajak & Perizinan,Pengeluaran,26365043.0,Transfer Bank,Pajak & Perizinan
44,2024-08-24,Pembayaran piutang pelanggan,Piutang,Pemasukan,24972259.0,Payment Gateway,Piutang
45,2024-08-21,Pinjaman usaha,Modal & Investasi,Pemasukan,16851593.0,Transfer Bank,Modal & Investasi
46,2024-08-29,Pelunasan invoice,Piutang,Pemasukan,14280445.0,Payment Gateway,Piutang
47,2024-08-13,Pembayaran piutang pelanggan,Piutang,Pemasukan,6408740.0,Transfer Bank,Piutang
48,2024-08-22,Investasi investor,Modal & Investasi,Pemasukan,101290041.0,Transfer Bank,Modal & Investasi
49,2024-08-14,Cicilan pelanggan,Piutang,Pemasukan,1888812.0,QRIS,Piutang
50,2024-08-13,Setoran modal pemilik,Modal & Investasi,Pemasukan,49450843.0,Transfer Bank,Modal & Investasi
51,2024-08-18,Investasi investor,Modal & Investasi,Pemasukan,228520090.0,Transfer Bank,Modal & Investasi
52,2024-08-01,Pinjaman usaha,Modal & Investasi,Pemasukan,23936129.0,Transfer Bank,Modal & Investasi
53,2024-08-20,Biaya endorsement,Marketing & Promosi,Pengeluaran,19187001.0,Kartu Kredit,Marketing & Promosi
54,2024-08-23,Pembelian bahan baku,Pembelian Stok,Pengeluaran,18207611.0,Kartu Kredit,Pembelian Stok
55,2024-08-24,Restock produk,Pembelian Stok,Pengeluaran,4692371.0,E-Wallet,Pembelian Stok
56,2024-08-05,Biaya izin usaha,Pajak & Perizinan,Pengeluaran,3401789.0,Transfer Bank,Pajak & Perizinan
57,2024-08-15,Refund pelanggan,Lain-lain,Pengeluaran,2099910.0,Tunai,Lain-lain
58,2024-08-27,Bensin operasional,Transportasi & Logistik,Pengeluaran,495317.0,E-Wallet,Transportasi & Logistik
59,2024-08-05,Listrik kantor,Operasional Kantor,Pengeluaran,692258.0,Transfer Bank,Operasional Kantor
60,2024-08-01,Pembelian mesin produksi,Peralatan & Aset,Pengeluaran,46983014.0,Transfer Bank,Peralatan & Aset
61,2024-08-18,Biaya tarik tunai,Biaya Bank,Pengeluaran,39370.0,Payment Gateway,Biaya Bank
62,2024-08-14,Langganan software akuntansi,Software & Langganan,Pengeluaran,1489539.0,Kartu Debit,Software & Langganan
63,2024-08-18,Restock produk,Pembelian Stok,Pengeluaran,9388339.0,Kartu Debit,Pembelian Stok
64,2024-08-21,Selisih kas,Lain-lain,Pengeluaran,226112.0,Tunai,Lain-lain
65,2024-08-06,Cicilan pinjaman usaha,Utang & Cicilan,Pengeluaran,11980296.0,Transfer Bank,Utang & Cicilan
66,2024-08-21,Pembelian printer,Peralatan & Aset,Pengeluaran,6105580.0,Transfer Bank,Peralatan & Aset
67,2024-08-24,Biaya admin bank,Biaya Bank,Pengeluaran,49268.0,E-Wallet,Biaya Bank
68,2024-08-03,Bunga pinjaman,Utang & Cicilan,Pengeluaran,2916241.0,Transfer Bank,Utang & Cicilan
69,2024-08-19,Pembelian barang dagang,Pembelian Stok,Pengeluaran,3687870.0,Kartu Kredit,Pembelian Stok
70,2024-08-26,Reimbursement karyawan,Gaji & Karyawan,Pengeluaran,384172.0,Transfer Bank,Gaji & Karyawan
71,2024-08-15,Biaya MDR kartu,Biaya Bank,Pengeluaran,29030.0,Kartu Debit,Biaya Bank
72,2024-08-16,Restock produk,Pembelian Stok,Pengeluaran,24495735.0,Kartu Kredit,Pembelian Stok
73,2024-08-13,Sewa kendaraan,Transportasi & Logistik,Pengeluaran,2691918.0,Tunai,Transportasi & Logistik
74,2024-08-15,Kebersihan kantor,Operasional Kantor,Pengeluaran,239099.0,Kartu Kredit,Operasional Kantor
75,2024-08-11,Pembelian laptop,Peralatan & Aset,Pengeluaran,5849610.0,Kartu Kredit,Peralatan & Aset
76,2024-08-28,Pembelian mesin produksi,Peralatan & Aset,Pengeluaran,34261895.0,Kartu Debit,Peralatan & Aset
77,2024-08-10,Administrasi legal,Pajak & Perizinan,Pengeluaran,8949508.0,Transfer Bank,Pajak & Perizinan
78,2024-08-27,Pembelian bahan baku,Pembelian Stok,Pengeluaran,18877681.0,Tunai,Pembelian Stok
79,2024-08-17,Donasi perusahaan,Lain-lain,Pengeluaran,8923891.0,E-Wallet,Lain-lain
80,2024-08-22,Administrasi legal,Pajak & Perizinan,Pengeluaran,7044052.0,Transfer Bank,Pajak & Perizinan
81,2024-08-14,Biaya izin usaha,Pajak & Perizinan,Pengeluaran,4776107.0,Transfer Bank,Pajak & Perizinan
82,2024-08-04,Bunga pinjaman,Utang & Cicilan,Pengeluaran,4854957.0,Transfer Bank,Utang & Cicilan
83,2024-08-23,Perawatan aset,Peralatan & Aset,Pengeluaran,4947563.0,Kartu Debit,Peralatan & Aset
84,2024-08-24,Pembelian barang dagang,Pembelian Stok,Pengeluaran,19604938.0,Kartu Debit,Pembelian Stok
86,2024-08-15,Cloud storage bisnis,Software & Langganan,Pengeluaran,1303191.0,Kartu Debit,Software & Langganan
87,2024-08-29,Iklan online,Marketing & Promosi,Pengeluaran,7658414.0,Kartu Debit,Marketing & Promosi
88,2024-08-18,Sewa kantor,Operasional Kantor,Pengeluaran,12156045.0,Kartu Debit,Operasional Kantor
89,2024-08-17,Bensin operasional,Transportasi & Logistik,Pengeluaran,158794.0,E-Wallet,Transportasi & Logistik
90,2024-08-20,Domain website,Software & Langganan,Pengeluaran,1195665.0,Transfer Bank,Software & Langganan
91,2024-08-16,Pelunasan kredit usaha,Utang & Cicilan,Pengeluaran,24230387.0,Transfer Bank,Utang & Cicilan
92,2024-08-01,Pelunasan kredit usaha,Utang & Cicilan,Pengeluaran,17957534.0,Transfer Bank,Utang & Cicilan
93,2024-08-16,Kebersihan kantor,Operasional Kantor,Pengeluaran,309809.0,Transfer Bank,Operasional Kantor
94,2024-08-13,Uang lembur,Gaji & Karyawan,Pengeluaran,652385.0,Transfer Bank,Gaji & Karyawan
95,2024-08-28,Sewa kendaraan,Transportasi & Logistik,Pengeluaran,1453187.0,Tunai,Transportasi & Logistik
96,2024-08-27,Biaya MDR kartu,Biaya Bank,Pengeluaran,333647.0,QRIS,Biaya Bank
97,2024-08-22,Perawatan aset,Peralatan & Aset,Pengeluaran,3971701.0,Kartu Kredit,Peralatan & Aset
98,2024-08-22,Restock produk,Pembelian Stok,Pengeluaran,28995365.0,E-Wallet,Pembelian Stok
99,2024-09-18,Tambahan modal operasional,Modal & Investasi,Pemasukan,12992206.0,Transfer Bank,Modal & Investasi
100,2024-09-01,Investasi investor,Modal & Investasi,Pemasukan,68710369.0,Transfer Bank,Modal & Investasi
101,2024-09-02,Pelunasan invoice,Piutang,Pemasukan,25903994.0,Transfer Bank,Piutang
102,2024-09-04,Setoran modal pemilik,Modal & Investasi,Pemasukan,46680530.0,Transfer Bank,Modal & Investasi
103,2024-09-22,Investasi investor,Modal & Investasi,Pemasukan,62932860.0,Transfer Bank,Modal & Investasi
104,2024-09-19,Pendapatan proyek,Penjualan,Pemasukan,4614313.0,Kartu Debit,Penjualan
105,2024-09-05,Pendapatan grosir,Penjualan,Pemasukan,23397927.0,QRIS,Penjualan
106,2024-09-06,Pembayaran piutang pelanggan,Piutang,Pemasukan,3261961.0,QRIS,Piutang
107,2024-09-17,Pendapatan proyek,Penjualan,Pemasukan,18285919.0,E-Wallet,Penjualan
108,2024-09-11,Penjualan produk,Penjualan,Pemasukan,2215080.0,Tunai,Penjualan
109,2024-09-26,Pembayaran utang supplier,Utang & Cicilan,Pengeluaran,31065960.0,Transfer Bank,Utang & Cicilan
110,2024-09-17,Biaya endorsement,Marketing & Promosi,Pengeluaran,15098314.0,Transfer Bank,Marketing & Promosi
111,2024-09-09,Diskon promosi,Marketing & Promosi,Pengeluaran,3185588.5,Transfer Bank,Marketing & Promosi
112,2024-09-11,Pembelian furniture kantor,Peralatan & Aset,Pengeluaran,13909115.0,Transfer Bank,Peralatan & Aset
113,2024-09-15,Cloud storage bisnis,Software & Langganan,Pengeluaran,1801795.0,Transfer Bank,Software & Langganan
114,2024-09-05,Pembelian laptop,Peralatan & Aset,Pengeluaran,20067357.0,Transfer Bank,Peralatan & Aset
115,2024-09-11,Sewa kendaraan,Transportasi & Logistik,Pengeluaran,2297766.0,Kartu Debit,Transportasi & Logistik
116,2024-09-19,Pelunasan kredit usaha,Utang & Cicilan,Pengeluaran,31756983.0,Transfer Bank,Utang & Cicilan
117,2024-09-15,Biaya MDR kartu,Biaya Bank,Pengeluaran,562151.0,E-Wallet,Biaya Bank
118,2024-09-18,Selisih kas,Lain-lain,Pengeluaran,324509.0,Transfer Bank,Lain-lain
119,2024-09-23,BPJS Karyawan,Gaji & Karyawan,Pengeluaran,1197107.0,Transfer Bank,Gaji & Karyawan
120,2024-09-01,Perawatan aset,Peralatan & Aset,Pengeluaran,2581302.0,Transfer Bank,Peralatan & Aset
121,2024-09-01,THR,Gaji & Karyawan,Pengeluaran,2077812.0,Transfer Bank,Gaji & Karyawan
122,2024-09-17,Iklan online,Marketing & Promosi,Pengeluaran,19048948.0,Transfer Bank,Marketing & Promosi
123,2024-09-16,Kurir,Transportasi & Logistik,Pengeluaran,1775182.0,Tunai,Transportasi & Logistik
124,2024-09-15,Bunga pinjaman,Utang & Cicilan,Pengeluaran,2063293.0,Transfer Bank,Utang & Cicilan
125,2024-09-06,Cloud storage bisnis,Software & Langganan,Pengeluaran,582060.0,E-Wallet,Software & Langganan
126,2024-09-27,Cicilan pinjaman usaha,Utang & Cicilan,Pengeluaran,17384389.0,Transfer Bank,Utang & Cicilan
127,2024-09-05,Donasi perusahaan,Lain-lain,Pengeluaran,1649125.0,Transfer Bank,Lain-lain
128,2024-09-10,PPh,Pajak & Perizinan,Pengeluaran,9624700.0,Transfer Bank,Pajak & Perizinan
129,2024-09-18,Donasi perusahaan,Lain-lain,Pengeluaran,1988448.0,Transfer Bank,Lain-lain
130,2024-09-08,Pembelian mesin produksi,Peralatan & Aset,Pengeluaran,8560130.0,Kartu Kredit,Peralatan & Aset
131,2024-09-25,Gaji karyawan,Gaji & Karyawan,Pengeluaran,4976870.0,Transfer Bank,Gaji & Karyawan
132,2024-09-17,Cicilan pinjaman usaha,Utang & Cicilan,Pengeluaran,1931952.0,Transfer Bank,Utang & Cicilan
133,2024-09-07,Biaya tarik tunai,Biaya Bank,Pengeluaran,26541.0,Kartu Debit,Biaya Bank
134,2024-09-15,Pelunasan kredit usaha,Utang & Cicilan,Pengeluaran,21724193.0,Transfer Bank,Utang & Cicilan
135,2024-10-15,Investasi investor,Modal & Investasi,Pemasukan,162741202.0,Transfer Bank,Modal & Investasi
136,2024-10-18,Pinjaman usaha,Modal & Investasi,Pemasukan,25817255.0,Transfer Bank,Modal & Investasi
137,2024-10-24,Penjualan jasa,Penjualan,Pemasukan,15856979.0,Kartu Debit,Penjualan
138,2024-10-16,Pinjaman usaha,Modal & Investasi,Pemasukan,25875924.0,Transfer Bank,Modal & Investasi
139,2024-10-13,Investasi investor,Modal & Investasi,Pemasukan,233030487.0,Transfer Bank,Modal & Investasi
140,2024-10-21,Investasi investor,Modal & Investasi,Pemasukan,136516640.0,Transfer Bank,Modal & Investasi
141,2024-10-01,DP dari pelanggan,Piutang,Pemasukan,1214992.0,Payment Gateway,Piutang
142,2024-10-23,Pinjaman usaha,Modal & Investasi,Pemasukan,99894449.0,Transfer Bank,Modal & Investasi
143,2024-10-18,DP dari pelanggan,Piutang,Pemasukan,7727644.0,QRIS,Piutang
144,2024-10-23,Diskon promosi,Marketing & Promosi,Pengeluaran,1844609.0,Kartu Kredit,Marketing & Promosi
145,2024-10-13,Biaya izin usaha,Pajak & Perizinan,Pengeluaran,13386764.0,Transfer Bank,Pajak & Perizinan
146,2024-10-24,ATK,Operasional Kantor,Pengeluaran,544804.0,Kartu Debit,Operasional Kantor
147,2024-10-14,Tools desain,Software & Langganan,Pengeluaran,1893315.0,E-Wallet,Software & Langganan
148,2024-10-29,Event marketing,Marketing & Promosi,Pengeluaran,12273227.0,Transfer Bank,Marketing & Promosi
149,2024-10-30,THR,Gaji & Karyawan,Pengeluaran,4544488.0,Transfer Bank,Gaji & Karyawan
150,2024-10-27,Hosting website,Software & Langganan,Pengeluaran,202144.0,Kartu Debit,Software & Langganan
151,2024-10-11,Langganan software akuntansi,Software & Langganan,Pengeluaran,243158.0,Kartu Kredit,Software & Langganan
152,2024-10-21,Pembayaran utang supplier,Utang & Cicilan,Pengeluaran,7656559.0,Transfer Bank,Utang & Cicilan
153,2024-10-14,Pelunasan kredit usaha,Utang & Cicilan,Pengeluaran,39693522.0,Transfer Bank,Utang & Cicilan
154,2024-10-20,Reimbursement karyawan,Gaji & Karyawan,Pengeluaran,323617.0,Transfer Bank,Gaji & Karyawan
155,2024-10-28,Cicilan pinjaman usaha,Utang & Cicilan,Pengeluaran,4834243.0,Transfer Bank,Utang & Cicilan
156,2024-10-07,Pembelian barang dagang,Pembelian Stok,Pengeluaran,15677266.0,Transfer Bank,Pembelian Stok
157,2024-10-30,Iklan online,Marketing & Promosi,Pengeluaran,6924582.0,Kartu Kredit,Marketing & Promosi
158,2024-10-30,Pembelian furniture kantor,Peralatan & Aset,Pengeluaran,3765201.0,Kartu Debit,Peralatan & Aset
159,2024-10-03,Pembelian mesin produksi,Peralatan & Aset,Pengeluaran,36445035.0,Kartu Kredit,Peralatan & Aset
160,2024-10-23,Tools desain,Software & Langganan,Pengeluaran,2005620.0,Lainnya,Software & Langganan
161,2024-10-10,Listrik kantor,Operasional Kantor,Pengeluaran,110501.0,Lainnya,Operasional Kantor
162,2024-10-10,Domain website,Software & Langganan,Pengeluaran,1296419.0,Transfer Bank,Software & Langganan
163,2024-10-16,Pelunasan kredit usaha,Utang & Cicilan,Pengeluaran,24230387.0,Transfer Bank,Utang & Cicilan
164,2024-10-24,Pembelian perlengkapan produksi,Pembelian Stok,Pengeluaran,2197116.0,Transfer Bank,Pembelian Stok
165,2024-10-07,Bensin operasional,Transportasi & Logistik,Pengeluaran,169362.0,Transfer Bank,Transportasi & Logistik
166,2024-10-19,Domain website,Software & Langganan,Pengeluaran,2066515.0,Kartu Debit,Software & Langganan
168,2024-10-30,BPJS Karyawan,Gaji & Karyawan,Pengeluaran,598297.0,Transfer Bank,Gaji & Karyawan
169,2024-10-10,Hosting website,Software & Langganan,Pengeluaran,402189.0,Kartu Debit,Software & Langganan
170,2024-10-24,Biaya transfer,Biaya Bank,Pengeluaran,30160.0,Transfer Bank,Biaya Bank
171,2024-10-06,Pelunasan kredit usaha,Utang & Cicilan,Pengeluaran,48817876.0,Transfer Bank,Utang & Cicilan
172,2024-10-20,Hosting website,Software & Langganan,Pengeluaran,1452228.0,Kartu Kredit,Software & Langganan
173,2024-10-10,Bensin operasional,Transportasi & Logistik,Pengeluaran,124170.0,E-Wallet,Transportasi & Logistik
174,2024-10-03,Diskon promosi,Marketing & Promosi,Pengeluaran,4599475.0,E-Wallet,Marketing & Promosi
175,2024-10-02,Biaya MDR kartu,Biaya Bank,Pengeluaran,466730.0,Payment Gateway,Biaya Bank
176,2024-10-09,Biaya transfer,Biaya Bank,Pengeluaran,26502.0,Transfer Bank,Biaya Bank
177,2024-10-24,Diskon promosi,Marketing & Promosi,Pengeluaran,4146383.0,E-Wallet,Marketing & Promosi
178,2024-10-30,Biaya admin bank,Biaya Bank,Pengeluaran,10485.0,E-Wallet,Biaya Bank
179,2024-10-25,PPN,Pajak & Perizinan,Pengeluaran,41936382.0,Transfer Bank,Pajak & Perizinan
180,2024-10-30,Pembelian mesin produksi,Peralatan & Aset,Pengeluaran,23192969.0,Transfer Bank,Peralatan & Aset
181,2024-10-24,Pembelian furniture kantor,Peralatan & Aset,Pengeluaran,8060893.0,Transfer Bank,Peralatan & Aset
182,2024-10-13,Biaya admin bank,Biaya Bank,Pengeluaran,31239.0,Transfer Bank,Biaya Bank
183,2024-10-07,Selisih kas,Lain-lain,Pengeluaran,172883.0,Transfer Bank,Lain-lain
184,2024-10-12,Kurir,Transportasi & Logistik,Pengeluaran,1651034.0,Transfer Bank,Transportasi & Logistik
185,2024-10-22,Uang lembur,Gaji & Karyawan,Pengeluaran,1174696.0,Transfer Bank,Gaji & Karyawan
186,2024-10-07,Cetak brosur,Marketing & Promosi,Pengeluaran,2908980.0,Kartu Kredit,Marketing & Promosi
187,2024-10-01,Bunga pinjaman,Utang & Cicilan,Pengeluaran,3666553.0,Transfer Bank,Utang & Cicilan
188,2024-10-04,Biaya admin bank,Biaya Bank,Pengeluaran,18520.0,Transfer Bank,Biaya Bank
189,2024-10-02,Listrik kantor,Operasional Kantor,Pengeluaran,949531.0,Kartu Debit,Operasional Kantor
190,2024-10-07,Biaya MDR kartu,Biaya Bank,Pengeluaran,672292.0,QRIS,Biaya Bank
191,2024-10-15,Selisih kas,Lain-lain,Pengeluaran,250601.0,E-Wallet,Lain-lain
192,2024-10-19,Kurir,Transportasi & Logistik,Pengeluaran,1594504.0,E-Wallet,Transportasi & Logistik
193,2024-10-03,Reimbursement karyawan,Gaji & Karyawan,Pengeluaran,1828311.0,Transfer Bank,Gaji & Karyawan
194,2024-10-11,Pembelian furniture kantor,Peralatan & Aset,Pengeluaran,4300635.0,Kartu Kredit,Peralatan & Aset
195,2024-10-19,Event marketing,Marketing & Promosi,Pengeluaran,4777552.0,Kartu Kredit,Marketing & Promosi
196,2024-10-17,Bonus karyawan,Gaji & Karyawan,Pengeluaran,4651164.0,Transfer Bank,Gaji & Karyawan
197,2024-10-15,Langganan software akuntansi,Software & Langganan,Pengeluaran,2412909.0,Kartu Kredit,Software & Langganan
198,2024-10-08,Pembelian printer,Peralatan & Aset,Pengeluaran,8495955.0,Kartu Debit,Peralatan & Aset
199,2024-10-13,Kebersihan kantor,Operasional Kantor,Pengeluaran,378880.0,Kartu Kredit,Operasional Kantor
201,2024-10-27,Event marketing,Marketing & Promosi,Pengeluaran,14903209.0,E-Wallet,Marketing & Promosi
202,2024-10-27,Parkir operasional,Transportasi & Logistik,Pengeluaran,167809.0,Kartu Debit,Transportasi & Logistik
203,2024-10-25,Restock produk,Pembelian Stok,Pengeluaran,15684142.0,Kartu Debit,Pembelian Stok
204,2024-10-03,ATK,Operasional Kantor,Pengeluaran,809456.0,Transfer Bank,Operasional Kantor
205,2024-10-16,Biaya tak terduga,Lain-lain,Pengeluaran,4896239.0,Tunai,Lain-lain
206,2024-10-04,Biaya transfer,Biaya Bank,Pengeluaran,15865.0,Kartu Debit,Biaya Bank
207,2024-10-28,Perawatan aset,Peralatan & Aset,Pengeluaran,2877940.0,Transfer Bank,Peralatan & Aset
208,2024-10-03,Biaya admin bank,Biaya Bank,Pengeluaran,5623.0,Payment Gateway,Biaya Bank
209,2024-10-18,Listrik kantor,Operasional Kantor,Pengeluaran,703789.0,Tunai,Operasional Kantor
210,2024-10-26,Pembelian furniture kantor,Peralatan & Aset,Pengeluaran,10206641.0,Kartu Debit,Peralatan & Aset
211,2024-10-25,Sewa kantor,Operasional Kantor,Pengeluaran,4833793.0,Kartu Debit,Operasional Kantor
212,2024-10-09,PPh,Pajak & Perizinan,Pengeluaran,18781452.0,Transfer Bank,Pajak & Perizinan
213,2024-10-14,Gaji karyawan,Gaji & Karyawan,Pengeluaran,10125946.5,Transfer Bank,Gaji & Karyawan
214,2024-10-15,Biaya ekspedisi,Transportasi & Logistik,Pengeluaran,2808760.0,Transfer Bank,Transportasi & Logistik
215,2024-10-21,Air kantor,Operasional Kantor,Pengeluaran,1454178.0,Tunai,Operasional Kantor
216,2024-10-23,Selisih kas,Lain-lain,Pengeluaran,413158.0,Transfer Bank,Lain-lain
217,2024-10-23,Cicilan pinjaman usaha,Utang & Cicilan,Pengeluaran,10217712.0,Transfer Bank,Utang & Cicilan
218,2024-10-29,Pembelian printer,Peralatan & Aset,Pengeluaran,14136848.0,Kartu Kredit,Peralatan & Aset
219,2024-10-10,Perawatan aset,Peralatan & Aset,Pengeluaran,3388799.0,Kartu Debit,Peralatan & Aset
220,2024-10-13,Kebersihan kantor,Operasional Kantor,Pengeluaran,306970.0,Tunai,Operasional Kantor
221,2024-10-27,Bunga pinjaman,Utang & Cicilan,Pengeluaran,4513887.0,Transfer Bank,Utang & Cicilan
222,2024-10-07,ATK,Operasional Kantor,Pengeluaran,708964.0,Tunai,Operasional Kantor
223,2024-10-22,Pembelian furniture kantor,Peralatan & Aset,Pengeluaran,8153893.0,Kartu Kredit,Peralatan & Aset
224,2024-10-09,Biaya endorsement,Marketing & Promosi,Pengeluaran,5773925.0,Kartu Debit,Marketing & Promosi
225,2024-10-03,Kurir,Transportasi & Logistik,Pengeluaran,949059.0,Kartu Debit,Transportasi & Logistik
226,2024-10-14,Bonus karyawan,Gaji & Karyawan,Pengeluaran,5406622.0,Transfer Bank,Gaji & Karyawan
227,2024-10-15,Langganan software akuntansi,Software & Langganan,Pengeluaran,2143566.0,E-Wallet,Software & Langganan
228,2024-10-13,Cetak brosur,Marketing & Promosi,Pengeluaran,1853641.0,Kartu Debit,Marketing & Promosi
229,2024-10-13,Koreksi transaksi,Lain-lain,Pengeluaran,277865.0,E-Wallet,Lain-lain
230,2024-10-30,Biaya tak terduga,Lain-lain,Pengeluaran,8094699.0,E-Wallet,Lain-lain
231,2024-10-03,Refund pelanggan,Lain-lain,Pengeluaran,4035954.0,E-Wallet,Lain-lain
232,2024-10-05,Cetak brosur,Marketing & Promosi,Pengeluaran,4561895.0,Transfer Bank,Marketing & Promosi
233,2024-10-11,Biaya endorsement,Marketing & Promosi,Pengeluaran,10393102.0,E-Wallet,Marketing & Promosi
234,2024-10-23,Pelunasan kredit usaha,Utang & Cicilan,Pengeluaran,46707483.0,Transfer Bank,Utang & Cicilan
235,2024-11-24,Pendapatan marketplace,Penjualan,Pemasukan,4208441.0,Tunai,Penjualan
236,2024-11-22,Pendapatan proyek,Penjualan,Pemasukan,18476748.0,Payment Gateway,Penjualan
237,2024-11-20,Penjualan jasa,Penjualan,Pemasukan,3595377.0,Tunai,Penjualan
238,2024-11-11,Tambahan modal operasional,Modal & Investasi,Pemasukan,13045200.0,Transfer Bank,Modal & Investasi
239,2024-11-11,Setoran modal pemilik,Modal & Investasi,Pemasukan,32100000.0,Transfer Bank,Modal & Investasi
240,2024-11-26,Cicilan pelanggan,Piutang,Pemasukan,393858.0,Transfer Bank,Piutang
241,2024-11-25,Pendapatan proyek,Penjualan,Pemasukan,12165333.0,QRIS,Penjualan
242,2024-11-13,DP dari pelanggan,Piutang,Pemasukan,1475618.0,QRIS,Piutang
243,2024-11-22,Pembelian printer,Peralatan & Aset,Pengeluaran,4215919.0,Kartu Debit,Peralatan & Aset
244,2024-11-20,Hosting website,Software & Langganan,Pengeluaran,661136.0,Kartu Kredit,Software & Langganan
245,2024-11-02,Biaya payment gateway,Biaya Bank,Pengeluaran,924373.0,Payment Gateway,Biaya Bank
246,2024-11-18,Biaya endorsement,Marketing & Promosi,Pengeluaran,12462120.0,Transfer Bank,Marketing & Promosi
247,2024-11-08,Pembelian barang dagang,Pembelian Stok,Pengeluaran,13954489.0,Tunai,Pembelian Stok
248,2024-11-29,Listrik kantor,Operasional Kantor,Pengeluaran,1193500.0,Tunai,Operasional Kantor
249,2024-11-13,Ongkos kirim,Transportasi & Logistik,Pengeluaran,967254.0,Tunai,Transportasi & Logistik
250,2024-11-06,Biaya endorsement,Marketing & Promosi,Pengeluaran,18040982.0,Transfer Bank,Marketing & Promosi
251,2024-11-25,Pembelian bahan baku,Pembelian Stok,Pengeluaran,14885369.0,E-Wallet,Pembelian Stok
252,2024-11-14,Refund pelanggan,Lain-lain,Pengeluaran,1831110.0,Tunai,Lain-lain
253,2024-12-18,Pelunasan invoice,Piutang,Pemasukan,2120354.0,QRIS,Piutang
254,2024-12-29,Investasi investor,Modal & Investasi,Pemasukan,52356923.0,Transfer Bank,Modal & Investasi
255,2024-12-15,Pendapatan marketplace,Penjualan,Pemasukan,2662065.0,QRIS,Penjualan
256,2024-12-05,Tambahan modal operasional,Modal & Investasi,Pemasukan,6951347.0,Transfer Bank,Modal & Investasi
257,2024-12-27,Pembayaran piutang pelanggan,Piutang,Pemasukan,11333401.0,Transfer Bank,Piutang
258,2024-12-25,Penjualan produk,Penjualan,Pemasukan,1204670.0,QRIS,Penjualan
259,2024-12-20,BPJS Karyawan,Gaji & Karyawan,Pengeluaran,522322.0,Transfer Bank,Gaji & Karyawan
260,2024-12-18,Hosting website,Software & Langganan,Pengeluaran,252062.0,E-Wallet,Software & Langganan
261,2024-12-29,BPJS Karyawan,Gaji & Karyawan,Pengeluaran,1136318.0,Transfer Bank,Gaji & Karyawan
262,2024-12-29,Biaya admin bank,Biaya Bank,Pengeluaran,45114.0,Payment Gateway,Biaya Bank
263,2024-12-05,Konsultan pajak,Pajak & Perizinan,Pengeluaran,9930853.0,Transfer Bank,Pajak & Perizinan
264,2024-12-25,Selisih kas,Lain-lain,Pengeluaran,263956.0,Transfer Bank,Lain-lain
265,2024-12-30,Pembelian Stok,Pembelian Stok,Pengeluaran,6987164.0,E-Wallet,Pembelian Stok
266,2024-12-29,Event marketing,Marketing & Promosi,Pengeluaran,5404417.0,E-Wallet,Marketing & Promosi
267,2024-12-17,Kurir,Transportasi & Logistik,Pengeluaran,728980.0,Kartu Debit,Transportasi & Logistik
268,2024-12-03,BPJS Karyawan,Gaji & Karyawan,Pengeluaran,326126.0,Transfer Bank,Gaji & Karyawan
269,2024-12-27,Bunga pinjaman,Utang & Cicilan,Pengeluaran,3061404.0,Transfer Bank,Utang & Cicilan
270,2024-12-04,Influencer marketing,Marketing & Promosi,Pengeluaran,15787617.0,Kartu Debit,Marketing & Promosi
271,2024-12-19,Biaya ekspedisi,Transportasi & Logistik,Pengeluaran,2021200.0,Transfer Bank,Transportasi & Logistik
272,2024-12-02,Refund pelanggan,Lain-lain,Pengeluaran,4277694.0,E-Wallet,Lain-lain
273,2024-12-02,Parkir operasional,Transportasi & Logistik,Pengeluaran,272607.0,Tunai,Transportasi & Logistik
274,2024-12-22,Internet kantor,Operasional Kantor,Pengeluaran,1098787.0,Transfer Bank,Operasional Kantor
275,2024-12-24,Biaya endorsement,Marketing & Promosi,Pengeluaran,8144402.0,Transfer Bank,Marketing & Promosi
276,2024-12-29,Biaya endorsement,Marketing & Promosi,Pengeluaran,5774996.0,Kartu Debit,Marketing & Promosi
277,2025-01-09,Pendapatan toko offline,Penjualan,Pemasukan,1542146.0,Transfer Bank,Penjualan
278,2025-01-03,Penjualan jasa,Penjualan,Pemasukan,2467032.0,Tunai,Penjualan
279,2025-01-30,Penjualan jasa,Penjualan,Pemasukan,22473206.0,Transfer Bank,Penjualan
280,2025-01-23,Cicilan pelanggan,Piutang,Pemasukan,1773876.0,Transfer Bank,Piutang
281,2025-01-12,Pinjaman usaha,Modal & Investasi,Pemasukan,65173917.0,Transfer Bank,Modal & Investasi
282,2025-01-07,Pendapatan marketplace,Penjualan,Pemasukan,460572.0,Tunai,Penjualan
283,2025-01-06,Pembelian mesin produksi,Peralatan & Aset,Pengeluaran,20504845.0,Kartu Kredit,Peralatan & Aset
284,2025-01-18,Biaya MDR kartu,Biaya Bank,Pengeluaran,685914.0,Kartu Debit,Biaya Bank
285,2025-01-27,Parkir operasional,Transportasi & Logistik,Pengeluaran,621271.0,Transfer Bank,Transportasi & Logistik
286,2025-01-23,Biaya MDR kartu,Biaya Bank,Pengeluaran,827236.0,QRIS,Biaya Bank
287,2025-01-27,Biaya ekspedisi,Transportasi & Logistik,Pengeluaran,2466227.0,Kartu Kredit,Transportasi & Logistik
288,2025-01-04,Donasi perusahaan,Lain-lain,Pengeluaran,5921287.0,Tunai,Lain-lain
289,2025-01-13,Koreksi transaksi,Lain-lain,Pengeluaran,169007.0,Transfer Bank,Lain-lain
290,2025-01-10,Influencer marketing,Marketing & Promosi,Pengeluaran,2469751.0,Transfer Bank,Marketing & Promosi
291,2025-01-16,Influencer marketing,Marketing & Promosi,Pengeluaran,8199791.0,E-Wallet,Marketing & Promosi
3002,2025-01-05,Biaya MDR kartu,Biaya Bank,Pengeluaran,277329.0,E-Wallet,Biaya Bank
293,2025-01-10,Koreksi transaksi,Lain-lain,Pengeluaran,451707.0,Transfer Bank,Lain-lain
294,2025-01-23,Sewa kantor,Operasional Kantor,Pengeluaran,2242906.0,Tunai,Operasional Kantor
295,2025-01-06,Administrasi legal,Pajak & Perizinan,Pengeluaran,9626098.0,Transfer Bank,Pajak & Perizinan
296,2025-01-29,Biaya MDR kartu,Biaya Bank,Pengeluaran,908664.0,E-Wallet,Biaya Bank
297,2025-01-11,Ongkos kirim,Transportasi & Logistik,Pengeluaran,753669.0,Kartu Debit,Transportasi & Logistik
298,2025-01-13,Reimbursement karyawan,Gaji & Karyawan,Pengeluaran,1700436.0,Transfer Bank,Gaji & Karyawan
299,2025-01-22,Pembelian barang dagang,Pembelian Stok,Pengeluaran,11970348.0,Kartu Debit,Pembelian Stok
300,2025-01-17,Restock produk,Pembelian Stok,Pengeluaran,6343803.0,Kartu Kredit,Pembelian Stok
301,2025-02-10,Penjualan produk,Penjualan,Pemasukan,1598937.0,Tunai,Penjualan
302,2025-02-04,Setoran modal pemilik,Modal & Investasi,Pemasukan,12704313.0,Transfer Bank,Modal & Investasi
303,2025-02-15,Tambahan modal operasional,Modal & Investasi,Pemasukan,12500959.0,Transfer Bank,Modal & Investasi
304,2025-02-27,Pembayaran piutang pelanggan,Piutang,Pemasukan,4201444.0,QRIS,Piutang
305,2025-02-13,Cicilan pelanggan,Piutang,Pemasukan,2175685.0,Payment Gateway,Piutang
306,2025-02-16,Pendapatan proyek,Penjualan,Pemasukan,9800679.0,Kartu Debit,Penjualan
307,2025-02-20,Pelunasan invoice,Piutang,Pemasukan,1342223.0,Transfer Bank,Piutang
308,2025-02-04,Investasi investor,Modal & Investasi,Pemasukan,224531832.0,Transfer Bank,Modal & Investasi
309,2025-02-16,Pendapatan toko offline,Penjualan,Pemasukan,2475236.0,Kartu Debit,Penjualan
310,2025-02-23,Cicilan pinjaman usaha,Utang & Cicilan,Pengeluaran,5090620.0,Transfer Bank,Utang & Cicilan
311,2025-02-08,Pembelian printer,Peralatan & Aset,Pengeluaran,6681085.0,Kartu Debit,Peralatan & Aset
312,2025-02-03,Pembelian barang dagang,Pembelian Stok,Pengeluaran,6798595.0,E-Wallet,Pembelian Stok
313,2025-02-19,Biaya izin usaha,Pajak & Perizinan,Pengeluaran,4131575.0,Transfer Bank,Pajak & Perizinan
314,2025-02-21,Langganan software akuntansi,Software & Langganan,Pengeluaran,2346732.0,Kartu Kredit,Software & Langganan
315,2025-02-18,Biaya admin bank,Biaya Bank,Pengeluaran,32017.0,E-Wallet,Biaya Bank
316,2025-02-26,Parkir operasional,Transportasi & Logistik,Pengeluaran,41218.0,Transfer Bank,Transportasi & Logistik
317,2025-02-20,Konsultan pajak,Pajak & Perizinan,Pengeluaran,9800157.0,Transfer Bank,Pajak & Perizinan
318,2025-02-18,Biaya tak terduga,Lain-lain,Pengeluaran,3637683.0,Tunai,Lain-lain
319,2025-02-26,Uang lembur,Gaji & Karyawan,Pengeluaran,554308.0,Transfer Bank,Gaji & Karyawan
320,2025-02-25,Biaya tak terduga,Lain-lain,Pengeluaran,1625746.0,E-Wallet,Lain-lain
321,2025-02-11,Pembelian bahan baku,Pembelian Stok,Pengeluaran,3058527.0,Tunai,Pembelian Stok
322,2025-02-12,Cicilan pinjaman usaha,Utang & Cicilan,Pengeluaran,13841243.0,Transfer Bank,Utang & Cicilan
323,2025-02-13,Sewa kantor,Operasional Kantor,Pengeluaran,5401420.0,Tunai,Operasional Kantor
324,2025-02-23,Air kantor,Operasional Kantor,Pengeluaran,403070.0,Tunai,Operasional Kantor
325,2025-02-01,Gaji karyawan,Gaji & Karyawan,Pengeluaran,4948840.0,Transfer Bank,Gaji & Karyawan
326,2025-02-14,Cloud storage bisnis,Software & Langganan,Pengeluaran,1949438.0,E-Wallet,Software & Langganan
327,2025-02-27,Iklan online,Marketing & Promosi,Pengeluaran,15292666.0,E-Wallet,Marketing & Promosi
328,2025-02-13,Sewa kantor,Operasional Kantor,Pengeluaran,6391945.0,Transfer Bank,Operasional Kantor
329,2025-02-23,Domain website,Software & Langganan,Pengeluaran,1312131.0,Kartu Kredit,Software & Langganan
330,2025-02-19,Kurir,Transportasi & Logistik,Pengeluaran,656831.0,E-Wallet,Transportasi & Logistik
331,2025-02-13,Cetak brosur,Marketing & Promosi,Pengeluaran,1784612.0,Kartu Debit,Marketing & Promosi
332,2025-02-27,Selisih kas,Lain-lain,Pengeluaran,45316.0,Transfer Bank,Lain-lain
333,2025-02-15,Biaya MDR kartu,Biaya Bank,Pengeluaran,141605.0,Transfer Bank,Biaya Bank
334,2025-02-12,Pelunasan kredit usaha,Utang & Cicilan,Pengeluaran,27210661.0,Transfer Bank,Utang & Cicilan
335,2025-02-01,Sewa kantor,Operasional Kantor,Pengeluaran,14932826.0,Transfer Bank,Operasional Kantor
336,2025-02-25,Donasi perusahaan,Lain-lain,Pengeluaran,8178485.0,Tunai,Lain-lain
337,2025-02-08,Biaya izin usaha,Pajak & Perizinan,Pengeluaran,4553722.0,Transfer Bank,Pajak & Perizinan
338,2025-02-24,Kebersihan kantor,Operasional Kantor,Pengeluaran,881761.0,Transfer Bank,Operasional Kantor
339,2025-02-22,Restock produk,Pembelian Stok,Pengeluaran,15666369.0,E-Wallet,Pembelian Stok
340,2025-02-24,Bensin operasional,Transportasi & Logistik,Pengeluaran,657796.0,Kartu Kredit,Transportasi & Logistik
341,2025-02-13,Listrik kantor,Operasional Kantor,Pengeluaran,367499.0,Transfer Bank,Operasional Kantor
342,2025-02-22,Pembelian laptop,Peralatan & Aset,Pengeluaran,41654589.0,Transfer Bank,Peralatan & Aset
343,2025-02-01,Sewa kendaraan,Transportasi & Logistik,Pengeluaran,3445100.0,Kartu Debit,Transportasi & Logistik
344,2025-02-04,Domain website,Software & Langganan,Pengeluaran,2393403.0,Kartu Debit,Software & Langganan
345,2025-02-23,Pelunasan kredit usaha,Utang & Cicilan,Pengeluaran,17117909.0,Transfer Bank,Utang & Cicilan
346,2025-03-25,Tambahan modal operasional,Modal & Investasi,Pemasukan,15068810.0,Transfer Bank,Modal & Investasi
347,2025-03-30,Cicilan pelanggan,Piutang,Pemasukan,2547459.0,Payment Gateway,Piutang
348,2025-03-20,Pendapatan marketplace,Penjualan,Pemasukan,3991194.0,Payment Gateway,Penjualan
349,2025-03-29,Ongkos kirim,Transportasi & Logistik,Pengeluaran,370312.0,Transfer Bank,Transportasi & Logistik
350,2025-03-27,Biaya admin bank,Biaya Bank,Pengeluaran,35556.0,E-Wallet,Biaya Bank
351,2025-03-02,Listrik kantor,Operasional Kantor,Pengeluaran,906619.0,Transfer Bank,Operasional Kantor
352,2025-03-03,Iklan online,Marketing & Promosi,Pengeluaran,15245918.0,Kartu Kredit,Marketing & Promosi
353,2025-03-05,Domain website,Software & Langganan,Pengeluaran,2175460.0,Kartu Kredit,Software & Langganan
354,2025-04-11,Investasi investor,Modal & Investasi,Pemasukan,163816609.0,Transfer Bank,Modal & Investasi
355,2025-04-13,Tambahan modal operasional,Modal & Investasi,Pemasukan,5257573.0,Transfer Bank,Modal & Investasi
356,2025-04-11,Investasi investor,Modal & Investasi,Pemasukan,219294522.0,Transfer Bank,Modal & Investasi
357,2025-04-12,Pelunasan invoice,Piutang,Pemasukan,12058799.0,QRIS,Piutang
358,2025-04-10,Pembayaran piutang pelanggan,Piutang,Pemasukan,11448912.0,Payment Gateway,Piutang
359,2025-04-11,Pendapatan marketplace,Penjualan,Pemasukan,2637240.0,Transfer Bank,Penjualan
360,2025-04-26,Cicilan pelanggan,Piutang,Pemasukan,361464.0,Transfer Bank,Piutang
361,2025-04-28,Event marketing,Marketing & Promosi,Pengeluaran,18648813.0,Transfer Bank,Marketing & Promosi
362,2025-04-09,Pembayaran utang supplier,Utang & Cicilan,Pengeluaran,8213756.0,Transfer Bank,Utang & Cicilan
363,2025-04-14,Pembelian furniture kantor,Peralatan & Aset,Pengeluaran,7099281.0,Lainnya,Peralatan & Aset
364,2025-04-13,BPJS Karyawan,Gaji & Karyawan,Pengeluaran,197547.0,Transfer Bank,Gaji & Karyawan
365,2025-04-19,Biaya tak terduga,Lain-lain,Pengeluaran,9293455.0,E-Wallet,Lain-lain
366,2025-04-19,Bonus karyawan,Gaji & Karyawan,Pengeluaran,9260697.0,Transfer Bank,Gaji & Karyawan
367,2025-04-23,Biaya ekspedisi,Transportasi & Logistik,Pengeluaran,23020.0,Kartu Debit,Transportasi & Logistik
368,2025-04-07,Cloud storage bisnis,Software & Langganan,Pengeluaran,2764964.0,Transfer Bank,Software & Langganan
369,2025-04-05,Biaya transfer,Biaya Bank,Pengeluaran,46462.0,Transfer Bank,Biaya Bank
370,2025-04-05,Diskon promosi,Marketing & Promosi,Pengeluaran,4103545.0,Transfer Bank,Marketing & Promosi
371,2025-04-26,Pembayaran utang supplier,Utang & Cicilan,Pengeluaran,28288731.0,Transfer Bank,Utang & Cicilan
372,2025-04-14,Biaya admin bank,Biaya Bank,Pengeluaran,24752.0,QRIS,Biaya Bank
373,2025-04-25,Pelunasan kredit usaha,Utang & Cicilan,Pengeluaran,29296655.0,Transfer Bank,Utang & Cicilan
374,2025-04-21,Selisih kas,Lain-lain,Pengeluaran,16596.0,E-Wallet,Lain-lain
375,2025-04-19,Biaya tarik tunai,Biaya Bank,Pengeluaran,45031.0,Payment Gateway,Biaya Bank
376,2025-04-24,THR,Gaji & Karyawan,Pengeluaran,7346827.0,Transfer Bank,Gaji & Karyawan
377,2025-04-13,Pembelian bahan baku,Pembelian Stok,Pengeluaran,12584813.0,Transfer Bank,Pembelian Stok
378,2025-04-04,Tools desain,Software & Langganan,Pengeluaran,2801197.0,Transfer Bank,Software & Langganan
379,2025-04-20,Biaya izin usaha,Pajak & Perizinan,Pengeluaran,10526136.0,Transfer Bank,Pajak & Perizinan
380,2025-04-16,Diskon promosi,Marketing & Promosi,Pengeluaran,500234.0,Kartu Kredit,Marketing & Promosi
381,2025-04-13,Refund pelanggan,Lain-lain,Pengeluaran,3754248.0,Tunai,Lain-lain
382,2025-04-07,Sewa kantor,Operasional Kantor,Pengeluaran,13057699.0,Kartu Debit,Operasional Kantor
383,2025-04-08,Donasi perusahaan,Lain-lain,Pengeluaran,5308857.0,Transfer Bank,Lain-lain
384,2025-04-25,Pembelian furniture kantor,Peralatan & Aset,Pengeluaran,7434934.0,Kartu Kredit,Peralatan & Aset
385,2025-04-02,Sewa kendaraan,Transportasi & Logistik,Pengeluaran,2682613.0,Kartu Kredit,Transportasi & Logistik
386,2025-04-08,Tools desain,Software & Langganan,Pengeluaran,2447778.0,Kartu Debit,Software & Langganan
387,2025-04-08,Langganan software akuntansi,Software & Langganan,Pengeluaran,2624490.0,Kartu Kredit,Software & Langganan
388,2025-04-12,Administrasi legal,Pajak & Perizinan,Pengeluaran,4699406.0,Transfer Bank,Pajak & Perizinan
389,2025-04-01,Bunga pinjaman,Utang & Cicilan,Pengeluaran,791191.0,Transfer Bank,Utang & Cicilan
390,2025-04-15,Pembelian printer,Peralatan & Aset,Pengeluaran,14245580.0,Kartu Kredit,Peralatan & Aset
391,2025-04-27,PPN,Pajak & Perizinan,Pengeluaran,30070249.0,Transfer Bank,Pajak & Perizinan
392,2025-04-26,PPh,Pajak & Perizinan,Pengeluaran,47480229.0,Transfer Bank,Pajak & Perizinan
393,2025-04-29,Pembelian perlengkapan produksi,Pembelian Stok,Pengeluaran,5540697.0,Kartu Debit,Pembelian Stok
394,2025-04-22,PPh,Pajak & Perizinan,Pengeluaran,42417709.0,Transfer Bank,Pajak & Perizinan
395,2025-05-19,Tambahan modal operasional,Modal & Investasi,Pemasukan,17243841.0,Transfer Bank,Modal & Investasi
396,2025-05-21,Pendapatan proyek,Penjualan,Pemasukan,1165629.0,Tunai,Penjualan
397,2025-05-15,Pinjaman usaha,Modal & Investasi,Pemasukan,89769686.0,Transfer Bank,Modal & Investasi
398,2025-05-10,Pendapatan grosir,Penjualan,Pemasukan,6491788.0,Kartu Debit,Penjualan
399,2025-05-10,Penjualan jasa,Penjualan,Pemasukan,9209096.0,QRIS,Penjualan
400,2025-05-04,Penjualan jasa,Penjualan,Pemasukan,19354743.0,Kartu Debit,Penjualan
401,2025-05-20,Pendapatan proyek,Penjualan,Pemasukan,2782410.0,QRIS,Penjualan
402,2025-05-29,Pembayaran piutang pelanggan,Piutang,Pemasukan,11501181.0,Payment Gateway,Piutang
403,2025-05-20,Pendapatan marketplace,Penjualan,Pemasukan,1078299.0,Kartu Debit,Penjualan
404,2025-05-08,DP dari pelanggan,Piutang,Pemasukan,14141005.0,Payment Gateway,Piutang
405,2025-05-09,Kebersihan kantor,Operasional Kantor,Pengeluaran,312283.0,Transfer Bank,Operasional Kantor
406,2025-05-13,Domain website,Software & Langganan,Pengeluaran,474022.0,E-Wallet,Software & Langganan
407,2025-05-27,Perawatan aset,Peralatan & Aset,Pengeluaran,4260551.0,Transfer Bank,Peralatan & Aset
408,2025-05-05,Bayar pajak usaha,Pajak & Perizinan,Pengeluaran,18334685.0,Transfer Bank,Pajak & Perizinan
409,2025-05-11,Gaji karyawan,Gaji & Karyawan,Pengeluaran,13144581.0,Transfer Bank,Gaji & Karyawan
410,2025-05-04,Biaya transfer,Biaya Bank,Pengeluaran,36428.0,Transfer Bank,Biaya Bank
411,2025-05-24,Gaji karyawan,Gaji & Karyawan,Pengeluaran,6271846.0,Lainnya,Gaji & Karyawan
412,2025-05-26,Tools desain,Software & Langganan,Pengeluaran,2742616.0,Kartu Kredit,Software & Langganan
413,2025-05-19,Konsultan pajak,Pajak & Perizinan,Pengeluaran,12059275.0,Transfer Bank,Pajak & Perizinan
414,2025-05-01,Iklan online,Marketing & Promosi,Pengeluaran,2317414.0,Kartu Debit,Marketing & Promosi
415,2025-05-27,Biaya endorsement,Marketing & Promosi,Pengeluaran,12766000.0,E-Wallet,Marketing & Promosi
416,2025-05-29,Pembelian laptop,Peralatan & Aset,Pengeluaran,29098883.0,Transfer Bank,Peralatan & Aset
417,2025-05-04,Pembayaran utang supplier,Utang & Cicilan,Pengeluaran,19498787.0,Transfer Bank,Utang & Cicilan
418,2025-05-22,Refund pelanggan,Lain-lain,Pengeluaran,1880945.0,E-Wallet,Lain-lain
419,2025-05-21,Biaya MDR kartu,Biaya Bank,Pengeluaran,81629.0,QRIS,Biaya Bank
420,2025-05-13,Sewa kendaraan,Transportasi & Logistik,Pengeluaran,4424819.0,Tunai,Transportasi & Logistik
421,2025-05-14,PPN,Pajak & Perizinan,Pengeluaran,29087473.0,Transfer Bank,Pajak & Perizinan
422,2025-06-03,Cicilan pelanggan,Piutang,Pemasukan,4650273.0,Transfer Bank,Piutang
423,2025-06-01,Cicilan pelanggan,Piutang,Pemasukan,3493490.0,QRIS,Piutang
424,2025-06-14,Tambahan modal operasional,Modal & Investasi,Pemasukan,12749328.0,Transfer Bank,Modal & Investasi
425,2025-06-06,Pendapatan toko offline,Penjualan,Pemasukan,1332675.0,E-Wallet,Penjualan
426,2025-06-13,Pendapatan grosir,Penjualan,Pemasukan,37498332.0,Kartu Debit,Penjualan
427,2025-06-22,Kurir,Transportasi & Logistik,Pengeluaran,2112217.0,Kartu Debit,Transportasi & Logistik
428,2025-06-05,Biaya tak terduga,Lain-lain,Pengeluaran,1649759.0,E-Wallet,Lain-lain
429,2025-06-11,Pembelian mesin produksi,Peralatan & Aset,Pengeluaran,35075023.0,Kartu Kredit,Peralatan & Aset
430,2025-06-14,Koreksi transaksi,Lain-lain,Pengeluaran,484040.0,Transfer Bank,Lain-lain
431,2025-06-01,Biaya payment gateway,Biaya Bank,Pengeluaran,536722.0,QRIS,Biaya Bank
432,2025-06-19,Pembelian printer,Peralatan & Aset,Pengeluaran,12009671.0,Kartu Kredit,Peralatan & Aset
433,2025-07-21,Investasi investor,Modal & Investasi,Pemasukan,34917912.0,Transfer Bank,Modal & Investasi
434,2025-07-30,DP dari pelanggan,Piutang,Pemasukan,2692244.0,Transfer Bank,Piutang
435,2025-07-09,Pelunasan invoice,Piutang,Pemasukan,9417494.0,QRIS,Piutang
436,2025-07-12,Setoran modal pemilik,Modal & Investasi,Pemasukan,48862476.0,Transfer Bank,Modal & Investasi
437,2025-07-27,Pelunasan invoice,Piutang,Pemasukan,5104319.0,Transfer Bank,Piutang
438,2025-07-02,Pendapatan toko offline,Penjualan,Pemasukan,774642.0,E-Wallet,Penjualan
439,2025-07-28,Penjualan produk,Penjualan,Pemasukan,2233986.0,Payment Gateway,Penjualan
440,2025-07-17,DP dari pelanggan,Piutang,Pemasukan,1463524.0,Payment Gateway,Piutang
441,2025-07-17,Cicilan pelanggan,Piutang,Pemasukan,4736449.0,QRIS,Piutang
442,2025-07-09,Sewa kendaraan,Transportasi & Logistik,Pengeluaran,349419.0,E-Wallet,Transportasi & Logistik
443,2025-07-20,Listrik kantor,Operasional Kantor,Pengeluaran,973608.0,Kartu Kredit,Operasional Kantor
444,2025-07-06,Bunga pinjaman,Utang & Cicilan,Pengeluaran,270076.0,Transfer Bank,Utang & Cicilan
445,2025-07-07,Perawatan aset,Peralatan & Aset,Pengeluaran,4273327.0,Transfer Bank,Peralatan & Aset
446,2025-07-16,Perawatan aset,Peralatan & Aset,Pengeluaran,2019009.0,Kartu Debit,Peralatan & Aset
447,2025-07-20,Air kantor,Operasional Kantor,Pengeluaran,1422578.0,Transfer Bank,Operasional Kantor
448,2025-07-10,Langganan software akuntansi,Software & Langganan,Pengeluaran,1424224.0,Transfer Bank,Software & Langganan
449,2025-07-27,Biaya ekspedisi,Transportasi & Logistik,Pengeluaran,1656126.0,Tunai,Transportasi & Logistik
450,2025-07-10,Iklan online,Marketing & Promosi,Pengeluaran,6670331.0,Kartu Kredit,Marketing & Promosi
451,2025-07-02,Bonus karyawan,Gaji & Karyawan,Pengeluaran,6388777.0,Transfer Bank,Gaji & Karyawan
452,2025-07-26,Ongkos kirim,Transportasi & Logistik,Pengeluaran,74463.0,Tunai,Transportasi & Logistik
453,2025-07-06,Pembelian furniture kantor,Peralatan & Aset,Pengeluaran,9969160.0,Kartu Debit,Peralatan & Aset
454,2025-07-05,Sewa kendaraan,Transportasi & Logistik,Pengeluaran,1426943.0,Kartu Kredit,Transportasi & Logistik
455,2025-07-06,Ongkos kirim,Transportasi & Logistik,Pengeluaran,2249741.0,Tunai,Transportasi & Logistik
456,2025-07-27,Langganan software akuntansi,Software & Langganan,Pengeluaran,1497962.0,Kartu Debit,Software & Langganan
457,2025-07-13,Sewa kendaraan,Transportasi & Logistik,Pengeluaran,4677699.0,Kartu Kredit,Transportasi & Logistik
458,2025-07-15,Pembayaran utang supplier,Utang & Cicilan,Pengeluaran,13682157.0,Transfer Bank,Utang & Cicilan
460,2025-07-02,Uang lembur,Gaji & Karyawan,Pengeluaran,1178645.0,Transfer Bank,Gaji & Karyawan
461,2025-07-21,Pembayaran utang supplier,Utang & Cicilan,Pengeluaran,9263182.0,Transfer Bank,Utang & Cicilan
462,2025-07-06,Cicilan pinjaman usaha,Utang & Cicilan,Pengeluaran,5610618.0,Transfer Bank,Utang & Cicilan
463,2025-07-05,Cicilan pinjaman usaha,Utang & Cicilan,Pengeluaran,6461609.0,Transfer Bank,Utang & Cicilan
464,2025-07-07,Domain website,Software & Langganan,Pengeluaran,940602.0,Kartu Kredit,Software & Langganan
465,2025-07-06,Biaya izin usaha,Pajak & Perizinan,Pengeluaran,2305563.0,Transfer Bank,Pajak & Perizinan
466,2025-07-01,Biaya tarik tunai,Biaya Bank,Pengeluaran,22486.0,E-Wallet,Biaya Bank
467,2025-07-05,Event marketing,Marketing & Promosi,Pengeluaran,11645305.0,Transfer Bank,Marketing & Promosi
468,2025-08-08,Pelunasan invoice,Piutang,Pemasukan,6543384.0,Transfer Bank,Piutang
469,2025-08-19,Pelunasan invoice,Piutang,Pemasukan,7110316.0,QRIS,Piutang
470,2025-08-04,Cicilan pelanggan,Piutang,Pemasukan,1748250.0,QRIS,Piutang
471,2025-08-20,Penjualan jasa,Penjualan,Pemasukan,2038727.0,QRIS,Penjualan
472,2025-08-15,Pelunasan invoice,Piutang,Pemasukan,23726913.0,Transfer Bank,Piutang
473,2025-08-19,Cicilan pelanggan,Piutang,Pemasukan,2536684.0,QRIS,Piutang
474,2025-08-05,Pinjaman usaha,Modal & Investasi,Pemasukan,45220417.0,Transfer Bank,Modal & Investasi
475,2025-08-04,Penjualan produk,Penjualan,Pemasukan,65775.0,E-Wallet,Penjualan
476,2025-08-11,Penjualan produk,Penjualan,Pemasukan,1193036.0,Tunai,Penjualan
477,2025-08-26,Pendapatan grosir,Penjualan,Pemasukan,23920749.0,QRIS,Penjualan
478,2025-08-29,Biaya tak terduga,Lain-lain,Pengeluaran,7774306.0,E-Wallet,Lain-lain
479,2025-08-07,Cetak brosur,Marketing & Promosi,Pengeluaran,777854.0,Transfer Bank,Marketing & Promosi
480,2025-08-17,Pembelian bahan baku,Pembelian Stok,Pengeluaran,2217292.0,Tunai,Pembelian Stok
481,2025-08-30,Pembelian printer,Peralatan & Aset,Pengeluaran,3253998.0,Kartu Kredit,Peralatan & Aset
482,2025-08-02,Koreksi transaksi,Lain-lain,Pengeluaran,378318.0,E-Wallet,Lain-lain
484,2025-08-28,Internet kantor,Operasional Kantor,Pengeluaran,1066734.0,Kartu Kredit,Operasional Kantor
485,2025-08-14,Sewa kendaraan,Transportasi & Logistik,Pengeluaran,2102178.0,Tunai,Transportasi & Logistik
486,2025-08-29,Event marketing,Marketing & Promosi,Pengeluaran,15622969.0,Transfer Bank,Marketing & Promosi
487,2025-08-04,Sewa kantor,Operasional Kantor,Pengeluaran,11036630.0,Tunai,Operasional Kantor
488,2025-08-20,Selisih kas,Lain-lain,Pengeluaran,477081.0,Tunai,Lain-lain
489,2025-08-15,Biaya payment gateway,Biaya Bank,Pengeluaran,87445.0,E-Wallet,Biaya Bank
490,2025-08-13,Sewa kantor,Operasional Kantor,Pengeluaran,13832368.0,Kartu Debit,Operasional Kantor
491,2025-08-10,Uang lembur,Gaji & Karyawan,Pengeluaran,2965824.0,Transfer Bank,Gaji & Karyawan
492,2025-08-20,Restock produk,Pembelian Stok,Pengeluaran,3391353.0,Transfer Bank,Pembelian Stok
493,2025-08-26,Biaya transfer,Biaya Bank,Pengeluaran,44013.0,Transfer Bank,Biaya Bank
494,2025-08-02,Restock produk,Pembelian Stok,Pengeluaran,20018903.0,Kartu Kredit,Pembelian Stok
495,2025-08-02,Pembelian printer,Peralatan & Aset,Pengeluaran,2474248.0,Kartu Debit,Peralatan & Aset
496,2025-08-06,Bunga pinjaman,Utang & Cicilan,Pengeluaran,1500472.0,Transfer Bank,Utang & Cicilan
497,2025-08-11,Biaya admin bank,Biaya Bank,Pengeluaran,41792.0,QRIS,Biaya Bank
498,2025-08-01,Biaya tak terduga,Lain-lain,Pengeluaran,7854921.0,Tunai,Lain-lain
499,2025-09-14,Setoran modal pemilik,Modal & Investasi,Pemasukan,35645664.0,Transfer Bank,Modal & Investasi
500,2025-09-13,Pendapatan toko offline,Penjualan,Pemasukan,1389964.0,Tunai,Penjualan
501,2025-09-24,DP dari pelanggan,Piutang,Pemasukan,14818129.0,Payment Gateway,Piutang
502,2025-09-18,Tambahan modal operasional,Modal & Investasi,Pemasukan,16427189.0,Transfer Bank,Modal & Investasi
503,2025-09-26,Investasi investor,Modal & Investasi,Pemasukan,214147572.0,Transfer Bank,Modal & Investasi
504,2025-09-21,Penjualan produk,Penjualan,Pemasukan,1424808.0,Kartu Debit,Penjualan
505,2025-09-01,Pendapatan marketplace,Penjualan,Pemasukan,3030785.0,Tunai,Penjualan
506,2025-09-25,Pendapatan toko offline,Penjualan,Pemasukan,2130316.0,Tunai,Penjualan
507,2025-09-19,Pendapatan proyek,Penjualan,Pemasukan,16288872.0,Tunai,Penjualan
508,2025-09-10,Gaji & Karyawan,Gaji & Karyawan,Pengeluaran,1333721.0,Transfer Bank,Gaji & Karyawan
509,2025-09-26,Langganan software akuntansi,Software & Langganan,Pengeluaran,327086.0,Kartu Kredit,Software & Langganan
510,2025-09-18,Bunga pinjaman,Utang & Cicilan,Pengeluaran,2938156.0,Transfer Bank,Utang & Cicilan
511,2025-09-29,Biaya izin usaha,Pajak & Perizinan,Pengeluaran,11725768.0,Transfer Bank,Pajak & Perizinan
512,2025-09-08,Pembelian furniture kantor,Peralatan & Aset,Pengeluaran,9037607.0,Transfer Bank,Peralatan & Aset
513,2025-09-12,Listrik kantor,Operasional Kantor,Pengeluaran,1086908.0,Transfer Bank,Operasional Kantor
514,2025-09-25,Bunga pinjaman,Utang & Cicilan,Pengeluaran,1606441.0,Transfer Bank,Utang & Cicilan
515,2025-09-01,Pembelian mesin produksi,Peralatan & Aset,Pengeluaran,39341355.0,Kartu Kredit,Peralatan & Aset
516,2025-09-01,Ongkos kirim,Transportasi & Logistik,Pengeluaran,1199531.0,Tunai,Transportasi & Logistik
517,2025-09-10,Biaya izin usaha,Pajak & Perizinan,Pengeluaran,1485851.0,Transfer Bank,Pajak & Perizinan
518,2025-09-07,Gaji karyawan,Gaji & Karyawan,Pengeluaran,14661190.0,Transfer Bank,Gaji & Karyawan
519,2025-09-28,Bayar pajak usaha,Pajak & Perizinan,Pengeluaran,37315137.0,Transfer Bank,Pajak & Perizinan
520,2025-09-02,CRM subscription,Software & Langganan,Pengeluaran,966098.0,Transfer Bank,Software & Langganan
521,2025-09-23,PPN,Pajak & Perizinan,Pengeluaran,35490851.0,Transfer Bank,Pajak & Perizinan
522,2025-09-04,Pembayaran utang supplier,Utang & Cicilan,Pengeluaran,41248688.0,Transfer Bank,Utang & Cicilan
3003,2025-09-27,Biaya MDR kartu,Biaya Bank,Pengeluaran,60892.0,E-Wallet,Biaya Bank
524,2025-09-13,Biaya payment gateway,Biaya Bank,Pengeluaran,212384.0,Lainnya,Biaya Bank
525,2025-09-21,Reimbursement karyawan,Gaji & Karyawan,Pengeluaran,203031.0,Transfer Bank,Gaji & Karyawan
526,2025-09-23,Listrik kantor,Operasional Kantor,Pengeluaran,995212.0,Tunai,Operasional Kantor
527,2025-09-15,ATK,Operasional Kantor,Pengeluaran,591705.0,Tunai,Operasional Kantor
528,2025-09-24,Ongkos kirim,Transportasi & Logistik,Pengeluaran,471161.0,Kartu Debit,Transportasi & Logistik
529,2025-09-29,Sewa kantor,Operasional Kantor,Pengeluaran,13205045.0,Kartu Kredit,Operasional Kantor
530,2025-09-04,Pelunasan kredit usaha,Utang & Cicilan,Pengeluaran,40000420.0,Transfer Bank,Utang & Cicilan
531,2025-10-13,DP dari pelanggan,Piutang,Pemasukan,13445124.0,Transfer Bank,Piutang
532,2025-10-26,Cicilan pelanggan,Piutang,Pemasukan,716285.0,Payment Gateway,Piutang
533,2025-10-26,Penjualan produk,Penjualan,Pemasukan,1402891.0,Kartu Debit,Penjualan
534,2025-10-01,Tambahan modal operasional,Modal & Investasi,Pemasukan,3544785.0,Transfer Bank,Modal & Investasi
535,2025-10-08,Biaya transfer,Biaya Bank,Pengeluaran,41948.0,Payment Gateway,Biaya Bank
536,2025-10-14,Koreksi transaksi,Lain-lain,Pengeluaran,163665.0,E-Wallet,Lain-lain
537,2025-10-26,Listrik kantor,Operasional Kantor,Pengeluaran,535770.0,Transfer Bank,Operasional Kantor
538,2025-10-26,Tools desain,Software & Langganan,Pengeluaran,1731598.0,Kartu Kredit,Software & Langganan
539,2025-10-10,Administrasi legal,Pajak & Perizinan,Pengeluaran,537281.0,Transfer Bank,Pajak & Perizinan
540,2025-10-12,Event marketing,Marketing & Promosi,Pengeluaran,1749869.0,Kartu Kredit,Marketing & Promosi
541,2025-10-22,ATK,Operasional Kantor,Pengeluaran,865150.0,Kartu Debit,Operasional Kantor
542,2025-10-12,Biaya izin usaha,Pajak & Perizinan,Pengeluaran,10185930.0,Transfer Bank,Pajak & Perizinan
543,2025-11-24,Pendapatan grosir,Penjualan,Pemasukan,24945507.0,Kartu Debit,Penjualan
544,2025-11-17,Penjualan jasa,Penjualan,Pemasukan,6278233.0,Payment Gateway,Penjualan
545,2025-11-24,Pembayaran piutang pelanggan,Piutang,Pemasukan,16966472.0,Payment Gateway,Piutang
546,2025-11-20,DP dari pelanggan,Piutang,Pemasukan,6886494.0,Payment Gateway,Piutang
547,2025-11-18,Piutang,Piutang,Pemasukan,2611325.0,Transfer Bank,Piutang
548,2025-11-12,Influencer marketing,Marketing & Promosi,Pengeluaran,8180130.0,Kartu Debit,Marketing & Promosi
549,2025-11-28,Uang lembur,Gaji & Karyawan,Pengeluaran,2887250.0,Transfer Bank,Gaji & Karyawan
550,2025-11-02,Biaya MDR kartu,Biaya Bank,Pengeluaran,531392.0,E-Wallet,Biaya Bank
551,2025-11-21,BPJS Karyawan,Gaji & Karyawan,Pengeluaran,958828.0,Transfer Bank,Gaji & Karyawan
552,2025-11-21,Uang lembur,Gaji & Karyawan,Pengeluaran,1603112.0,Transfer Bank,Gaji & Karyawan
553,2025-11-10,Pembelian laptop,Peralatan & Aset,Pengeluaran,25853636.0,Kartu Kredit,Peralatan & Aset
555,2025-12-14,Pendapatan marketplace,Penjualan,Pemasukan,4869125.0,Tunai,Penjualan
556,2025-12-24,Cicilan pelanggan,Piutang,Pemasukan,2002685.0,Payment Gateway,Piutang
557,2025-12-18,Cicilan pelanggan,Piutang,Pemasukan,3181512.0,Transfer Bank,Piutang
558,2025-12-26,Cicilan pinjaman usaha,Utang & Cicilan,Pengeluaran,8848709.0,Transfer Bank,Utang & Cicilan
559,2026-01-07,Cicilan pelanggan,Piutang,Pemasukan,3973260.0,QRIS,Piutang
560,2026-01-10,Pinjaman usaha,Modal & Investasi,Pemasukan,95555132.0,Transfer Bank,Modal & Investasi
561,2026-01-14,Investasi investor,Modal & Investasi,Pemasukan,210762565.0,Transfer Bank,Modal & Investasi
562,2026-01-27,Pelunasan invoice,Piutang,Pemasukan,17801717.0,Payment Gateway,Piutang
563,2026-01-21,Pendapatan marketplace,Penjualan,Pemasukan,755686.0,QRIS,Penjualan
564,2026-01-13,Setoran modal pemilik,Modal & Investasi,Pemasukan,28752442.0,Transfer Bank,Modal & Investasi
565,2026-01-21,Investasi investor,Modal & Investasi,Pemasukan,78853361.0,Transfer Bank,Modal & Investasi
566,2026-01-05,BPJS Karyawan,Gaji & Karyawan,Pengeluaran,1313330.0,Transfer Bank,Gaji & Karyawan
567,2026-01-27,ATK,Operasional Kantor,Pengeluaran,886338.0,Transfer Bank,Operasional Kantor
568,2026-01-03,Biaya tak terduga,Lain-lain,Pengeluaran,7548158.0,E-Wallet,Lain-lain
569,2026-01-03,Perawatan aset,Peralatan & Aset,Pengeluaran,4893849.0,Transfer Bank,Peralatan & Aset
570,2026-01-18,Domain website,Software & Langganan,Pengeluaran,1267658.0,Transfer Bank,Software & Langganan
571,2026-01-17,Cicilan pinjaman usaha,Utang & Cicilan,Pengeluaran,15854442.0,Transfer Bank,Utang & Cicilan
572,2026-01-23,Uang lembur,Gaji & Karyawan,Pengeluaran,2899037.0,Transfer Bank,Gaji & Karyawan
573,2026-01-13,Hosting website,Software & Langganan,Pengeluaran,2158651.0,Kartu Debit,Software & Langganan
574,2026-01-28,Biaya admin bank,Biaya Bank,Pengeluaran,28833.0,Kartu Debit,Biaya Bank
575,2026-01-15,Uang lembur,Gaji & Karyawan,Pengeluaran,1999960.0,Transfer Bank,Gaji & Karyawan
576,2026-01-22,Biaya ekspedisi,Transportasi & Logistik,Pengeluaran,1009339.0,E-Wallet,Transportasi & Logistik
577,2026-01-03,Diskon promosi,Marketing & Promosi,Pengeluaran,3852085.0,Kartu Kredit,Marketing & Promosi
578,2026-01-27,CRM subscription,Software & Langganan,Pengeluaran,2435714.0,E-Wallet,Software & Langganan
579,2026-01-03,Bonus karyawan,Gaji & Karyawan,Pengeluaran,6099547.0,Transfer Bank,Gaji & Karyawan
580,2026-01-21,Administrasi legal,Pajak & Perizinan,Pengeluaran,10943507.0,Transfer Bank,Pajak & Perizinan
581,2026-01-19,Pembelian laptop,Peralatan & Aset,Pengeluaran,15202266.0,Kartu Kredit,Peralatan & Aset
582,2026-01-25,Influencer marketing,Marketing & Promosi,Pengeluaran,3283476.0,Transfer Bank,Marketing & Promosi
583,2026-01-30,Pelunasan kredit usaha,Utang & Cicilan,Pengeluaran,45862007.0,Transfer Bank,Utang & Cicilan
584,2026-01-05,Pelunasan kredit usaha,Utang & Cicilan,Pengeluaran,23676816.0,Transfer Bank,Utang & Cicilan
585,2026-01-15,Restock produk,Pembelian Stok,Pengeluaran,16225722.0,Transfer Bank,Pembelian Stok
586,2026-01-02,Kurir,Transportasi & Logistik,Pengeluaran,1177465.0,Kartu Kredit,Transportasi & Logistik
587,2026-01-28,Event marketing,Marketing & Promosi,Pengeluaran,14232598.0,Kartu Kredit,Marketing & Promosi
588,2026-01-09,Hosting website,Software & Langganan,Pengeluaran,2187959.0,Kartu Debit,Software & Langganan
589,2026-01-07,Bunga pinjaman,Utang & Cicilan,Pengeluaran,3489301.0,Transfer Bank,Utang & Cicilan
590,2026-01-14,Pembelian mesin produksi,Peralatan & Aset,Pengeluaran,46179587.0,Kartu Kredit,Peralatan & Aset
591,2026-01-19,Pembelian mesin produksi,Peralatan & Aset,Pengeluaran,17170382.0,Transfer Bank,Peralatan & Aset
592,2026-01-04,Restock produk,Pembelian Stok,Pengeluaran,16129725.0,Kartu Kredit,Pembelian Stok
593,2026-01-13,Bunga pinjaman,Utang & Cicilan,Pengeluaran,448140.0,Transfer Bank,Utang & Cicilan
594,2026-01-29,Cicilan pinjaman usaha,Utang & Cicilan,Pengeluaran,4758079.0,Transfer Bank,Utang & Cicilan
595,2026-01-13,Biaya MDR kartu,Biaya Bank,Pengeluaran,624100.0,QRIS,Biaya Bank
596,2026-01-15,Bonus karyawan,Gaji & Karyawan,Pengeluaran,1035667.0,Transfer Bank,Gaji & Karyawan
597,2026-01-11,Pembelian barang dagang,Pembelian Stok,Pengeluaran,12121650.0,Kartu Kredit,Pembelian Stok
598,2026-01-02,Pembelian barang dagang,Pembelian Stok,Pengeluaran,878044.0,Kartu Debit,Pembelian Stok
599,2026-01-13,Biaya tarik tunai,Biaya Bank,Pengeluaran,11317.0,E-Wallet,Biaya Bank
600,2026-01-03,Pembelian mesin produksi,Peralatan & Aset,Pengeluaran,18369771.0,Transfer Bank,Peralatan & Aset
601,2026-01-03,Restock produk,Pembelian Stok,Pengeluaran,20285440.0,E-Wallet,Pembelian Stok
602,2026-01-15,Biaya tak terduga,Lain-lain,Pengeluaran,1592547.0,E-Wallet,Lain-lain
603,2026-01-26,Biaya ekspedisi,Transportasi & Logistik,Pengeluaran,593464.0,Kartu Debit,Transportasi & Logistik
604,2026-01-06,Biaya tarik tunai,Biaya Bank,Pengeluaran,23263.0,Kartu Debit,Biaya Bank
605,2026-01-13,Refund pelanggan,Lain-lain,Pengeluaran,2130352.0,E-Wallet,Lain-lain
606,2026-01-18,Pelunasan kredit usaha,Utang & Cicilan,Pengeluaran,13206900.0,Transfer Bank,Utang & Cicilan
607,2026-01-10,THR,Gaji & Karyawan,Pengeluaran,2674135.0,Transfer Bank,Gaji & Karyawan
608,2026-01-19,Biaya tak terduga,Lain-lain,Pengeluaran,3240690.0,E-Wallet,Lain-lain
609,2026-02-07,Pendapatan toko offline,Penjualan,Pemasukan,2432796.0,Kartu Debit,Penjualan
610,2026-02-13,Pinjaman usaha,Modal & Investasi,Pemasukan,79456517.0,Transfer Bank,Modal & Investasi
611,2026-02-24,Tambahan modal operasional,Modal & Investasi,Pemasukan,14553814.0,Transfer Bank,Modal & Investasi
612,2026-02-19,Cicilan pelanggan,Piutang,Pemasukan,1085922.0,Payment Gateway,Piutang
613,2026-02-11,Pelunasan kredit usaha,Utang & Cicilan,Pengeluaran,13232567.0,Transfer Bank,Utang & Cicilan
614,2026-02-16,Biaya izin usaha,Pajak & Perizinan,Pengeluaran,10315077.0,Transfer Bank,Pajak & Perizinan
615,2026-02-27,Konsultan pajak,Pajak & Perizinan,Pengeluaran,13293922.0,Transfer Bank,Pajak & Perizinan
616,2026-02-20,Bayar pajak usaha,Pajak & Perizinan,Pengeluaran,7392797.0,Transfer Bank,Pajak & Perizinan
617,2026-02-20,Biaya transfer,Biaya Bank,Pengeluaran,13652.0,E-Wallet,Biaya Bank
618,2026-02-05,Donasi perusahaan,Lain-lain,Pengeluaran,6410052.0,E-Wallet,Lain-lain
619,2026-02-15,Biaya endorsement,Marketing & Promosi,Pengeluaran,5245014.0,Kartu Debit,Marketing & Promosi
620,2026-02-03,Biaya izin usaha,Pajak & Perizinan,Pengeluaran,12853467.0,Transfer Bank,Pajak & Perizinan
621,2026-02-25,Biaya izin usaha,Pajak & Perizinan,Pengeluaran,3174949.0,Transfer Bank,Pajak & Perizinan
622,2026-02-21,Cloud storage bisnis,Software & Langganan,Pengeluaran,1714493.0,Kartu Debit,Software & Langganan
623,2026-02-01,Tools desain,Software & Langganan,Pengeluaran,1777172.0,Kartu Debit,Software & Langganan
624,2026-02-22,Pembelian printer,Peralatan & Aset,Pengeluaran,9877903.0,Kartu Debit,Peralatan & Aset
625,2026-03-08,Pendapatan proyek,Penjualan,Pemasukan,9008703.0,E-Wallet,Penjualan
626,2026-03-18,Investasi investor,Modal & Investasi,Pemasukan,78241819.0,Transfer Bank,Modal & Investasi
627,2026-03-01,Pembayaran piutang pelanggan,Piutang,Pemasukan,11971093.0,Transfer Bank,Piutang
628,2026-03-24,Pembayaran piutang pelanggan,Piutang,Pemasukan,17349733.0,QRIS,Piutang
629,2026-03-21,Pinjaman usaha,Modal & Investasi,Pemasukan,46051773.0,Transfer Bank,Modal & Investasi
630,2026-03-14,Pinjaman usaha,Modal & Investasi,Pemasukan,95260907.0,Transfer Bank,Modal & Investasi
631,2026-03-11,Cicilan pelanggan,Piutang,Pemasukan,4870304.0,QRIS,Piutang
632,2026-03-17,Tambahan modal operasional,Modal & Investasi,Pemasukan,3127498.0,Transfer Bank,Modal & Investasi
633,2026-03-08,Pembelian bahan baku,Pembelian Stok,Pengeluaran,19399974.0,E-Wallet,Pembelian Stok
634,2026-03-10,Koreksi transaksi,Lain-lain,Pengeluaran,444103.0,Transfer Bank,Lain-lain
635,2026-03-13,PPN,Pajak & Perizinan,Pengeluaran,14882811.0,Transfer Bank,Pajak & Perizinan
636,2026-03-12,Donasi perusahaan,Lain-lain,Pengeluaran,4972176.0,Transfer Bank,Lain-lain
637,2026-03-01,Cicilan pinjaman usaha,Utang & Cicilan,Pengeluaran,4136453.0,Transfer Bank,Utang & Cicilan
638,2026-03-21,Pembelian barang dagang,Pembelian Stok,Pengeluaran,15688423.0,Kartu Kredit,Pembelian Stok
639,2026-03-02,Cloud storage bisnis,Software & Langganan,Pengeluaran,580165.0,Kartu Kredit,Software & Langganan
640,2026-03-16,ATK,Operasional Kantor,Pengeluaran,286085.0,Transfer Bank,Operasional Kantor
641,2026-03-29,Biaya MDR kartu,Biaya Bank,Pengeluaran,843412.0,Kartu Debit,Biaya Bank
642,2026-03-20,Air kantor,Operasional Kantor,Pengeluaran,958557.0,Kartu Kredit,Operasional Kantor
643,2026-03-21,Biaya payment gateway,Biaya Bank,Pengeluaran,874594.0,Payment Gateway,Biaya Bank
644,2026-03-08,Bensin operasional,Transportasi & Logistik,Pengeluaran,200666.0,E-Wallet,Transportasi & Logistik
645,2026-03-29,Marketing & Promosi,Marketing & Promosi,Pengeluaran,1045352.0,Kartu Debit,Marketing & Promosi
646,2026-03-12,Selisih kas,Lain-lain,Pengeluaran,177046.0,Transfer Bank,Lain-lain
647,2026-03-11,Listrik kantor,Operasional Kantor,Pengeluaran,1079953.0,Kartu Kredit,Operasional Kantor
648,2026-03-02,Pembelian bahan baku,Pembelian Stok,Pengeluaran,2029307.0,Transfer Bank,Pembelian Stok
649,2026-03-25,Sewa kendaraan,Transportasi & Logistik,Pengeluaran,2508561.0,Tunai,Transportasi & Logistik
650,2026-03-03,Listrik kantor,Operasional Kantor,Pengeluaran,232341.0,Transfer Bank,Operasional Kantor
651,2026-03-09,Sewa kantor,Operasional Kantor,Pengeluaran,9355859.0,Kartu Kredit,Operasional Kantor
652,2026-03-15,Event marketing,Marketing & Promosi,Pengeluaran,5310319.0,E-Wallet,Marketing & Promosi
653,2026-03-22,Pembelian barang dagang,Pembelian Stok,Pengeluaran,17828948.0,E-Wallet,Pembelian Stok
654,2026-03-15,Pembelian printer,Peralatan & Aset,Pengeluaran,13461908.0,Kartu Kredit,Peralatan & Aset
655,2026-03-12,Pembayaran utang supplier,Utang & Cicilan,Pengeluaran,13928245.0,Transfer Bank,Utang & Cicilan
656,2026-03-16,Bayar pajak usaha,Pajak & Perizinan,Pengeluaran,3773780.0,Transfer Bank,Pajak & Perizinan
657,2026-03-05,Biaya MDR kartu,Biaya Bank,Pengeluaran,800775.0,QRIS,Biaya Bank
658,2026-03-09,Biaya payment gateway,Biaya Bank,Pengeluaran,49610.0,QRIS,Biaya Bank
659,2026-03-17,Bayar pajak usaha,Pajak & Perizinan,Pengeluaran,42352768.0,Transfer Bank,Pajak & Perizinan
660,2026-03-29,Langganan software akuntansi,Software & Langganan,Pengeluaran,1229555.0,Kartu Debit,Software & Langganan
661,2026-03-30,PPh,Pajak & Perizinan,Pengeluaran,21915827.0,Transfer Bank,Pajak & Perizinan
662,2026-03-20,Influencer marketing,Marketing & Promosi,Pengeluaran,9729681.0,Kartu Kredit,Marketing & Promosi
663,2026-03-29,Biaya MDR kartu,Biaya Bank,Pengeluaran,751977.0,Kartu Debit,Biaya Bank
664,2026-03-19,Air kantor,Operasional Kantor,Pengeluaran,219620.0,Kartu Kredit,Operasional Kantor
665,2026-03-30,Biaya payment gateway,Biaya Bank,Pengeluaran,326903.0,Kartu Debit,Biaya Bank
666,2026-03-03,Biaya MDR kartu,Biaya Bank,Pengeluaran,370025.0,QRIS,Biaya Bank
667,2026-03-25,CRM subscription,Software & Langganan,Pengeluaran,2674551.0,Transfer Bank,Software & Langganan
668,2026-04-04,Tambahan modal operasional,Modal & Investasi,Pemasukan,8852345.0,Transfer Bank,Modal & Investasi
669,2026-04-29,Pendapatan grosir,Penjualan,Pemasukan,15991117.0,Kartu Debit,Penjualan
670,2026-04-28,Tambahan modal operasional,Modal & Investasi,Pemasukan,8901968.0,Transfer Bank,Modal & Investasi
671,2026-04-28,Pembayaran piutang pelanggan,Piutang,Pemasukan,6212560.0,Transfer Bank,Piutang
672,2026-04-05,Cicilan pelanggan,Piutang,Pemasukan,456399.0,Payment Gateway,Piutang
673,2026-04-29,Investasi investor,Modal & Investasi,Pemasukan,223498039.0,Transfer Bank,Modal & Investasi
674,2026-04-18,Pembayaran piutang pelanggan,Piutang,Pemasukan,20363095.0,Payment Gateway,Piutang
675,2026-04-29,Setoran modal pemilik,Modal & Investasi,Pemasukan,48638229.0,Transfer Bank,Modal & Investasi
676,2026-04-15,Tambahan modal operasional,Modal & Investasi,Pemasukan,13278952.0,Transfer Bank,Modal & Investasi
677,2026-04-10,Pendapatan toko offline,Penjualan,Pemasukan,1276109.0,QRIS,Penjualan
678,2026-04-04,Sewa kendaraan,Transportasi & Logistik,Pengeluaran,1545717.0,Kartu Kredit,Transportasi & Logistik
679,2026-04-05,PPh,Pajak & Perizinan,Pengeluaran,30300815.0,Transfer Bank,Pajak & Perizinan
680,2026-04-29,Donasi perusahaan,Lain-lain,Pengeluaran,884570.0,E-Wallet,Lain-lain
681,2026-04-12,Cetak brosur,Marketing & Promosi,Pengeluaran,2377347.0,E-Wallet,Marketing & Promosi
682,2026-04-29,Bensin operasional,Transportasi & Logistik,Pengeluaran,389162.0,E-Wallet,Transportasi & Logistik
683,2026-04-10,Pembelian barang dagang,Pembelian Stok,Pengeluaran,1863182.0,Kartu Kredit,Pembelian Stok
684,2026-04-21,Koreksi transaksi,Lain-lain,Pengeluaran,295449.0,Transfer Bank,Lain-lain
685,2026-04-04,Donasi perusahaan,Lain-lain,Pengeluaran,3377619.0,Tunai,Lain-lain
686,2026-04-13,Biaya admin bank,Biaya Bank,Pengeluaran,43795.0,Payment Gateway,Biaya Bank
687,2026-04-08,Konsultan pajak,Pajak & Perizinan,Pengeluaran,14723688.0,Transfer Bank,Pajak & Perizinan
688,2026-04-21,Pembelian printer,Peralatan & Aset,Pengeluaran,10137675.0,Kartu Debit,Peralatan & Aset
689,2026-04-29,Hosting website,Software & Langganan,Pengeluaran,2456301.0,Kartu Kredit,Software & Langganan
690,2026-04-25,PPN,Pajak & Perizinan,Pengeluaran,13453036.0,Transfer Bank,Pajak & Perizinan
691,2026-04-06,Gaji karyawan,Gaji & Karyawan,Pengeluaran,4417196.0,Transfer Bank,Gaji & Karyawan
692,2026-04-24,ATK,Operasional Kantor,Pengeluaran,935913.0,Tunai,Operasional Kantor
693,2026-04-16,Pelunasan kredit usaha,Utang & Cicilan,Pengeluaran,4235728.0,Transfer Bank,Utang & Cicilan
694,2026-04-12,CRM subscription,Software & Langganan,Pengeluaran,1571741.0,Kartu Kredit,Software & Langganan
695,2026-04-08,Pembelian furniture kantor,Peralatan & Aset,Pengeluaran,12933108.0,Kartu Kredit,Peralatan & Aset
696,2026-04-04,Sewa kantor,Operasional Kantor,Pengeluaran,7849978.0,Kartu Debit,Operasional Kantor
697,2026-04-25,Langganan software akuntansi,Software & Langganan,Pengeluaran,1855265.0,E-Wallet,Software & Langganan
698,2026-04-12,Konsultan pajak,Pajak & Perizinan,Pengeluaran,7014295.0,Transfer Bank,Pajak & Perizinan
3004,2026-04-28,Pembelian bahan baku,Pembelian Stok,Pengeluaran,14126767.0,Kartu Debit,Pembelian Stok
700,2026-04-19,CRM subscription,Software & Langganan,Pengeluaran,207876.0,E-Wallet,Software & Langganan
701,2026-04-06,Parkir operasional,Transportasi & Logistik,Pengeluaran,111749.0,Kartu Kredit,Transportasi & Logistik
702,2026-04-19,Reimbursement karyawan,Gaji & Karyawan,Pengeluaran,1404562.0,Transfer Bank,Gaji & Karyawan
703,2026-04-08,Restock produk,Pembelian Stok,Pengeluaran,8205463.0,E-Wallet,Pembelian Stok
704,2026-04-18,THR,Gaji & Karyawan,Pengeluaran,4138324.0,Transfer Bank,Gaji & Karyawan
705,2026-04-12,Iklan online,Marketing & Promosi,Pengeluaran,16767554.0,E-Wallet,Marketing & Promosi
706,2026-04-29,Iklan online,Marketing & Promosi,Pengeluaran,5976154.0,Kartu Debit,Marketing & Promosi
707,2026-04-28,Biaya ekspedisi,Transportasi & Logistik,Pengeluaran,395798.0,Transfer Bank,Transportasi & Logistik
708,2026-04-06,Hosting website,Software & Langganan,Pengeluaran,749522.0,Transfer Bank,Software & Langganan
709,2026-04-24,Marketing & Promosi,Marketing & Promosi,Pengeluaran,11886091.0,E-Wallet,Marketing & Promosi
710,2026-04-05,Internet kantor,Operasional Kantor,Pengeluaran,1301910.0,Kartu Debit,Operasional Kantor
711,2026-04-25,Koreksi transaksi,Lain-lain,Pengeluaran,59207.0,Transfer Bank,Lain-lain
712,2026-04-24,Event marketing,Marketing & Promosi,Pengeluaran,13166553.0,E-Wallet,Marketing & Promosi
713,2026-04-21,Bunga pinjaman,Utang & Cicilan,Pengeluaran,4850472.0,Transfer Bank,Utang & Cicilan
714,2026-04-01,Pembelian perlengkapan produksi,Pembelian Stok,Pengeluaran,3433167.0,Transfer Bank,Pembelian Stok
715,2026-04-02,Pembelian barang dagang,Pembelian Stok,Pengeluaran,3000938.0,E-Wallet,Pembelian Stok
716,2026-04-18,Biaya tarik tunai,Biaya Bank,Pengeluaran,19624.0,Kartu Debit,Biaya Bank
717,2026-04-27,Domain website,Software & Langganan,Pengeluaran,1358980.0,Transfer Bank,Software & Langganan
718,2026-04-18,Internet kantor,Operasional Kantor,Pengeluaran,1222355.0,Kartu Kredit,Operasional Kantor
719,2026-04-13,Restock produk,Pembelian Stok,Pengeluaran,6379368.0,Tunai,Pembelian Stok
720,2026-04-28,Listrik kantor,Operasional Kantor,Pengeluaran,763583.0,Kartu Debit,Operasional Kantor
721,2026-04-26,Pembelian bahan baku,Pembelian Stok,Pengeluaran,6988206.0,Transfer Bank,Pembelian Stok
722,2026-04-06,BPJS Karyawan,Gaji & Karyawan,Pengeluaran,352019.0,Transfer Bank,Gaji & Karyawan
723,2026-04-17,Hosting website,Software & Langganan,Pengeluaran,2245526.0,E-Wallet,Software & Langganan
724,2026-04-27,Pembelian barang dagang,Pembelian Stok,Pengeluaran,12523060.0,Transfer Bank,Pembelian Stok
725,2026-04-11,Cloud storage bisnis,Software & Langganan,Pengeluaran,1116623.0,E-Wallet,Software & Langganan
726,2026-04-14,Pembelian barang dagang,Pembelian Stok,Pengeluaran,6306687.0,Transfer Bank,Pembelian Stok
727,2026-04-26,Pembelian bahan baku,Pembelian Stok,Pengeluaran,2473458.0,Kartu Debit,Pembelian Stok
728,2026-04-17,Gaji karyawan,Gaji & Karyawan,Pengeluaran,8221374.0,Transfer Bank,Gaji & Karyawan
729,2026-04-29,Diskon promosi,Marketing & Promosi,Pengeluaran,1566261.0,Transfer Bank,Marketing & Promosi
730,2026-04-12,Refund pelanggan,Lain-lain,Pengeluaran,3182702.0,Transfer Bank,Lain-lain
731,2026-04-16,Pembelian mesin produksi,Peralatan & Aset,Pengeluaran,13470486.0,Kartu Debit,Peralatan & Aset
732,2026-05-21,Penjualan jasa,Penjualan,Pemasukan,4524581.0,Payment Gateway,Penjualan
733,2026-05-10,Cicilan pelanggan,Piutang,Pemasukan,3664441.0,Payment Gateway,Piutang
734,2026-05-20,Investasi investor,Modal & Investasi,Pemasukan,201251805.0,Transfer Bank,Modal & Investasi
735,2026-05-21,Pembayaran piutang pelanggan,Piutang,Pemasukan,29944571.0,Payment Gateway,Piutang
736,2026-05-21,Cicilan pelanggan,Piutang,Pemasukan,451483.0,QRIS,Piutang
737,2026-05-18,Pendapatan proyek,Penjualan,Pemasukan,11603308.0,Kartu Debit,Penjualan
738,2026-05-18,Pembayaran piutang pelanggan,Piutang,Pemasukan,13231777.0,Payment Gateway,Piutang
739,2026-05-06,Bunga pinjaman,Utang & Cicilan,Pengeluaran,2490169.0,Transfer Bank,Utang & Cicilan
740,2026-05-08,Cicilan pinjaman usaha,Utang & Cicilan,Pengeluaran,13304066.0,Transfer Bank,Utang & Cicilan
741,2026-05-21,Pembelian printer,Peralatan & Aset,Pengeluaran,4871359.0,Kartu Kredit,Peralatan & Aset
742,2026-05-03,Cicilan pinjaman usaha,Utang & Cicilan,Pengeluaran,1262750.0,Transfer Bank,Utang & Cicilan
743,2026-05-08,Pembayaran utang supplier,Utang & Cicilan,Pengeluaran,22258421.0,Transfer Bank,Utang & Cicilan
744,2026-05-20,Domain website,Software & Langganan,Pengeluaran,435037.0,Kartu Kredit,Software & Langganan
745,2026-05-03,Restock produk,Pembelian Stok,Pengeluaran,23383322.0,E-Wallet,Pembelian Stok
746,2026-05-22,Iklan online,Marketing & Promosi,Pengeluaran,15951257.0,Kartu Kredit,Marketing & Promosi
747,2026-05-26,Cloud storage bisnis,Software & Langganan,Pengeluaran,504190.0,Kartu Debit,Software & Langganan
748,2026-05-18,Domain website,Software & Langganan,Pengeluaran,1395801.0,Kartu Kredit,Software & Langganan
749,2026-05-14,Biaya transfer,Biaya Bank,Pengeluaran,47580.0,Payment Gateway,Biaya Bank
750,2026-05-21,Iklan online,Marketing & Promosi,Pengeluaran,14872823.0,Transfer Bank,Marketing & Promosi
751,2026-05-27,Sewa kendaraan,Transportasi & Logistik,Pengeluaran,364336.0,E-Wallet,Transportasi & Logistik
752,2026-05-27,Bunga pinjaman,Utang & Cicilan,Pengeluaran,4998329.0,Transfer Bank,Utang & Cicilan
753,2026-05-14,Sewa kantor,Operasional Kantor,Pengeluaran,14380332.0,Kartu Kredit,Operasional Kantor
754,2026-05-26,Iklan online,Marketing & Promosi,Pengeluaran,4301004.0,E-Wallet,Marketing & Promosi
755,2026-05-11,Biaya payment gateway,Biaya Bank,Pengeluaran,927386.0,Transfer Bank,Biaya Bank
756,2026-05-15,Restock produk,Pembelian Stok,Pengeluaran,29586081.0,Kartu Kredit,Pembelian Stok
757,2026-05-18,Biaya transfer,Biaya Bank,Pengeluaran,9360.0,E-Wallet,Biaya Bank
758,2026-05-13,Biaya transfer,Biaya Bank,Pengeluaran,29227.0,QRIS,Biaya Bank
759,2026-05-17,Kurir,Transportasi & Logistik,Pengeluaran,988784.0,Tunai,Transportasi & Logistik
760,2026-05-15,Parkir operasional,Transportasi & Logistik,Pengeluaran,226626.0,E-Wallet,Transportasi & Logistik
761,2026-05-19,Gaji karyawan,Gaji & Karyawan,Pengeluaran,12865139.0,Transfer Bank,Gaji & Karyawan
762,2026-05-05,Administrasi legal,Pajak & Perizinan,Pengeluaran,1270635.0,Transfer Bank,Pajak & Perizinan
763,2026-05-09,Donasi perusahaan,Lain-lain,Pengeluaran,4927157.0,Tunai,Lain-lain
764,2026-05-20,Langganan software akuntansi,Software & Langganan,Pengeluaran,1857424.0,Kartu Kredit,Software & Langganan
765,2026-05-02,Listrik kantor,Operasional Kantor,Pengeluaran,509953.0,Kartu Debit,Operasional Kantor
766,2026-05-24,CRM subscription,Software & Langganan,Pengeluaran,596641.0,Kartu Kredit,Software & Langganan
767,2026-05-30,Iklan online,Marketing & Promosi,Pengeluaran,9302952.0,Transfer Bank,Marketing & Promosi
768,2026-05-15,Kebersihan kantor,Operasional Kantor,Pengeluaran,57655.0,Transfer Bank,Operasional Kantor
769,2026-05-03,Biaya transfer,Biaya Bank,Pengeluaran,26702.0,Transfer Bank,Biaya Bank
3005,2026-05-18,Pembelian furniture kantor,Peralatan & Aset,Pengeluaran,7387849.0,Transfer Bank,Peralatan & Aset
771,2026-05-20,Biaya transfer,Biaya Bank,Pengeluaran,8023.0,Transfer Bank,Biaya Bank
772,2026-05-22,Koreksi transaksi,Lain-lain,Pengeluaran,330921.0,Transfer Bank,Lain-lain
773,2026-05-14,Biaya transfer,Biaya Bank,Pengeluaran,22704.0,Transfer Bank,Biaya Bank
774,2026-05-08,BPJS Karyawan,Gaji & Karyawan,Pengeluaran,370556.0,Transfer Bank,Gaji & Karyawan
775,2026-05-05,Biaya izin usaha,Pajak & Perizinan,Pengeluaran,14967414.0,Transfer Bank,Pajak & Perizinan
776,2026-05-11,Biaya transfer,Biaya Bank,Pengeluaran,15094.0,Transfer Bank,Biaya Bank
777,2026-05-01,Hosting website,Software & Langganan,Pengeluaran,1899250.0,Kartu Kredit,Software & Langganan
778,2024-08-12,CRM subscription,Software & Langganan,Pengeluaran,2870318.0,Kartu Debit,Software & Langganan
779,2026-04-13,Kebersihan kantor,Operasional Kantor,Pengeluaran,596800.0,Transfer Bank,Operasional Kantor
780,2024-07-21,Biaya admin bank,Biaya Bank,Pengeluaran,18857.0,Transfer Bank,Biaya Bank
781,2026-03-23,Penjualan jasa,Penjualan,Pemasukan,7744531.0,Payment Gateway,Penjualan
3006,2025-02-27,Biaya tak terduga,Lain-lain,Pengeluaran,7734278.0,E-Wallet,Lain-lain
783,2026-01-21,Pendapatan toko offline,Penjualan,Pemasukan,2284933.0,Transfer Bank,Penjualan
784,2025-06-30,Pembayaran piutang pelanggan,Piutang,Pemasukan,26230065.0,Transfer Bank,Piutang
785,2025-05-11,Domain website,Software & Langganan,Pengeluaran,873422.0,E-Wallet,Software & Langganan
786,2024-07-26,Piutang,Piutang,Pemasukan,21917323.0,QRIS,Piutang
787,2025-08-01,Cicilan pelanggan,Piutang,Pemasukan,2088824.0,QRIS,Piutang
788,2024-12-24,Investasi investor,Modal & Investasi,Pemasukan,236574796.0,Transfer Bank,Modal & Investasi
789,2025-03-01,Penjualan jasa,Penjualan,Pemasukan,19611564.0,QRIS,Penjualan
790,2026-01-18,Event marketing,Marketing & Promosi,Pengeluaran,10590823.0,Kartu Debit,Marketing & Promosi
791,2025-10-30,Setoran modal pemilik,Modal & Investasi,Pemasukan,31361772.0,Transfer Bank,Modal & Investasi
792,2026-04-05,Tambahan modal operasional,Modal & Investasi,Pemasukan,5805840.0,Transfer Bank,Modal & Investasi
793,2024-08-03,Penjualan jasa,Penjualan,Pemasukan,16006899.0,Transfer Bank,Penjualan
794,2024-11-18,Penjualan produk,Penjualan,Pemasukan,1421872.0,E-Wallet,Penjualan
795,2026-05-23,Pembelian bahan baku,Pembelian Stok,Pengeluaran,19203658.0,E-Wallet,Pembelian Stok
796,2025-02-15,Administrasi legal,Pajak & Perizinan,Pengeluaran,12868107.0,Transfer Bank,Pajak & Perizinan
797,2024-09-04,CRM subscription,Software & Langganan,Pengeluaran,1481095.0,Kartu Debit,Software & Langganan
798,2025-06-23,Pelunasan invoice,Piutang,Pemasukan,29051877.0,QRIS,Piutang
799,2026-01-19,Pembelian bahan baku,Pembelian Stok,Pengeluaran,7987051.0,Kartu Debit,Pembelian Stok
800,2025-08-25,Cetak brosur,Marketing & Promosi,Pengeluaran,2523088.0,Kartu Debit,Marketing & Promosi
801,2025-08-25,Biaya tarik tunai,Biaya Bank,Pengeluaran,24690.0,QRIS,Biaya Bank
802,2025-04-14,Pendapatan toko offline,Penjualan,Pemasukan,1302218.0,E-Wallet,Penjualan
803,2024-11-26,Penjualan jasa,Penjualan,Pemasukan,22166360.0,Kartu Debit,Penjualan
804,2025-05-31,THR,Gaji & Karyawan,Pengeluaran,8622732.0,Transfer Bank,Gaji & Karyawan
805,2025-09-25,Setoran modal pemilik,Modal & Investasi,Pemasukan,33529227.0,Transfer Bank,Modal & Investasi
806,2025-05-14,Restock produk,Pembelian Stok,Pengeluaran,11960577.0,Kartu Debit,Pembelian Stok
807,2025-07-07,Iklan online,Marketing & Promosi,Pengeluaran,12079671.0,Kartu Debit,Marketing & Promosi
809,2026-01-04,Pelunasan kredit usaha,Utang & Cicilan,Pengeluaran,21694880.0,Transfer Bank,Utang & Cicilan
810,2024-09-16,Biaya payment gateway,Biaya Bank,Pengeluaran,212368.0,E-Wallet,Biaya Bank
811,2025-11-25,Tambahan modal operasional,Modal & Investasi,Pemasukan,19094387.0,Transfer Bank,Modal & Investasi
812,2024-11-16,Penjualan jasa,Penjualan,Pemasukan,2063062.0,Kartu Debit,Penjualan
813,2025-11-14,Tambahan modal operasional,Modal & Investasi,Pemasukan,6289895.0,Transfer Bank,Modal & Investasi
814,2024-10-02,Pendapatan proyek,Penjualan,Pemasukan,14798899.0,Payment Gateway,Penjualan
815,2025-12-04,Setoran modal pemilik,Modal & Investasi,Pemasukan,44044962.0,Transfer Bank,Modal & Investasi
816,2025-01-16,Pendapatan marketplace,Penjualan,Pemasukan,1183727.0,Kartu Debit,Penjualan
817,2025-01-20,Cicilan pinjaman usaha,Utang & Cicilan,Pengeluaran,7010313.0,Transfer Bank,Utang & Cicilan
818,2026-05-06,Investasi investor,Modal & Investasi,Pemasukan,220849451.0,Transfer Bank,Modal & Investasi
819,2025-08-13,Kurir,Transportasi & Logistik,Pengeluaran,1630337.0,Transfer Bank,Transportasi & Logistik
820,2025-02-19,Biaya izin usaha,Pajak & Perizinan,Pengeluaran,5670939.0,Transfer Bank,Pajak & Perizinan
821,2024-06-24,Investasi investor,Modal & Investasi,Pemasukan,55160900.0,Transfer Bank,Modal & Investasi
822,2025-09-16,Sewa kantor,Operasional Kantor,Pengeluaran,8660391.0,Transfer Bank,Operasional Kantor
823,2026-01-05,Investasi investor,Modal & Investasi,Pemasukan,195159707.0,Transfer Bank,Modal & Investasi
824,2026-02-06,Domain website,Software & Langganan,Pengeluaran,411878.0,E-Wallet,Software & Langganan
825,2024-12-14,Cetak brosur,Marketing & Promosi,Pengeluaran,3598774.0,Kartu Debit,Marketing & Promosi
826,2026-05-08,CRM subscription,Software & Langganan,Pengeluaran,2698686.0,Kartu Kredit,Software & Langganan
827,2024-11-12,Pembelian barang dagang,Pembelian Stok,Pengeluaran,9353747.0,Kartu Kredit,Pembelian Stok
828,2025-06-03,Biaya endorsement,Marketing & Promosi,Pengeluaran,10628750.0,Kartu Debit,Marketing & Promosi
829,2025-07-31,Kebersihan kantor,Operasional Kantor,Pengeluaran,139429.0,Transfer Bank,Operasional Kantor
830,2026-02-01,Parkir operasional,Transportasi & Logistik,Pengeluaran,735785.0,Tunai,Transportasi & Logistik
831,2026-03-14,Biaya tarik tunai,Biaya Bank,Pengeluaran,11605.0,E-Wallet,Biaya Bank
832,2024-06-10,Cicilan pelanggan,Piutang,Pemasukan,303045.0,Payment Gateway,Piutang
833,2024-10-08,THR,Gaji & Karyawan,Pengeluaran,6207512.0,Transfer Bank,Gaji & Karyawan
834,2025-06-17,Pinjaman usaha,Modal & Investasi,Pemasukan,57858993.0,Transfer Bank,Modal & Investasi
835,2024-06-11,Penjualan jasa,Penjualan,Pemasukan,2042447.0,E-Wallet,Penjualan
836,2025-10-05,Donasi perusahaan,Lain-lain,Pengeluaran,9684937.0,Transfer Bank,Lain-lain
837,2025-02-05,DP dari pelanggan,Piutang,Pemasukan,1774392.0,Payment Gateway,Piutang
838,2025-01-17,Pendapatan grosir,Penjualan,Pemasukan,40334977.0,E-Wallet,Penjualan
839,2025-08-16,THR,Gaji & Karyawan,Pengeluaran,7391321.0,Transfer Bank,Gaji & Karyawan
840,2026-04-08,Investasi investor,Modal & Investasi,Pemasukan,222264177.0,Transfer Bank,Modal & Investasi
842,2026-02-27,Pembelian perlengkapan produksi,Pembelian Stok,Pengeluaran,1387413.0,Transfer Bank,Pembelian Stok
843,2024-08-10,Pendapatan proyek,Penjualan,Pemasukan,6551383.0,E-Wallet,Penjualan
844,2024-12-23,Pembayaran utang supplier,Utang & Cicilan,Pengeluaran,3587919.0,Transfer Bank,Utang & Cicilan
845,2025-07-13,Penjualan produk,Penjualan,Pemasukan,2031689.0,Transfer Bank,Penjualan
846,2025-01-02,Investasi investor,Modal & Investasi,Pemasukan,87746801.0,Transfer Bank,Modal & Investasi
847,2025-06-11,Gaji karyawan,Gaji & Karyawan,Pengeluaran,11533669.0,Transfer Bank,Gaji & Karyawan
848,2024-06-21,Pembelian printer,Peralatan & Aset,Pengeluaran,11424928.0,Transfer Bank,Peralatan & Aset
850,2025-01-15,Pinjaman usaha,Modal & Investasi,Pemasukan,64219448.0,Transfer Bank,Modal & Investasi
851,2025-04-22,Penjualan jasa,Penjualan,Pemasukan,8809313.0,Transfer Bank,Penjualan
852,2026-02-26,Bayar pajak usaha,Pajak & Perizinan,Pengeluaran,40404496.0,Lainnya,Pajak & Perizinan
853,2025-09-25,Koreksi transaksi,Lain-lain,Pengeluaran,298446.0,Tunai,Lain-lain
854,2025-12-31,Selisih kas,Lain-lain,Pengeluaran,329644.0,Tunai,Lain-lain
855,2025-07-24,Pembelian mesin produksi,Peralatan & Aset,Pengeluaran,9291588.0,Transfer Bank,Peralatan & Aset
856,2024-10-24,Penjualan produk,Penjualan,Pemasukan,596103.0,Kartu Debit,Penjualan
857,2025-04-01,DP dari pelanggan,Piutang,Pemasukan,10326301.0,Transfer Bank,Piutang
858,2025-10-02,Cicilan pelanggan,Piutang,Pemasukan,4661317.0,Transfer Bank,Piutang
859,2026-02-21,Biaya MDR kartu,Biaya Bank,Pengeluaran,62913.0,Payment Gateway,Biaya Bank
860,2026-01-02,Pendapatan proyek,Penjualan,Pemasukan,20792469.0,Kartu Debit,Penjualan
861,2026-01-10,Pembayaran piutang pelanggan,Piutang,Pemasukan,29124775.0,Payment Gateway,Piutang
862,2024-12-10,Pembelian bahan baku,Pembelian Stok,Pengeluaran,14979438.0,Kartu Debit,Pembelian Stok
863,2025-05-03,Pendapatan toko offline,Penjualan,Pemasukan,302861.0,QRIS,Penjualan
864,2026-03-07,Penjualan jasa,Penjualan,Pemasukan,20871978.0,Transfer Bank,Penjualan
865,2026-05-04,Pembelian laptop,Peralatan & Aset,Pengeluaran,31912304.0,Kartu Debit,Peralatan & Aset
866,2025-03-19,Pembelian barang dagang,Pembelian Stok,Pengeluaran,6484088.0,Tunai,Pembelian Stok
867,2026-04-05,DP dari pelanggan,Piutang,Pemasukan,7950404.0,Transfer Bank,Piutang
868,2024-12-01,Pembayaran utang supplier,Utang & Cicilan,Pengeluaran,18500606.0,Transfer Bank,Utang & Cicilan
869,2025-03-11,Pelunasan invoice,Piutang,Pemasukan,10423685.0,QRIS,Piutang
870,2025-05-30,Koreksi transaksi,Lain-lain,Pengeluaran,498728.0,Tunai,Lain-lain
871,2025-04-06,Ongkos kirim,Transportasi & Logistik,Pengeluaran,861502.0,Kartu Kredit,Transportasi & Logistik
872,2025-10-18,Pelunasan invoice,Piutang,Pemasukan,9084999.0,Payment Gateway,Piutang
873,2025-06-22,Pembelian mesin produksi,Peralatan & Aset,Pengeluaran,30027303.0,Kartu Debit,Peralatan & Aset
874,2024-10-03,Internet kantor,Operasional Kantor,Pengeluaran,1183589.0,Kartu Kredit,Operasional Kantor
875,2025-10-16,Pembayaran piutang pelanggan,Piutang,Pemasukan,18333457.0,Transfer Bank,Piutang
3007,2025-08-29,Tambahan modal operasional,Modal & Investasi,Pemasukan,3837928.0,Transfer Bank,Modal & Investasi
877,2025-12-05,Uang lembur,Gaji & Karyawan,Pengeluaran,2503872.0,Transfer Bank,Gaji & Karyawan
878,2025-08-25,Influencer marketing,Marketing & Promosi,Pengeluaran,3822968.0,Kartu Kredit,Marketing & Promosi
879,2025-09-07,Cicilan pelanggan,Piutang,Pemasukan,2120152.0,QRIS,Piutang
880,2025-08-26,Event marketing,Marketing & Promosi,Pengeluaran,7518786.0,Transfer Bank,Marketing & Promosi
881,2024-12-21,Biaya admin bank,Biaya Bank,Pengeluaran,43952.0,Payment Gateway,Biaya Bank
882,2026-02-21,Bensin operasional,Transportasi & Logistik,Pengeluaran,500228.0,Kartu Debit,Transportasi & Logistik
883,2025-06-15,BPJS Karyawan,Gaji & Karyawan,Pengeluaran,321530.0,Transfer Bank,Gaji & Karyawan
884,2025-01-01,Tambahan modal operasional,Modal & Investasi,Pemasukan,16786757.0,Transfer Bank,Modal & Investasi
885,2025-07-02,Pembelian printer,Peralatan & Aset,Pengeluaran,3566489.0,Kartu Debit,Peralatan & Aset
886,2025-08-13,DP dari pelanggan,Piutang,Pemasukan,10229562.0,Transfer Bank,Piutang
887,2024-07-28,Tambahan modal operasional,Modal & Investasi,Pemasukan,18142923.0,Transfer Bank,Modal & Investasi
888,2025-05-05,Penjualan produk,Penjualan,Pemasukan,1197504.0,Transfer Bank,Penjualan
889,2024-09-24,Investasi investor,Modal & Investasi,Pemasukan,184491988.0,Transfer Bank,Modal & Investasi
890,2025-12-27,Pembelian laptop,Peralatan & Aset,Pengeluaran,15554084.0,Transfer Bank,Peralatan & Aset
891,2024-12-06,Refund pelanggan,Lain-lain,Pengeluaran,1198324.0,Tunai,Lain-lain
892,2024-11-04,Pinjaman usaha,Modal & Investasi,Pemasukan,44058793.0,Transfer Bank,Modal & Investasi
893,2024-11-06,Penjualan jasa,Penjualan,Pemasukan,7674827.0,Tunai,Penjualan
894,2024-08-16,Biaya MDR kartu,Biaya Bank,Pengeluaran,793886.0,Kartu Debit,Biaya Bank
895,2025-01-24,Sewa kantor,Operasional Kantor,Pengeluaran,3627184.0,Kartu Kredit,Operasional Kantor
896,2026-02-08,Cicilan pelanggan,Piutang,Pemasukan,3367568.0,QRIS,Piutang
897,2025-04-21,Internet kantor,Operasional Kantor,Pengeluaran,693285.0,Kartu Kredit,Operasional Kantor
898,2024-08-20,Pendapatan marketplace,Penjualan,Pemasukan,2362180.0,E-Wallet,Penjualan
899,2025-10-23,Diskon promosi,Marketing & Promosi,Pengeluaran,2370659.0,Transfer Bank,Marketing & Promosi
900,2024-12-27,Pinjaman usaha,Modal & Investasi,Pemasukan,16084698.0,Transfer Bank,Modal & Investasi
901,2026-02-12,Pinjaman usaha,Modal & Investasi,Pemasukan,93471539.0,Transfer Bank,Modal & Investasi
902,2025-04-06,DP dari pelanggan,Piutang,Pemasukan,13278213.0,QRIS,Piutang
903,2025-11-10,Pelunasan invoice,Piutang,Pemasukan,17599525.0,QRIS,Piutang
904,2026-05-11,Biaya izin usaha,Pajak & Perizinan,Pengeluaran,8770386.0,Transfer Bank,Pajak & Perizinan
905,2025-04-01,Pembayaran piutang pelanggan,Piutang,Pemasukan,28778635.0,Transfer Bank,Piutang
906,2025-05-23,Tambahan modal operasional,Modal & Investasi,Pemasukan,19706939.0,Transfer Bank,Modal & Investasi
907,2026-05-19,Investasi investor,Modal & Investasi,Pemasukan,244956410.0,Transfer Bank,Modal & Investasi
908,2025-01-26,Setoran modal pemilik,Modal & Investasi,Pemasukan,24158257.0,Transfer Bank,Modal & Investasi
909,2024-06-26,DP dari pelanggan,Piutang,Pemasukan,4847413.0,Transfer Bank,Piutang
910,2026-04-28,Pelunasan invoice,Piutang,Pemasukan,24807823.0,QRIS,Piutang
911,2025-11-20,Biaya MDR kartu,Biaya Bank,Pengeluaran,683517.0,Transfer Bank,Biaya Bank
912,2026-04-28,Setoran modal pemilik,Modal & Investasi,Pemasukan,43766020.0,Transfer Bank,Modal & Investasi
913,2025-08-25,BPJS Karyawan,Gaji & Karyawan,Pengeluaran,769368.0,Transfer Bank,Gaji & Karyawan
914,2025-03-12,Cloud storage bisnis,Software & Langganan,Pengeluaran,1303191.0,Kartu Debit,Software & Langganan
915,2024-11-14,Bunga pinjaman,Utang & Cicilan,Pengeluaran,4290263.0,Transfer Bank,Utang & Cicilan
916,2025-09-15,Bonus karyawan,Gaji & Karyawan,Pengeluaran,7503927.0,Transfer Bank,Gaji & Karyawan
917,2025-04-02,Pelunasan invoice,Piutang,Pemasukan,13132928.0,Transfer Bank,Piutang
918,2024-08-22,Setoran modal pemilik,Modal & Investasi,Pemasukan,18257650.0,Transfer Bank,Modal & Investasi
919,2024-07-17,Penjualan produk,Penjualan,Pemasukan,1103898.0,QRIS,Penjualan
920,2025-02-23,Pembayaran piutang pelanggan,Piutang,Pemasukan,14606093.0,QRIS,Piutang
921,2024-12-02,CRM subscription,Software & Langganan,Pengeluaran,2723614.0,E-Wallet,Software & Langganan
922,2025-10-25,Pendapatan grosir,Penjualan,Pemasukan,35637388.0,Tunai,Penjualan
923,2024-11-18,Pelunasan invoice,Piutang,Pemasukan,9653161.0,Payment Gateway,Piutang
3008,2025-06-16,Ongkos kirim,Transportasi & Logistik,Pengeluaran,729778.0,E-Wallet,Transportasi & Logistik
925,2026-03-04,Pendapatan proyek,Penjualan,Pemasukan,17219029.0,Kartu Debit,Penjualan
926,2025-07-02,Tambahan modal operasional,Modal & Investasi,Pemasukan,5812561.0,Transfer Bank,Modal & Investasi
927,2025-08-02,Pendapatan toko offline,Penjualan,Pemasukan,333112.0,QRIS,Penjualan
928,2025-09-21,Event marketing,Marketing & Promosi,Pengeluaran,7847629.0,Transfer Bank,Marketing & Promosi
929,2024-09-11,Penjualan jasa,Penjualan,Pemasukan,18976384.0,Kartu Debit,Penjualan
930,2026-02-14,Pinjaman usaha,Modal & Investasi,Pemasukan,67149212.0,Transfer Bank,Modal & Investasi
931,2025-09-09,Pendapatan marketplace,Penjualan,Pemasukan,4439694.0,Tunai,Penjualan
932,2026-01-14,Donasi perusahaan,Lain-lain,Pengeluaran,8373004.0,E-Wallet,Lain-lain
933,2025-03-22,Biaya tarik tunai,Biaya Bank,Pengeluaran,42377.0,Payment Gateway,Biaya Bank
934,2024-10-28,Bunga pinjaman,Utang & Cicilan,Pengeluaran,4086669.0,Transfer Bank,Utang & Cicilan
935,2025-01-01,Pelunasan invoice,Piutang,Pemasukan,10362880.0,QRIS,Piutang
936,2026-01-27,Utang & Cicilan,Utang & Cicilan,Pengeluaran,2814545.0,Transfer Bank,Utang & Cicilan
937,2024-06-27,Cetak brosur,Marketing & Promosi,Pengeluaran,475173.0,Kartu Kredit,Marketing & Promosi
938,2025-09-17,Penjualan produk,Penjualan,Pemasukan,734189.0,E-Wallet,Penjualan
939,2024-07-21,Bonus karyawan,Gaji & Karyawan,Pengeluaran,2658466.0,Transfer Bank,Gaji & Karyawan
940,2025-08-04,Biaya tarik tunai,Biaya Bank,Pengeluaran,4258.0,QRIS,Biaya Bank
941,2025-01-01,PPN,Pajak & Perizinan,Pengeluaran,41464586.0,Transfer Bank,Pajak & Perizinan
942,2026-04-11,Penjualan produk,Penjualan,Pemasukan,1373617.0,Kartu Debit,Penjualan
943,2024-06-17,Konsultan pajak,Pajak & Perizinan,Pengeluaran,6070432.0,Transfer Bank,Pajak & Perizinan
944,2025-04-23,PPh,Pajak & Perizinan,Pengeluaran,16488771.0,Transfer Bank,Pajak & Perizinan
945,2026-02-17,Pembelian barang dagang,Pembelian Stok,Pengeluaran,15809132.0,Kartu Debit,Pembelian Stok
946,2024-05-29,Penjualan produk,Penjualan,Pemasukan,934508.0,QRIS,Penjualan
947,2024-09-20,Refund pelanggan,Lain-lain,Pengeluaran,4474219.0,E-Wallet,Lain-lain
948,2025-12-05,Domain website,Software & Langganan,Pengeluaran,2018129.0,E-Wallet,Software & Langganan
949,2024-10-19,Iklan online,Marketing & Promosi,Pengeluaran,1178083.0,Transfer Bank,Marketing & Promosi
950,2026-01-31,Pendapatan proyek,Penjualan,Pemasukan,2588963.0,Tunai,Penjualan
951,2025-09-17,Restock produk,Pembelian Stok,Pengeluaran,9527034.0,Tunai,Pembelian Stok
952,2026-03-11,Setoran modal pemilik,Modal & Investasi,Pemasukan,43742199.0,Transfer Bank,Modal & Investasi
953,2024-11-02,Setoran modal pemilik,Modal & Investasi,Pemasukan,44707859.0,Transfer Bank,Modal & Investasi
954,2026-04-17,Selisih kas,Lain-lain,Pengeluaran,444239.0,E-Wallet,Lain-lain
955,2025-01-09,Setoran modal pemilik,Modal & Investasi,Pemasukan,18560546.0,Transfer Bank,Modal & Investasi
956,2024-06-19,Bayar pajak usaha,Pajak & Perizinan,Pengeluaran,9948296.0,Transfer Bank,Pajak & Perizinan
957,2024-08-11,Bayar pajak usaha,Pajak & Perizinan,Pengeluaran,19793821.5,Transfer Bank,Pajak & Perizinan
958,2026-01-14,Tambahan modal operasional,Modal & Investasi,Pemasukan,3939240.0,Transfer Bank,Modal & Investasi
959,2025-11-05,Cicilan pelanggan,Piutang,Pemasukan,1323022.0,QRIS,Piutang
960,2026-03-16,Cicilan pinjaman usaha,Utang & Cicilan,Pengeluaran,5317593.0,Transfer Bank,Utang & Cicilan
961,2026-04-26,Pendapatan marketplace,Penjualan,Pemasukan,4098054.0,Payment Gateway,Penjualan
962,2025-12-16,Koreksi transaksi,Lain-lain,Pengeluaran,145262.0,E-Wallet,Lain-lain
963,2025-03-18,Influencer marketing,Marketing & Promosi,Pengeluaran,16543904.0,Transfer Bank,Marketing & Promosi
964,2024-07-03,Pendapatan grosir,Penjualan,Pemasukan,31246797.0,QRIS,Penjualan
965,2025-04-12,Tambahan modal operasional,Modal & Investasi,Pemasukan,7317545.0,Transfer Bank,Modal & Investasi
966,2025-02-05,Pembelian laptop,Peralatan & Aset,Pengeluaran,32546687.0,Kartu Kredit,Peralatan & Aset
967,2025-11-02,Domain website,Software & Langganan,Pengeluaran,1954542.0,Transfer Bank,Software & Langganan
968,2025-08-21,Konsultan pajak,Pajak & Perizinan,Pengeluaran,8340047.0,Transfer Bank,Pajak & Perizinan
969,2025-06-13,PPN,Pajak & Perizinan,Pengeluaran,48625877.0,Transfer Bank,Pajak & Perizinan
970,2026-04-07,Influencer marketing,Marketing & Promosi,Pengeluaran,7965472.0,Kartu Debit,Marketing & Promosi
971,2025-08-28,Penjualan produk,Penjualan,Pemasukan,1759012.0,E-Wallet,Penjualan
972,2025-10-20,Setoran modal pemilik,Modal & Investasi,Pemasukan,8339157.0,Transfer Bank,Modal & Investasi
973,2024-09-14,Biaya tak terduga,Lain-lain,Pengeluaran,1150167.0,E-Wallet,Lain-lain
974,2025-11-16,Pendapatan proyek,Penjualan,Pemasukan,6319197.0,QRIS,Penjualan
975,2024-08-30,Penjualan jasa,Penjualan,Pemasukan,24798161.0,Transfer Bank,Penjualan
976,2026-03-04,Cicilan pelanggan,Piutang,Pemasukan,3317474.0,QRIS,Piutang
977,2024-06-27,Restock produk,Pembelian Stok,Pengeluaran,4227225.0,Tunai,Pembelian Stok
978,2024-12-12,Pendapatan toko offline,Penjualan,Pemasukan,664495.0,Kartu Debit,Penjualan
979,2024-08-17,Pembayaran piutang pelanggan,Piutang,Pemasukan,27082596.0,Transfer Bank,Piutang
980,2026-05-21,Gaji karyawan,Gaji & Karyawan,Pengeluaran,7164217.0,Transfer Bank,Gaji & Karyawan
981,2025-08-15,DP dari pelanggan,Piutang,Pemasukan,11040517.0,Transfer Bank,Piutang
982,2026-05-09,Bonus karyawan,Gaji & Karyawan,Pengeluaran,9514453.0,Transfer Bank,Gaji & Karyawan
983,2024-06-14,Pelunasan invoice,Piutang,Pemasukan,8228560.0,Payment Gateway,Piutang
984,2025-09-15,Pinjaman usaha,Modal & Investasi,Pemasukan,34243565.0,Transfer Bank,Modal & Investasi
985,2025-01-10,Bayar pajak usaha,Pajak & Perizinan,Pengeluaran,39355275.0,Transfer Bank,Pajak & Perizinan
986,2026-03-06,Pendapatan proyek,Penjualan,Pemasukan,2038333.0,E-Wallet,Penjualan
987,2025-07-27,Event marketing,Marketing & Promosi,Pengeluaran,7176727.0,Kartu Kredit,Marketing & Promosi
988,2026-03-08,DP dari pelanggan,Piutang,Pemasukan,7887705.0,QRIS,Piutang
989,2025-09-10,Pendapatan grosir,Penjualan,Pemasukan,38080300.0,QRIS,Penjualan
990,2025-09-10,Pendapatan marketplace,Penjualan,Pemasukan,4944696.0,Kartu Debit,Penjualan
991,2025-06-30,Modal & Investasi,Modal & Investasi,Pemasukan,183650170.0,Transfer Bank,Modal & Investasi
992,2024-09-14,DP dari pelanggan,Piutang,Pemasukan,9034954.0,Payment Gateway,Piutang
993,2025-07-02,Setoran modal pemilik,Modal & Investasi,Pemasukan,36838410.0,Transfer Bank,Modal & Investasi
994,2025-05-20,PPh,Pajak & Perizinan,Pengeluaran,5518346.0,Transfer Bank,Pajak & Perizinan
995,2026-02-18,Pendapatan grosir,Penjualan,Pemasukan,34153905.0,Transfer Bank,Penjualan
996,2025-11-05,Pelunasan invoice,Piutang,Pemasukan,10390271.0,Transfer Bank,Piutang
997,2024-12-13,DP dari pelanggan,Piutang,Pemasukan,10164350.0,Transfer Bank,Piutang
998,2024-06-24,Setoran modal pemilik,Modal & Investasi,Pemasukan,40480443.0,Transfer Bank,Modal & Investasi
999,2024-06-03,Administrasi legal,Pajak & Perizinan,Pengeluaran,13926398.0,Transfer Bank,Pajak & Perizinan
1000,2025-03-22,Cicilan pinjaman usaha,Utang & Cicilan,Pengeluaran,4476569.0,Transfer Bank,Utang & Cicilan
1001,2025-03-12,Pelunasan invoice,Piutang,Pemasukan,21520839.0,QRIS,Piutang
1002,2025-02-22,Bayar pajak usaha,Pajak & Perizinan,Pengeluaran,19369906.0,Transfer Bank,Pajak & Perizinan
1003,2025-01-22,Biaya tak terduga,Lain-lain,Pengeluaran,9507418.0,Tunai,Lain-lain
1004,2024-12-18,Biaya ekspedisi,Transportasi & Logistik,Pengeluaran,2626954.0,Kartu Kredit,Transportasi & Logistik
1005,2025-06-14,Cicilan pelanggan,Piutang,Pemasukan,3043830.0,Transfer Bank,Piutang
1006,2025-10-15,Cicilan pelanggan,Piutang,Pemasukan,3222638.0,QRIS,Piutang
1007,2026-01-18,Biaya admin bank,Biaya Bank,Pengeluaran,9493.0,Kartu Debit,Biaya Bank
1008,2025-06-22,Investasi investor,Modal & Investasi,Pemasukan,154174714.0,Transfer Bank,Modal & Investasi
1009,2025-11-20,Pelunasan invoice,Piutang,Pemasukan,13069374.0,Payment Gateway,Piutang
1010,2026-04-22,Penjualan jasa,Penjualan,Pemasukan,14915383.0,Payment Gateway,Penjualan
1011,2025-12-09,Biaya payment gateway,Biaya Bank,Pengeluaran,29248.0,Transfer Bank,Biaya Bank
1012,2026-03-11,Iklan online,Marketing & Promosi,Pengeluaran,6093934.0,Kartu Kredit,Marketing & Promosi
1013,2025-11-04,Pendapatan marketplace,Penjualan,Pemasukan,4618769.0,Payment Gateway,Penjualan
1014,2025-06-10,Pendapatan proyek,Penjualan,Pemasukan,18153806.0,Transfer Bank,Penjualan
1015,2025-09-30,Pelunasan invoice,Piutang,Pemasukan,10048084.0,QRIS,Piutang
1016,2025-09-01,Penjualan produk,Penjualan,Pemasukan,2008543.0,Tunai,Penjualan
1017,2025-06-03,Pendapatan grosir,Penjualan,Pemasukan,36256636.0,Tunai,Penjualan
1018,2026-03-16,Koreksi transaksi,Lain-lain,Pengeluaran,373533.0,Transfer Bank,Lain-lain
1019,2025-12-30,THR,Gaji & Karyawan,Pengeluaran,7779241.0,Transfer Bank,Gaji & Karyawan
1020,2024-08-19,Pembelian perlengkapan produksi,Pembelian Stok,Pengeluaran,1337490.0,E-Wallet,Pembelian Stok
1021,2025-05-25,Biaya MDR kartu,Biaya Bank,Pengeluaran,819297.0,QRIS,Biaya Bank
1022,2025-08-13,Biaya tak terduga,Lain-lain,Pengeluaran,3506717.0,Transfer Bank,Lain-lain
1023,2025-09-16,Pinjaman usaha,Modal & Investasi,Pemasukan,68759048.0,Transfer Bank,Modal & Investasi
1024,2025-03-11,Pembelian laptop,Peralatan & Aset,Pengeluaran,19158765.0,Transfer Bank,Peralatan & Aset
1025,2025-05-08,Cicilan pinjaman usaha,Utang & Cicilan,Pengeluaran,7557027.0,Transfer Bank,Utang & Cicilan
1026,2026-01-21,Pendapatan proyek,Penjualan,Pemasukan,16514031.0,Transfer Bank,Penjualan
1027,2024-06-02,Penjualan produk,Penjualan,Pemasukan,884954.0,Kartu Debit,Penjualan
1028,2024-12-26,Refund pelanggan,Lain-lain,Pengeluaran,3642758.0,E-Wallet,Lain-lain
1029,2025-01-18,Ongkos kirim,Transportasi & Logistik,Pengeluaran,192459.0,E-Wallet,Transportasi & Logistik
1030,2025-05-01,THR,Gaji & Karyawan,Pengeluaran,4721334.0,Transfer Bank,Gaji & Karyawan
1031,2025-03-28,Biaya payment gateway,Biaya Bank,Pengeluaran,487116.0,Transfer Bank,Biaya Bank
1032,2026-02-02,Air kantor,Operasional Kantor,Pengeluaran,861728.0,Kartu Debit,Operasional Kantor
1033,2024-11-08,Pendapatan proyek,Penjualan,Pemasukan,5201181.0,Transfer Bank,Penjualan
1034,2024-10-13,Pendapatan proyek,Penjualan,Pemasukan,24509563.0,Transfer Bank,Penjualan
1035,2025-11-29,Pembayaran piutang pelanggan,Piutang,Pemasukan,12088330.0,Transfer Bank,Piutang
1036,2025-11-21,THR,Gaji & Karyawan,Pengeluaran,6306756.0,Transfer Bank,Gaji & Karyawan
1037,2025-08-23,Investasi investor,Modal & Investasi,Pemasukan,157774505.0,Transfer Bank,Modal & Investasi
1038,2026-01-10,Air kantor,Operasional Kantor,Pengeluaran,951557.0,Kartu Kredit,Operasional Kantor
1039,2024-06-07,Kebersihan kantor,Operasional Kantor,Pengeluaran,159307.0,Tunai,Operasional Kantor
1040,2025-03-24,Bonus karyawan,Gaji & Karyawan,Pengeluaran,4845238.0,Transfer Bank,Gaji & Karyawan
1041,2026-01-27,Pembelian bahan baku,Pembelian Stok,Pengeluaran,3341815.0,Transfer Bank,Pembelian Stok
1042,2025-06-15,Parkir operasional,Transportasi & Logistik,Pengeluaran,607775.0,Transfer Bank,Transportasi & Logistik
1043,2025-05-21,Parkir operasional,Transportasi & Logistik,Pengeluaran,333205.0,Kartu Kredit,Transportasi & Logistik
1044,2026-02-20,Sewa kendaraan,Transportasi & Logistik,Pengeluaran,2514947.0,E-Wallet,Transportasi & Logistik
1045,2024-12-28,Penjualan jasa,Penjualan,Pemasukan,12148309.0,Tunai,Penjualan
1046,2026-02-07,Biaya tak terduga,Lain-lain,Pengeluaran,4319304.0,Transfer Bank,Lain-lain
1047,2026-05-14,Langganan software akuntansi,Software & Langganan,Pengeluaran,188023.0,Kartu Debit,Software & Langganan
1048,2024-12-12,Pinjaman usaha,Modal & Investasi,Pemasukan,87741265.0,Transfer Bank,Modal & Investasi
1049,2025-09-10,DP dari pelanggan,Piutang,Pemasukan,6116145.0,QRIS,Piutang
1050,2024-06-16,Setoran modal pemilik,Modal & Investasi,Pemasukan,44028853.0,Transfer Bank,Modal & Investasi
1051,2026-03-11,Bonus karyawan,Gaji & Karyawan,Pengeluaran,9914085.0,Transfer Bank,Gaji & Karyawan
1052,2025-05-06,Pembayaran piutang pelanggan,Piutang,Pemasukan,23732480.0,Payment Gateway,Piutang
1053,2024-09-15,Cicilan pelanggan,Piutang,Pemasukan,2413752.0,QRIS,Piutang
1054,2024-08-24,Pembayaran piutang pelanggan,Piutang,Pemasukan,14128865.0,Payment Gateway,Piutang
1055,2026-02-02,Setoran modal pemilik,Modal & Investasi,Pemasukan,24887227.0,Transfer Bank,Modal & Investasi
1056,2024-12-22,Setoran modal pemilik,Modal & Investasi,Pemasukan,29331526.0,Transfer Bank,Modal & Investasi
1057,2024-06-18,Biaya admin bank,Biaya Bank,Pengeluaran,28833.0,E-Wallet,Biaya Bank
1058,2025-06-06,Refund pelanggan,Lain-lain,Pengeluaran,98309.0,Transfer Bank,Lain-lain
1059,2025-12-16,Biaya admin bank,Biaya Bank,Pengeluaran,7648.0,Kartu Debit,Biaya Bank
1060,2026-02-07,Kebersihan kantor,Operasional Kantor,Pengeluaran,756037.0,Kartu Debit,Operasional Kantor
1061,2025-04-21,Pelunasan kredit usaha,Utang & Cicilan,Pengeluaran,24230387.0,Transfer Bank,Utang & Cicilan
1062,2025-02-16,Pinjaman usaha,Modal & Investasi,Pemasukan,86497267.0,Transfer Bank,Modal & Investasi
1063,2025-03-23,Cicilan pelanggan,Piutang,Pemasukan,3241952.0,Payment Gateway,Piutang
1064,2025-12-13,Tambahan modal operasional,Modal & Investasi,Pemasukan,10259424.0,Transfer Bank,Modal & Investasi
1065,2025-10-18,Pinjaman usaha,Modal & Investasi,Pemasukan,57503824.0,Transfer Bank,Modal & Investasi
1066,2026-05-17,Pembelian furniture kantor,Peralatan & Aset,Pengeluaran,6657455.0,Kartu Kredit,Peralatan & Aset
1067,2024-10-17,Pelunasan invoice,Piutang,Pemasukan,7122344.0,QRIS,Piutang
1068,2025-07-06,Bonus karyawan,Gaji & Karyawan,Pengeluaran,6981291.0,Transfer Bank,Gaji & Karyawan
1069,2026-05-18,Utang & Cicilan,Utang & Cicilan,Pengeluaran,30036289.0,Transfer Bank,Utang & Cicilan
1070,2025-07-16,THR,Gaji & Karyawan,Pengeluaran,8860075.0,Transfer Bank,Gaji & Karyawan
1071,2026-03-04,Event marketing,Marketing & Promosi,Pengeluaran,652128.0,Kartu Kredit,Marketing & Promosi
1072,2025-03-13,Investasi investor,Modal & Investasi,Pemasukan,42332071.0,Transfer Bank,Modal & Investasi
1073,2024-11-08,Pembayaran piutang pelanggan,Piutang,Pemasukan,19411344.0,Payment Gateway,Piutang
1074,2025-02-22,Pendapatan marketplace,Penjualan,Pemasukan,4798779.0,Kartu Debit,Penjualan
1075,2025-08-06,Pembelian furniture kantor,Peralatan & Aset,Pengeluaran,2561372.0,Kartu Kredit,Peralatan & Aset
1076,2025-12-05,Penjualan produk,Penjualan,Pemasukan,1946249.0,Payment Gateway,Penjualan
1077,2026-01-15,Internet kantor,Operasional Kantor,Pengeluaran,107533.0,Transfer Bank,Operasional Kantor
1078,2025-05-25,DP dari pelanggan,Piutang,Pemasukan,6013721.0,Payment Gateway,Piutang
1079,2025-01-25,Hosting website,Software & Langganan,Pengeluaran,1061153.0,Kartu Debit,Software & Langganan
1080,2025-02-18,Pendapatan grosir,Penjualan,Pemasukan,14325443.0,E-Wallet,Penjualan
1081,2025-02-27,Pembelian mesin produksi,Peralatan & Aset,Pengeluaran,10069356.0,Transfer Bank,Peralatan & Aset
1082,2024-09-20,Pendapatan grosir,Penjualan,Pemasukan,23588600.0,Transfer Bank,Penjualan
1083,2025-09-05,DP dari pelanggan,Piutang,Pemasukan,8874607.0,QRIS,Piutang
1084,2025-09-07,Biaya MDR kartu,Biaya Bank,Pengeluaran,474244.0,Payment Gateway,Biaya Bank
1085,2026-01-03,Tools desain,Software & Langganan,Pengeluaran,1820665.0,Transfer Bank,Software & Langganan
1086,2024-07-27,Pembayaran piutang pelanggan,Piutang,Pemasukan,7865210.0,Transfer Bank,Piutang
1087,2025-02-07,Investasi investor,Modal & Investasi,Pemasukan,194164545.0,Transfer Bank,Modal & Investasi
1088,2025-05-01,Konsultan pajak,Pajak & Perizinan,Pengeluaran,7216152.0,Transfer Bank,Pajak & Perizinan
1089,2025-08-03,Pendapatan marketplace,Penjualan,Pemasukan,2041969.0,Payment Gateway,Penjualan
1090,2025-04-08,Pendapatan toko offline,Penjualan,Pemasukan,2345015.0,Payment Gateway,Penjualan
1091,2025-05-03,Pelunasan invoice,Piutang,Pemasukan,13750923.0,QRIS,Piutang
1092,2025-12-22,Pendapatan proyek,Penjualan,Pemasukan,12382022.0,E-Wallet,Penjualan
1093,2026-05-05,Pendapatan grosir,Penjualan,Pemasukan,4952750.0,Lainnya,Penjualan
1094,2024-10-04,Pendapatan toko offline,Penjualan,Pemasukan,2193339.0,Tunai,Penjualan
1095,2025-12-27,CRM subscription,Software & Langganan,Pengeluaran,1498041.0,Kartu Kredit,Software & Langganan
1096,2024-07-05,Air kantor,Operasional Kantor,Pengeluaran,1402219.0,Transfer Bank,Operasional Kantor
1097,2025-12-21,Biaya transfer,Biaya Bank,Pengeluaran,41002.0,QRIS,Biaya Bank
1098,2025-07-25,Pembayaran piutang pelanggan,Piutang,Pemasukan,8204900.0,Transfer Bank,Piutang
1099,2024-12-02,Pendapatan proyek,Penjualan,Pemasukan,5187613.0,Payment Gateway,Penjualan
1100,2025-07-22,Pembayaran piutang pelanggan,Piutang,Pemasukan,22491960.0,QRIS,Piutang
1101,2025-01-28,Pendapatan proyek,Penjualan,Pemasukan,22599355.0,E-Wallet,Penjualan
1102,2025-05-21,Ongkos kirim,Transportasi & Logistik,Pengeluaran,1132227.0,Kartu Debit,Transportasi & Logistik
1103,2025-01-07,Pendapatan proyek,Penjualan,Pemasukan,20592063.0,Kartu Debit,Penjualan
1104,2025-11-19,Pelunasan kredit usaha,Utang & Cicilan,Pengeluaran,48812899.0,Transfer Bank,Utang & Cicilan
1105,2025-09-18,BPJS Karyawan,Gaji & Karyawan,Pengeluaran,657555.0,Transfer Bank,Gaji & Karyawan
1106,2024-08-22,Tambahan modal operasional,Modal & Investasi,Pemasukan,5555014.0,Transfer Bank,Modal & Investasi
1107,2025-09-18,Penjualan jasa,Penjualan,Pemasukan,15204957.0,QRIS,Penjualan
1108,2025-05-30,Gaji karyawan,Gaji & Karyawan,Pengeluaran,10030662.0,Transfer Bank,Gaji & Karyawan
1109,2025-07-07,BPJS Karyawan,Gaji & Karyawan,Pengeluaran,560481.0,Transfer Bank,Gaji & Karyawan
1110,2025-02-20,Gaji karyawan,Gaji & Karyawan,Pengeluaran,14591991.0,Transfer Bank,Gaji & Karyawan
1111,2025-06-25,Pinjaman usaha,Modal & Investasi,Pemasukan,36382248.0,Transfer Bank,Modal & Investasi
1112,2025-05-14,Pembelian furniture kantor,Peralatan & Aset,Pengeluaran,14429930.0,Transfer Bank,Peralatan & Aset
1113,2026-05-19,Pendapatan marketplace,Penjualan,Pemasukan,2254288.0,Payment Gateway,Penjualan
1114,2025-04-09,Cicilan pelanggan,Piutang,Pemasukan,2546531.0,QRIS,Piutang
1115,2025-12-28,Pembelian perlengkapan produksi,Pembelian Stok,Pengeluaran,906668.0,Tunai,Pembelian Stok
1116,2025-08-22,Pendapatan marketplace,Penjualan,Pemasukan,2226453.0,QRIS,Penjualan
1117,2025-04-09,CRM subscription,Software & Langganan,Pengeluaran,844953.0,Kartu Debit,Software & Langganan
1118,2025-05-09,Piutang,Piutang,Pemasukan,14477186.0,QRIS,Piutang
1119,2025-11-27,Setoran modal pemilik,Modal & Investasi,Pemasukan,18164324.0,Transfer Bank,Modal & Investasi
1120,2026-04-27,DP dari pelanggan,Piutang,Pemasukan,11557630.0,Transfer Bank,Piutang
1121,2025-01-10,Pelunasan invoice,Piutang,Pemasukan,10318008.0,Payment Gateway,Piutang
1122,2025-05-06,Pendapatan marketplace,Penjualan,Pemasukan,3210697.0,Kartu Debit,Penjualan
1123,2026-01-11,Penjualan jasa,Penjualan,Pemasukan,21745248.0,E-Wallet,Penjualan
1124,2025-12-05,Pendapatan toko offline,Penjualan,Pemasukan,1970556.0,Transfer Bank,Penjualan
1125,2025-07-16,Event marketing,Marketing & Promosi,Pengeluaran,3445145.0,E-Wallet,Marketing & Promosi
1126,2025-06-23,Pembayaran utang supplier,Utang & Cicilan,Pengeluaran,18941928.0,Transfer Bank,Utang & Cicilan
1127,2025-06-26,Biaya endorsement,Marketing & Promosi,Pengeluaran,1813758.0,Transfer Bank,Marketing & Promosi
1128,2024-10-16,Penjualan,Penjualan,Pemasukan,12003381.0,Payment Gateway,Penjualan
1129,2024-06-18,Pembelian furniture kantor,Peralatan & Aset,Pengeluaran,12125018.0,Kartu Kredit,Peralatan & Aset
1130,2024-09-14,Biaya admin bank,Biaya Bank,Pengeluaran,45426.0,Payment Gateway,Biaya Bank
1131,2025-05-16,Biaya payment gateway,Biaya Bank,Pengeluaran,444957.0,Transfer Bank,Biaya Bank
1132,2024-09-12,Setoran modal pemilik,Modal & Investasi,Pemasukan,15132581.0,Transfer Bank,Modal & Investasi
1133,2024-07-09,Pembayaran piutang pelanggan,Piutang,Pemasukan,26127541.0,Transfer Bank,Piutang
1134,2024-12-13,Pembelian furniture kantor,Peralatan & Aset,Pengeluaran,7862046.0,Kartu Debit,Peralatan & Aset
1135,2024-12-21,Kebersihan kantor,Operasional Kantor,Pengeluaran,427432.0,Transfer Bank,Operasional Kantor
1136,2025-06-24,Parkir operasional,Transportasi & Logistik,Pengeluaran,84544.0,E-Wallet,Transportasi & Logistik
1137,2025-01-02,Pembayaran piutang pelanggan,Piutang,Pemasukan,3236998.0,QRIS,Piutang
1138,2025-12-07,Biaya payment gateway,Biaya Bank,Pengeluaran,840161.0,Payment Gateway,Biaya Bank
1139,2025-07-13,Refund pelanggan,Lain-lain,Pengeluaran,1357327.0,Tunai,Lain-lain
1140,2025-05-15,DP dari pelanggan,Piutang,Pemasukan,7634831.0,Transfer Bank,Piutang
1141,2025-09-01,Lain-lain,Lain-lain,Pengeluaran,6029428.0,Tunai,Lain-lain
1142,2025-09-07,Pendapatan toko offline,Penjualan,Pemasukan,464662.0,Payment Gateway,Penjualan
1143,2024-06-26,Cicilan pelanggan,Piutang,Pemasukan,2410083.0,QRIS,Piutang
1144,2024-09-15,Konsultan pajak,Pajak & Perizinan,Pengeluaran,6486655.0,Transfer Bank,Pajak & Perizinan
1145,2024-08-14,Pendapatan marketplace,Penjualan,Pemasukan,4631786.0,Tunai,Penjualan
1146,2025-10-12,Cicilan pelanggan,Piutang,Pemasukan,1927218.0,QRIS,Piutang
1147,2026-01-21,Koreksi transaksi,Lain-lain,Pengeluaran,386006.0,E-Wallet,Lain-lain
1148,2025-10-15,Pendapatan toko offline,Penjualan,Pemasukan,738069.0,Transfer Bank,Penjualan
1149,2024-06-25,Pelunasan invoice,Piutang,Pemasukan,1145575.0,Transfer Bank,Piutang
1150,2026-03-29,PPh,Pajak & Perizinan,Pengeluaran,48634272.0,Transfer Bank,Pajak & Perizinan
1151,2026-02-05,Administrasi legal,Pajak & Perizinan,Pengeluaran,8456735.0,Transfer Bank,Pajak & Perizinan
1152,2026-01-04,Pembayaran piutang pelanggan,Piutang,Pemasukan,29121555.0,QRIS,Piutang
1153,2025-08-06,Pembelian barang dagang,Pembelian Stok,Pengeluaran,19846737.0,Kartu Kredit,Pembelian Stok
1154,2024-11-06,Listrik kantor,Operasional Kantor,Pengeluaran,800306.0,Kartu Debit,Operasional Kantor
1155,2025-08-08,Pinjaman usaha,Modal & Investasi,Pemasukan,14494258.0,Transfer Bank,Modal & Investasi
1156,2024-11-11,Koreksi transaksi,Lain-lain,Pengeluaran,424410.0,Tunai,Lain-lain
1157,2024-06-04,Investasi investor,Modal & Investasi,Pemasukan,138573148.0,Transfer Bank,Modal & Investasi
1158,2025-07-16,Refund pelanggan,Lain-lain,Pengeluaran,2148787.0,Transfer Bank,Lain-lain
1159,2025-07-25,ATK,Operasional Kantor,Pengeluaran,751190.0,Transfer Bank,Operasional Kantor
1160,2024-07-22,Investasi investor,Modal & Investasi,Pemasukan,193535386.0,Lainnya,Modal & Investasi
1161,2025-01-06,Penjualan produk,Penjualan,Pemasukan,952504.0,Transfer Bank,Penjualan
1162,2024-11-19,Biaya tak terduga,Lain-lain,Pengeluaran,9519667.0,Transfer Bank,Lain-lain
1163,2025-04-07,Tambahan modal operasional,Modal & Investasi,Pemasukan,5596113.0,Transfer Bank,Modal & Investasi
1164,2025-12-21,Investasi investor,Modal & Investasi,Pemasukan,68233735.0,Transfer Bank,Modal & Investasi
1165,2026-02-27,Biaya transfer,Biaya Bank,Pengeluaran,26418.0,QRIS,Biaya Bank
1166,2025-01-06,Cicilan pinjaman usaha,Utang & Cicilan,Pengeluaran,4257050.0,Transfer Bank,Utang & Cicilan
1167,2025-05-31,Koreksi transaksi,Lain-lain,Pengeluaran,117360.0,Tunai,Lain-lain
1168,2026-02-19,Pendapatan toko offline,Penjualan,Pemasukan,535011.0,Payment Gateway,Penjualan
1169,2025-08-13,Koreksi transaksi,Lain-lain,Pengeluaran,210902.0,E-Wallet,Lain-lain
1170,2025-11-12,Pelunasan kredit usaha,Utang & Cicilan,Pengeluaran,7337765.0,Transfer Bank,Utang & Cicilan
1171,2024-10-09,Investasi investor,Modal & Investasi,Pemasukan,38231711.0,Transfer Bank,Modal & Investasi
1172,2026-02-04,Biaya endorsement,Marketing & Promosi,Pengeluaran,14200102.0,Transfer Bank,Marketing & Promosi
1173,2025-04-20,Pelunasan invoice,Piutang,Pemasukan,7833172.0,Transfer Bank,Piutang
1174,2024-12-31,Tambahan modal operasional,Modal & Investasi,Pemasukan,5868154.0,Transfer Bank,Modal & Investasi
1175,2025-06-11,Penjualan jasa,Penjualan,Pemasukan,10676411.0,E-Wallet,Penjualan
1176,2025-01-20,Pendapatan toko offline,Penjualan,Pemasukan,267406.0,Kartu Debit,Penjualan
1177,2024-08-28,PPN,Pajak & Perizinan,Pengeluaran,37550120.0,Transfer Bank,Pajak & Perizinan
1178,2024-06-06,Cicilan pelanggan,Piutang,Pemasukan,446192.0,Transfer Bank,Piutang
1179,2025-04-25,Pembelian furniture kantor,Peralatan & Aset,Pengeluaran,6206101.0,Transfer Bank,Peralatan & Aset
1180,2026-01-12,Gaji karyawan,Gaji & Karyawan,Pengeluaran,11171217.0,Transfer Bank,Gaji & Karyawan
1181,2024-07-14,Pembelian barang dagang,Pembelian Stok,Pengeluaran,12717861.0,E-Wallet,Pembelian Stok
1182,2025-05-19,Pembelian furniture kantor,Peralatan & Aset,Pengeluaran,6771371.0,Kartu Debit,Peralatan & Aset
1183,2025-01-07,Setoran modal pemilik,Modal & Investasi,Pemasukan,10425088.0,Transfer Bank,Modal & Investasi
1184,2026-01-04,Biaya ekspedisi,Transportasi & Logistik,Pengeluaran,2028246.0,Tunai,Transportasi & Logistik
1185,2024-08-11,Kurir,Transportasi & Logistik,Pengeluaran,1996128.0,Tunai,Transportasi & Logistik
1186,2025-07-27,Gaji karyawan,Gaji & Karyawan,Pengeluaran,9234021.0,Transfer Bank,Gaji & Karyawan
1187,2026-03-05,Pembayaran piutang pelanggan,Piutang,Pemasukan,26289233.0,Transfer Bank,Piutang
1188,2026-04-19,Air kantor,Operasional Kantor,Pengeluaran,1198781.0,Tunai,Operasional Kantor
1189,2025-10-24,Biaya ekspedisi,Transportasi & Logistik,Pengeluaran,686132.0,Kartu Debit,Transportasi & Logistik
1190,2025-07-14,Listrik kantor,Operasional Kantor,Pengeluaran,1268946.0,Kartu Debit,Operasional Kantor
1191,2024-08-30,Pembelian furniture kantor,Peralatan & Aset,Pengeluaran,9162907.0,Kartu Debit,Peralatan & Aset
1192,2025-01-11,Penjualan produk,Penjualan,Pemasukan,1092104.0,E-Wallet,Penjualan
1193,2025-10-06,Penjualan,Penjualan,Pemasukan,1836307.0,Tunai,Penjualan
1194,2025-06-03,Pendapatan toko offline,Penjualan,Pemasukan,1824304.0,Transfer Bank,Penjualan
1195,2025-09-10,Iklan online,Marketing & Promosi,Pengeluaran,17363465.0,Transfer Bank,Marketing & Promosi
1196,2025-08-21,Bunga pinjaman,Utang & Cicilan,Pengeluaran,2615996.0,Transfer Bank,Utang & Cicilan
1197,2024-12-21,Influencer marketing,Marketing & Promosi,Pengeluaran,2375864.0,Kartu Debit,Marketing & Promosi
1198,2026-02-17,Pendapatan grosir,Penjualan,Pemasukan,15681395.0,E-Wallet,Penjualan
1199,2024-10-08,Pinjaman usaha,Modal & Investasi,Pemasukan,98158089.0,Transfer Bank,Modal & Investasi
1200,2025-03-06,Listrik kantor,Operasional Kantor,Pengeluaran,224876.0,Tunai,Operasional Kantor
1201,2025-08-25,Pembelian mesin produksi,Peralatan & Aset,Pengeluaran,35771204.0,Transfer Bank,Peralatan & Aset
1202,2024-06-11,Sewa kantor,Operasional Kantor,Pengeluaran,11947708.0,Tunai,Operasional Kantor
1203,2024-12-22,Setoran modal pemilik,Modal & Investasi,Pemasukan,30871081.0,Transfer Bank,Modal & Investasi
1204,2025-05-06,Sewa kendaraan,Transportasi & Logistik,Pengeluaran,3224780.0,Tunai,Transportasi & Logistik
1205,2025-01-31,Tambahan modal operasional,Modal & Investasi,Pemasukan,17584805.0,Transfer Bank,Modal & Investasi
1206,2026-03-02,Bunga pinjaman,Utang & Cicilan,Pengeluaran,944549.0,Transfer Bank,Utang & Cicilan
1207,2025-11-24,Tambahan modal operasional,Modal & Investasi,Pemasukan,19086860.0,Transfer Bank,Modal & Investasi
1208,2025-07-24,Pembelian perlengkapan produksi,Pembelian Stok,Pengeluaran,500832.0,Kartu Kredit,Pembelian Stok
1209,2024-12-26,Bayar pajak usaha,Pajak & Perizinan,Pengeluaran,11880831.0,Transfer Bank,Pajak & Perizinan
1210,2025-10-19,Penjualan jasa,Penjualan,Pemasukan,19810048.0,Tunai,Penjualan
3009,2025-12-20,Iklan online,Marketing & Promosi,Pengeluaran,3257962.0,Kartu Debit,Marketing & Promosi
1212,2025-10-16,THR,Gaji & Karyawan,Pengeluaran,7664780.0,Transfer Bank,Gaji & Karyawan
1213,2025-01-14,Setoran modal pemilik,Modal & Investasi,Pemasukan,36592338.0,Transfer Bank,Modal & Investasi
1214,2024-10-28,Bunga pinjaman,Utang & Cicilan,Pengeluaran,4171990.0,Transfer Bank,Utang & Cicilan
1215,2024-06-16,Penjualan jasa,Penjualan,Pemasukan,10212608.0,Kartu Debit,Penjualan
1216,2025-01-24,Pelunasan invoice,Piutang,Pemasukan,7486601.0,Transfer Bank,Piutang
1217,2025-04-11,Setoran modal pemilik,Modal & Investasi,Pemasukan,38130316.0,Transfer Bank,Modal & Investasi
1218,2026-05-04,Sewa kendaraan,Transportasi & Logistik,Pengeluaran,2153766.0,Tunai,Transportasi & Logistik
1219,2026-01-10,Setoran modal pemilik,Modal & Investasi,Pemasukan,27787605.0,Transfer Bank,Modal & Investasi
1220,2024-12-02,Biaya tarik tunai,Biaya Bank,Pengeluaran,38701.0,Lainnya,Biaya Bank
1221,2025-04-18,Tambahan modal operasional,Modal & Investasi,Pemasukan,15464572.0,Transfer Bank,Modal & Investasi
1222,2025-08-29,Uang lembur,Gaji & Karyawan,Pengeluaran,1757645.0,Transfer Bank,Gaji & Karyawan
1223,2024-11-09,Cloud storage bisnis,Software & Langganan,Pengeluaran,1936912.0,Kartu Kredit,Software & Langganan
1224,2024-07-19,Pendapatan marketplace,Penjualan,Pemasukan,1328452.0,E-Wallet,Penjualan
1225,2024-07-15,Pendapatan toko offline,Penjualan,Pemasukan,1776821.0,QRIS,Penjualan
1226,2026-02-18,Pembelian bahan baku,Pembelian Stok,Pengeluaran,3655803.0,Tunai,Pembelian Stok
1227,2024-10-07,Biaya ekspedisi,Transportasi & Logistik,Pengeluaran,547398.0,Kartu Kredit,Transportasi & Logistik
1228,2025-08-29,Pendapatan grosir,Penjualan,Pemasukan,44497641.0,Tunai,Penjualan
1229,2026-02-24,Investasi investor,Modal & Investasi,Pemasukan,149877138.0,Transfer Bank,Modal & Investasi
1230,2024-08-29,Bonus karyawan,Gaji & Karyawan,Pengeluaran,7848645.0,Transfer Bank,Gaji & Karyawan
1231,2024-07-18,Setoran modal pemilik,Modal & Investasi,Pemasukan,14199707.0,Transfer Bank,Modal & Investasi
1232,2026-05-11,Pembelian bahan baku,Pembelian Stok,Pengeluaran,12093239.0,Kartu Debit,Pembelian Stok
1233,2024-08-17,Cicilan pinjaman usaha,Utang & Cicilan,Pengeluaran,3249474.0,Transfer Bank,Utang & Cicilan
1234,2025-01-24,Perawatan aset,Peralatan & Aset,Pengeluaran,4618010.0,Kartu Debit,Peralatan & Aset
1235,2024-11-22,Pelunasan invoice,Piutang,Pemasukan,23874021.0,Transfer Bank,Piutang
1236,2024-08-10,Pajak & Perizinan,Pajak & Perizinan,Pengeluaran,7193223.0,Transfer Bank,Pajak & Perizinan
1237,2025-11-21,Penjualan produk,Penjualan,Pemasukan,314786.0,Tunai,Penjualan
1238,2024-10-22,Hosting website,Software & Langganan,Pengeluaran,163882.0,Kartu Kredit,Software & Langganan
1239,2024-08-01,Investasi investor,Modal & Investasi,Pemasukan,50017828.0,Transfer Bank,Modal & Investasi
1240,2024-08-19,Pembayaran piutang pelanggan,Piutang,Pemasukan,16620004.0,Transfer Bank,Piutang
1241,2025-09-03,Pelunasan kredit usaha,Utang & Cicilan,Pengeluaran,42858295.0,Transfer Bank,Utang & Cicilan
1242,2025-01-17,Tambahan modal operasional,Modal & Investasi,Pemasukan,2871796.0,Transfer Bank,Modal & Investasi
1243,2026-04-28,Internet kantor,Operasional Kantor,Pengeluaran,553817.0,Tunai,Operasional Kantor
1244,2025-01-01,Biaya admin bank,Biaya Bank,Pengeluaran,33430.0,Transfer Bank,Biaya Bank
1245,2025-02-19,Investasi investor,Modal & Investasi,Pemasukan,235705871.0,Transfer Bank,Modal & Investasi
1246,2024-07-07,Pendapatan toko offline,Penjualan,Pemasukan,1680220.0,E-Wallet,Penjualan
1247,2025-09-21,Pelunasan kredit usaha,Utang & Cicilan,Pengeluaran,21046946.0,Transfer Bank,Utang & Cicilan
1248,2025-04-30,Kebersihan kantor,Operasional Kantor,Pengeluaran,964631.0,Tunai,Operasional Kantor
1249,2025-04-07,Pendapatan proyek,Penjualan,Pemasukan,13551253.0,Kartu Debit,Penjualan
1250,2026-02-15,Event marketing,Marketing & Promosi,Pengeluaran,12968507.0,Kartu Kredit,Marketing & Promosi
1251,2025-05-07,Biaya payment gateway,Biaya Bank,Pengeluaran,954883.0,Transfer Bank,Biaya Bank
1252,2024-08-08,Cicilan pelanggan,Piutang,Pemasukan,471702.0,Transfer Bank,Piutang
1253,2025-05-21,DP dari pelanggan,Piutang,Pemasukan,4097881.0,Payment Gateway,Piutang
1254,2025-09-12,Pendapatan proyek,Penjualan,Pemasukan,5454519.0,Payment Gateway,Penjualan
1255,2025-04-20,Pembayaran utang supplier,Utang & Cicilan,Pengeluaran,25068165.0,Transfer Bank,Utang & Cicilan
1256,2024-10-17,Pendapatan grosir,Penjualan,Pemasukan,16214662.0,E-Wallet,Penjualan
1257,2025-01-19,Pendapatan grosir,Penjualan,Pemasukan,20847099.0,Kartu Debit,Penjualan
1258,2025-09-09,Pendapatan marketplace,Penjualan,Pemasukan,3424854.0,QRIS,Penjualan
1259,2024-06-22,Diskon promosi,Marketing & Promosi,Pengeluaran,1209859.0,Kartu Debit,Marketing & Promosi
1260,2024-11-27,Sewa kantor,Operasional Kantor,Pengeluaran,12127654.0,Transfer Bank,Operasional Kantor
1261,2026-01-06,Pinjaman usaha,Modal & Investasi,Pemasukan,86088256.0,Transfer Bank,Modal & Investasi
1262,2025-01-16,Bunga pinjaman,Utang & Cicilan,Pengeluaran,904645.0,Transfer Bank,Utang & Cicilan
1263,2025-02-05,CRM subscription,Software & Langganan,Pengeluaran,1992933.0,Kartu Kredit,Software & Langganan
1264,2025-09-15,Penjualan,Penjualan,Pemasukan,1128103.0,Lainnya,Penjualan
1265,2025-10-29,Restock produk,Pembelian Stok,Pengeluaran,20274443.0,E-Wallet,Pembelian Stok
1266,2024-07-17,DP dari pelanggan,Piutang,Pemasukan,13139401.0,Payment Gateway,Piutang
1267,2025-11-12,Kebersihan kantor,Operasional Kantor,Pengeluaran,342712.0,Transfer Bank,Operasional Kantor
1269,2025-11-06,Pinjaman usaha,Modal & Investasi,Pemasukan,33009077.0,Transfer Bank,Modal & Investasi
1270,2024-08-26,Penjualan jasa,Penjualan,Pemasukan,17371083.0,QRIS,Penjualan
1271,2025-09-30,Langganan software akuntansi,Software & Langganan,Pengeluaran,559390.0,Kartu Debit,Software & Langganan
1272,2025-12-11,Pendapatan grosir,Penjualan,Pemasukan,6923069.0,Payment Gateway,Penjualan
1273,2025-11-28,Pembelian furniture kantor,Peralatan & Aset,Pengeluaran,7759142.0,Kartu Debit,Peralatan & Aset
1274,2024-09-24,Langganan software akuntansi,Software & Langganan,Pengeluaran,1158752.0,E-Wallet,Software & Langganan
1275,2024-10-19,Pendapatan marketplace,Penjualan,Pemasukan,1025135.0,Transfer Bank,Penjualan
1276,2025-11-01,Pelunasan invoice,Piutang,Pemasukan,10982454.0,Transfer Bank,Piutang
1277,2025-06-15,Cicilan pelanggan,Piutang,Pemasukan,4497527.0,QRIS,Piutang
1278,2024-09-24,Pelunasan invoice,Piutang,Pemasukan,9715772.0,Payment Gateway,Piutang
1279,2024-11-12,Penjualan jasa,Penjualan,Pemasukan,24747727.0,QRIS,Penjualan
1280,2024-11-08,Pembayaran piutang pelanggan,Piutang,Pemasukan,26407418.0,Payment Gateway,Piutang
1281,2025-07-20,Penjualan jasa,Penjualan,Pemasukan,1928199.0,Payment Gateway,Penjualan
1282,2026-04-01,Investasi investor,Modal & Investasi,Pemasukan,230326388.0,Transfer Bank,Modal & Investasi
1283,2026-04-06,Pendapatan proyek,Penjualan,Pemasukan,12483197.0,Payment Gateway,Penjualan
1284,2024-09-16,Cicilan pelanggan,Piutang,Pemasukan,2346689.0,Transfer Bank,Piutang
1285,2025-07-02,Tambahan modal operasional,Modal & Investasi,Pemasukan,9186279.0,Transfer Bank,Modal & Investasi
1286,2024-06-11,Pendapatan marketplace,Penjualan,Pemasukan,2587019.0,Tunai,Penjualan
1287,2025-08-18,Tambahan modal operasional,Modal & Investasi,Pemasukan,2440148.0,Transfer Bank,Modal & Investasi
1288,2025-12-17,Bayar pajak usaha,Pajak & Perizinan,Pengeluaran,17747356.0,Transfer Bank,Pajak & Perizinan
1289,2024-07-05,Pembelian barang dagang,Pembelian Stok,Pengeluaran,13808299.0,Transfer Bank,Pembelian Stok
1290,2025-01-25,Penjualan jasa,Penjualan,Pemasukan,16827198.0,Tunai,Penjualan
1291,2026-02-25,Pembayaran piutang pelanggan,Piutang,Pemasukan,24009242.0,Payment Gateway,Piutang
1292,2025-12-08,Pendapatan proyek,Penjualan,Pemasukan,3091850.0,Kartu Debit,Penjualan
1293,2025-04-12,CRM subscription,Software & Langganan,Pengeluaran,1497838.0,Kartu Kredit,Software & Langganan
1294,2025-02-06,Setoran modal pemilik,Modal & Investasi,Pemasukan,17723715.0,Transfer Bank,Modal & Investasi
1296,2025-06-26,Biaya MDR kartu,Biaya Bank,Pengeluaran,541669.0,Transfer Bank,Biaya Bank
1297,2025-01-24,Investasi investor,Modal & Investasi,Pemasukan,209126576.0,Transfer Bank,Modal & Investasi
1298,2025-02-26,Penjualan jasa,Penjualan,Pemasukan,4402614.0,Kartu Debit,Penjualan
1299,2024-06-20,Setoran modal pemilik,Modal & Investasi,Pemasukan,40983873.0,Transfer Bank,Modal & Investasi
1300,2026-01-26,Pelunasan invoice,Piutang,Pemasukan,13070333.0,QRIS,Piutang
1301,2025-10-07,Penjualan jasa,Penjualan,Pemasukan,2509751.0,Kartu Debit,Penjualan
1302,2026-01-31,Tambahan modal operasional,Modal & Investasi,Pemasukan,16312998.0,Transfer Bank,Modal & Investasi
1303,2025-11-07,Pembelian printer,Peralatan & Aset,Pengeluaran,2133026.0,Kartu Debit,Peralatan & Aset
1304,2025-02-17,Biaya admin bank,Biaya Bank,Pengeluaran,45988.0,Kartu Debit,Biaya Bank
1305,2025-05-19,Pembayaran utang supplier,Utang & Cicilan,Pengeluaran,16493554.0,Transfer Bank,Utang & Cicilan
1306,2025-03-13,Pelunasan kredit usaha,Utang & Cicilan,Pengeluaran,23841412.0,Transfer Bank,Utang & Cicilan
1307,2024-11-23,Cicilan pelanggan,Piutang,Pemasukan,1957260.0,QRIS,Piutang
1308,2024-06-13,CRM subscription,Software & Langganan,Pengeluaran,1238158.0,Kartu Debit,Software & Langganan
1309,2024-12-13,Pinjaman usaha,Modal & Investasi,Pemasukan,29402765.0,Transfer Bank,Modal & Investasi
1310,2026-03-15,Reimbursement karyawan,Gaji & Karyawan,Pengeluaran,1324961.0,Transfer Bank,Gaji & Karyawan
1311,2025-12-05,Biaya admin bank,Biaya Bank,Pengeluaran,20741.0,Kartu Debit,Biaya Bank
1312,2025-01-06,Pembayaran piutang pelanggan,Piutang,Pemasukan,7828761.0,QRIS,Piutang
1313,2025-12-10,Diskon promosi,Marketing & Promosi,Pengeluaran,3100657.0,E-Wallet,Marketing & Promosi
1314,2024-10-31,Pendapatan proyek,Penjualan,Pemasukan,2264001.0,Transfer Bank,Penjualan
1315,2024-12-24,Konsultan pajak,Pajak & Perizinan,Pengeluaran,13710049.0,Transfer Bank,Pajak & Perizinan
1316,2025-02-24,Pelunasan invoice,Piutang,Pemasukan,3597683.0,QRIS,Piutang
1317,2025-08-16,Pembayaran piutang pelanggan,Piutang,Pemasukan,5800513.0,QRIS,Piutang
1318,2024-06-30,Biaya ekspedisi,Transportasi & Logistik,Pengeluaran,1314722.0,Transfer Bank,Transportasi & Logistik
1319,2024-08-02,Pendapatan proyek,Penjualan,Pemasukan,8829683.0,QRIS,Penjualan
1320,2024-10-31,Perawatan aset,Peralatan & Aset,Pengeluaran,929486.0,Transfer Bank,Peralatan & Aset
1321,2026-02-07,Refund pelanggan,Lain-lain,Pengeluaran,455315.0,Tunai,Lain-lain
1322,2026-02-16,Event marketing,Marketing & Promosi,Pengeluaran,18315346.0,Transfer Bank,Marketing & Promosi
1323,2026-05-04,Event marketing,Marketing & Promosi,Pengeluaran,2469640.0,Transfer Bank,Marketing & Promosi
1324,2025-12-17,Biaya transfer,Biaya Bank,Pengeluaran,20838.0,QRIS,Biaya Bank
1325,2025-01-16,Tambahan modal operasional,Modal & Investasi,Pemasukan,8473727.0,Transfer Bank,Modal & Investasi
1326,2024-11-22,Cicilan pelanggan,Piutang,Pemasukan,2977996.0,Payment Gateway,Piutang
1327,2025-04-04,Pelunasan invoice,Piutang,Pemasukan,16700079.0,Payment Gateway,Piutang
1328,2025-09-20,Pendapatan marketplace,Penjualan,Pemasukan,204653.0,QRIS,Penjualan
1329,2025-11-18,Pendapatan marketplace,Penjualan,Pemasukan,1021226.0,Tunai,Penjualan
1330,2024-07-19,Bunga pinjaman,Utang & Cicilan,Pengeluaran,2988374.0,Transfer Bank,Utang & Cicilan
1331,2026-03-04,Cicilan pinjaman usaha,Utang & Cicilan,Pengeluaran,4494364.0,Transfer Bank,Utang & Cicilan
1332,2024-09-28,Pelunasan kredit usaha,Utang & Cicilan,Pengeluaran,21073517.0,Transfer Bank,Utang & Cicilan
1333,2026-02-07,DP dari pelanggan,Piutang,Pemasukan,7217729.0,Payment Gateway,Piutang
1334,2026-04-20,Penjualan jasa,Penjualan,Pemasukan,2890429.0,QRIS,Penjualan
1335,2026-05-24,CRM subscription,Software & Langganan,Pengeluaran,2450871.0,Kartu Debit,Software & Langganan
1337,2026-01-16,Biaya izin usaha,Pajak & Perizinan,Pengeluaran,5859971.0,Transfer Bank,Pajak & Perizinan
1338,2025-11-12,Cicilan pelanggan,Piutang,Pemasukan,2837283.0,QRIS,Piutang
1339,2026-04-17,Kurir,Transportasi & Logistik,Pengeluaran,2244181.0,Tunai,Transportasi & Logistik
1340,2026-03-14,Tambahan modal operasional,Modal & Investasi,Pemasukan,5135585.0,Transfer Bank,Modal & Investasi
1341,2025-04-27,Biaya admin bank,Biaya Bank,Pengeluaran,37277.0,QRIS,Biaya Bank
1342,2024-05-30,Biaya admin bank,Biaya Bank,Pengeluaran,28205.0,Transfer Bank,Biaya Bank
1343,2025-05-12,Penjualan jasa,Penjualan,Pemasukan,23381232.0,Tunai,Penjualan
1344,2025-01-06,Investasi investor,Modal & Investasi,Pemasukan,145256850.0,Transfer Bank,Modal & Investasi
1345,2025-12-02,Bensin operasional,Transportasi & Logistik,Pengeluaran,655278.0,Kartu Debit,Transportasi & Logistik
1346,2025-09-20,Parkir operasional,Transportasi & Logistik,Pengeluaran,718098.0,Kartu Debit,Transportasi & Logistik
1347,2025-07-10,Selisih kas,Lain-lain,Pengeluaran,205758.0,Tunai,Lain-lain
1348,2024-06-21,Setoran modal pemilik,Modal & Investasi,Pemasukan,48219838.0,Transfer Bank,Modal & Investasi
1349,2024-12-22,Pembelian printer,Peralatan & Aset,Pengeluaran,11432886.0,Kartu Debit,Peralatan & Aset
1350,2025-05-26,Pelunasan invoice,Piutang,Pemasukan,15568225.0,Payment Gateway,Piutang
1351,2025-03-25,Cicilan pelanggan,Piutang,Pemasukan,4356823.0,Payment Gateway,Piutang
1352,2024-12-29,Cicilan pelanggan,Piutang,Pemasukan,3605713.0,Payment Gateway,Piutang
1353,2024-10-26,Pembayaran piutang pelanggan,Piutang,Pemasukan,3228673.0,Payment Gateway,Piutang
1354,2025-03-31,Cicilan pelanggan,Piutang,Pemasukan,1725226.0,Payment Gateway,Piutang
1355,2024-11-27,Cicilan pelanggan,Piutang,Pemasukan,1106199.0,Payment Gateway,Piutang
1356,2025-02-10,Reimbursement karyawan,Gaji & Karyawan,Pengeluaran,771823.0,Transfer Bank,Gaji & Karyawan
1357,2025-12-06,Pembayaran piutang pelanggan,Piutang,Pemasukan,7458525.0,Transfer Bank,Piutang
1358,2025-06-25,Penjualan jasa,Penjualan,Pemasukan,23195148.0,Tunai,Penjualan
1359,2026-03-27,Uang lembur,Gaji & Karyawan,Pengeluaran,1782521.0,Transfer Bank,Gaji & Karyawan
1360,2026-02-15,Influencer marketing,Marketing & Promosi,Pengeluaran,14174933.0,Kartu Debit,Marketing & Promosi
1361,2026-03-28,Setoran modal pemilik,Modal & Investasi,Pemasukan,46523518.0,Transfer Bank,Modal & Investasi
1362,2026-02-23,Biaya tarik tunai,Biaya Bank,Pengeluaran,21617.0,E-Wallet,Biaya Bank
1363,2025-10-14,Pendapatan grosir,Penjualan,Pemasukan,19358517.0,Tunai,Penjualan
1364,2025-09-04,Pendapatan proyek,Penjualan,Pemasukan,19564393.0,Payment Gateway,Penjualan
1365,2025-04-23,Pembelian perlengkapan produksi,Pembelian Stok,Pengeluaran,7191669.0,E-Wallet,Pembelian Stok
1366,2026-03-22,Pinjaman usaha,Modal & Investasi,Pemasukan,19624815.0,Transfer Bank,Modal & Investasi
1367,2025-07-17,Bonus karyawan,Gaji & Karyawan,Pengeluaran,6380916.0,Transfer Bank,Gaji & Karyawan
1368,2025-07-07,Pinjaman usaha,Modal & Investasi,Pemasukan,33730362.0,Transfer Bank,Modal & Investasi
1369,2025-06-11,Pendapatan toko offline,Penjualan,Pemasukan,804637.0,Payment Gateway,Penjualan
1370,2026-05-19,Pendapatan marketplace,Penjualan,Pemasukan,4775119.0,Payment Gateway,Penjualan
1371,2024-06-13,Koreksi transaksi,Lain-lain,Pengeluaran,378237.0,Tunai,Lain-lain
1372,2025-11-21,Bensin operasional,Transportasi & Logistik,Pengeluaran,241959.0,Tunai,Transportasi & Logistik
1373,2025-06-29,Internet kantor,Operasional Kantor,Pengeluaran,1369571.0,Tunai,Operasional Kantor
1374,2025-02-27,Pembelian laptop,Peralatan & Aset,Pengeluaran,37470429.0,Kartu Debit,Peralatan & Aset
1375,2025-11-26,Biaya ekspedisi,Transportasi & Logistik,Pengeluaran,2915339.0,Transfer Bank,Transportasi & Logistik
1376,2024-11-01,Pembelian printer,Peralatan & Aset,Pengeluaran,10700514.0,Kartu Debit,Peralatan & Aset
1377,2025-01-19,Investasi investor,Modal & Investasi,Pemasukan,230756043.0,Transfer Bank,Modal & Investasi
1378,2025-06-20,DP dari pelanggan,Piutang,Pemasukan,9834867.0,Payment Gateway,Piutang
1379,2025-11-04,Internet kantor,Operasional Kantor,Pengeluaran,485835.0,Kartu Kredit,Operasional Kantor
1380,2025-10-19,Pendapatan proyek,Penjualan,Pemasukan,21239289.0,Kartu Debit,Penjualan
1381,2026-02-19,DP dari pelanggan,Piutang,Pemasukan,14831663.0,Transfer Bank,Piutang
1382,2025-04-02,Pembelian bahan baku,Pembelian Stok,Pengeluaran,18252246.0,Transfer Bank,Pembelian Stok
1383,2026-02-02,Pembelian mesin produksi,Peralatan & Aset,Pengeluaran,39731770.0,Kartu Kredit,Peralatan & Aset
1384,2024-11-06,Penjualan produk,Penjualan,Pemasukan,418500.0,QRIS,Penjualan
1385,2025-07-15,Pendapatan proyek,Penjualan,Pemasukan,1290448.0,QRIS,Penjualan
1386,2024-10-07,Pembelian furniture kantor,Peralatan & Aset,Pengeluaran,14364557.0,Kartu Debit,Peralatan & Aset
1387,2025-10-29,Investasi investor,Modal & Investasi,Pemasukan,177212989.0,Transfer Bank,Modal & Investasi
1388,2024-07-27,Cicilan pinjaman usaha,Utang & Cicilan,Pengeluaran,5864793.0,Transfer Bank,Utang & Cicilan
1389,2024-11-28,Cicilan pelanggan,Piutang,Pemasukan,620441.0,QRIS,Piutang
1390,2024-12-23,THR,Gaji & Karyawan,Pengeluaran,3782032.0,Transfer Bank,Gaji & Karyawan
1391,2024-07-26,Penjualan produk,Penjualan,Pemasukan,2479587.0,Transfer Bank,Penjualan
1392,2026-03-29,Pembelian printer,Peralatan & Aset,Pengeluaran,14581331.0,Kartu Kredit,Peralatan & Aset
1393,2026-03-08,Gaji karyawan,Gaji & Karyawan,Pengeluaran,11079824.0,Transfer Bank,Gaji & Karyawan
1394,2026-05-19,Pembayaran utang supplier,Utang & Cicilan,Pengeluaran,16766949.0,Transfer Bank,Utang & Cicilan
1395,2025-08-01,Biaya transfer,Biaya Bank,Pengeluaran,11533.0,Kartu Debit,Biaya Bank
1396,2026-05-11,Pendapatan grosir,Penjualan,Pemasukan,28265071.0,E-Wallet,Penjualan
1397,2024-09-22,Pinjaman usaha,Modal & Investasi,Pemasukan,95237583.0,Transfer Bank,Modal & Investasi
1398,2025-05-25,Penjualan produk,Penjualan,Pemasukan,1519606.0,E-Wallet,Penjualan
1399,2025-10-31,Biaya MDR kartu,Biaya Bank,Pengeluaran,196835.0,E-Wallet,Biaya Bank
1400,2025-11-28,Investasi investor,Modal & Investasi,Pemasukan,241015344.0,Transfer Bank,Modal & Investasi
1401,2025-06-07,Penjualan produk,Penjualan,Pemasukan,1699568.0,E-Wallet,Penjualan
1402,2026-04-19,Setoran modal pemilik,Modal & Investasi,Pemasukan,39542611.0,Transfer Bank,Modal & Investasi
1403,2025-10-04,Bunga pinjaman,Utang & Cicilan,Pengeluaran,4132050.0,Transfer Bank,Utang & Cicilan
1404,2024-10-17,Pembelian bahan baku,Pembelian Stok,Pengeluaran,19743345.0,Kartu Kredit,Pembelian Stok
1405,2025-02-17,Penjualan jasa,Penjualan,Pemasukan,2904012.0,Tunai,Penjualan
1406,2025-03-26,Perawatan aset,Peralatan & Aset,Pengeluaran,4132498.0,Kartu Debit,Peralatan & Aset
1407,2026-01-14,Tambahan modal operasional,Modal & Investasi,Pemasukan,16662646.0,Transfer Bank,Modal & Investasi
1408,2025-04-25,Pembelian mesin produksi,Peralatan & Aset,Pengeluaran,21767984.0,Transfer Bank,Peralatan & Aset
1409,2026-04-05,Pembelian bahan baku,Pembelian Stok,Pengeluaran,1694854.0,E-Wallet,Pembelian Stok
1410,2025-01-08,CRM subscription,Software & Langganan,Pengeluaran,1765744.0,Transfer Bank,Software & Langganan
1411,2025-08-27,Setoran modal pemilik,Modal & Investasi,Pemasukan,46549380.0,Transfer Bank,Modal & Investasi
1412,2026-02-10,Investasi investor,Modal & Investasi,Pemasukan,35500806.0,Transfer Bank,Modal & Investasi
1413,2025-06-09,Pendapatan toko offline,Penjualan,Pemasukan,1456255.0,Transfer Bank,Penjualan
1414,2024-09-18,Tambahan modal operasional,Modal & Investasi,Pemasukan,10914407.0,Transfer Bank,Modal & Investasi
1415,2025-10-11,Biaya MDR kartu,Biaya Bank,Pengeluaran,661478.0,QRIS,Biaya Bank
1416,2024-09-16,Donasi perusahaan,Lain-lain,Pengeluaran,261555.0,E-Wallet,Lain-lain
1417,2025-01-30,Bensin operasional,Transportasi & Logistik,Pengeluaran,44325.0,Transfer Bank,Transportasi & Logistik
1418,2024-08-04,Pelunasan invoice,Piutang,Pemasukan,1517619.0,QRIS,Piutang
1419,2025-05-26,Cicilan pelanggan,Piutang,Pemasukan,665101.0,Payment Gateway,Piutang
1420,2026-01-25,Setoran modal pemilik,Modal & Investasi,Pemasukan,11429101.0,Transfer Bank,Modal & Investasi
1421,2025-11-03,DP dari pelanggan,Piutang,Pemasukan,3606470.0,Transfer Bank,Piutang
1422,2024-10-20,DP dari pelanggan,Piutang,Pemasukan,2763164.0,Payment Gateway,Piutang
1423,2025-12-01,Hosting website,Software & Langganan,Pengeluaran,1915577.0,Kartu Kredit,Software & Langganan
1424,2025-04-19,THR,Gaji & Karyawan,Pengeluaran,1825322.0,Transfer Bank,Gaji & Karyawan
1425,2025-05-14,Air kantor,Operasional Kantor,Pengeluaran,432464.0,Kartu Debit,Operasional Kantor
1426,2024-10-18,Pembelian printer,Peralatan & Aset,Pengeluaran,4915816.0,Kartu Debit,Peralatan & Aset
1427,2026-04-24,Pinjaman usaha,Modal & Investasi,Pemasukan,12761043.0,Transfer Bank,Modal & Investasi
1428,2024-07-25,Bonus karyawan,Gaji & Karyawan,Pengeluaran,8023977.0,Transfer Bank,Gaji & Karyawan
1429,2026-04-07,Pelunasan invoice,Piutang,Pemasukan,27429215.0,QRIS,Piutang
1430,2026-04-30,Pendapatan proyek,Penjualan,Pemasukan,5550674.0,QRIS,Penjualan
1431,2024-09-14,Pelunasan invoice,Piutang,Pemasukan,11551194.0,QRIS,Piutang
1432,2024-06-05,Pendapatan marketplace,Penjualan,Pemasukan,2214323.0,E-Wallet,Penjualan
1433,2025-02-09,Pembelian laptop,Peralatan & Aset,Pengeluaran,40691919.0,Transfer Bank,Peralatan & Aset
1434,2024-08-19,Bayar pajak usaha,Pajak & Perizinan,Pengeluaran,49701511.0,Transfer Bank,Pajak & Perizinan
1435,2026-05-21,Setoran modal pemilik,Modal & Investasi,Pemasukan,36125750.0,Transfer Bank,Modal & Investasi
1436,2025-08-30,Biaya tarik tunai,Biaya Bank,Pengeluaran,26454.0,Payment Gateway,Biaya Bank
1437,2025-06-22,Pendapatan toko offline,Penjualan,Pemasukan,2458716.0,QRIS,Penjualan
1438,2026-05-15,Marketing & Promosi,Marketing & Promosi,Pengeluaran,8188593.0,Kartu Debit,Marketing & Promosi
3010,2026-04-13,DP dari pelanggan,Piutang,Pemasukan,13737065.0,QRIS,Piutang
1440,2025-02-21,Tambahan modal operasional,Modal & Investasi,Pemasukan,3576277.0,Transfer Bank,Modal & Investasi
1441,2025-03-09,Bunga pinjaman,Utang & Cicilan,Pengeluaran,264720.0,Transfer Bank,Utang & Cicilan
1442,2025-08-27,Pendapatan grosir,Penjualan,Pemasukan,23920749.0,QRIS,Penjualan
3011,2025-07-22,Pembayaran utang supplier,Utang & Cicilan,Pengeluaran,36129844.0,Transfer Bank,Utang & Cicilan
1444,2025-02-21,PPN,Pajak & Perizinan,Pengeluaran,34358614.0,Transfer Bank,Pajak & Perizinan
1445,2026-03-16,Cicilan pelanggan,Piutang,Pemasukan,2286363.0,Transfer Bank,Piutang
1446,2024-10-16,Pembelian perlengkapan produksi,Pembelian Stok,Pengeluaran,8470654.0,Kartu Kredit,Pembelian Stok
1447,2024-08-21,Pembayaran piutang pelanggan,Piutang,Pemasukan,10783277.0,Transfer Bank,Piutang
1448,2024-06-03,Pembelian barang dagang,Pembelian Stok,Pengeluaran,5100309.0,Transfer Bank,Pembelian Stok
1449,2025-05-24,Tambahan modal operasional,Modal & Investasi,Pemasukan,12418610.0,Transfer Bank,Modal & Investasi
1450,2025-09-29,Tambahan modal operasional,Modal & Investasi,Pemasukan,6519554.0,Transfer Bank,Modal & Investasi
1451,2024-10-29,Kurir,Transportasi & Logistik,Pengeluaran,238890.0,Kartu Debit,Transportasi & Logistik
1452,2025-10-19,Uang lembur,Gaji & Karyawan,Pengeluaran,1382665.0,Transfer Bank,Gaji & Karyawan
1453,2025-03-29,Gaji karyawan,Gaji & Karyawan,Pengeluaran,12327911.0,Transfer Bank,Gaji & Karyawan
1454,2025-12-09,Cicilan pelanggan,Piutang,Pemasukan,2405674.0,Transfer Bank,Piutang
1455,2025-06-19,Biaya tarik tunai,Biaya Bank,Pengeluaran,35025.0,Payment Gateway,Biaya Bank
1456,2024-10-11,Gaji karyawan,Gaji & Karyawan,Pengeluaran,4195347.0,Transfer Bank,Gaji & Karyawan
1457,2025-09-11,Kebersihan kantor,Operasional Kantor,Pengeluaran,749419.0,Kartu Debit,Operasional Kantor
1458,2026-03-29,Pinjaman usaha,Modal & Investasi,Pemasukan,51817838.0,Transfer Bank,Modal & Investasi
1459,2024-05-28,Setoran modal pemilik,Modal & Investasi,Pemasukan,7394524.0,Transfer Bank,Modal & Investasi
1460,2025-04-19,Koreksi transaksi,Lain-lain,Pengeluaran,400603.0,Tunai,Lain-lain
1461,2025-02-08,Investasi investor,Modal & Investasi,Pemasukan,91430570.0,Transfer Bank,Modal & Investasi
1462,2026-02-05,Biaya payment gateway,Biaya Bank,Pengeluaran,829643.0,Payment Gateway,Biaya Bank
1463,2025-11-16,PPh,Pajak & Perizinan,Pengeluaran,39378289.0,Transfer Bank,Pajak & Perizinan
1464,2025-04-18,DP dari pelanggan,Piutang,Pemasukan,12374279.0,Transfer Bank,Piutang
1465,2026-03-08,Penjualan produk,Penjualan,Pemasukan,1520047.0,Payment Gateway,Penjualan
1466,2026-01-25,Biaya MDR kartu,Biaya Bank,Pengeluaran,785487.0,Transfer Bank,Biaya Bank
1467,2024-06-02,Bunga pinjaman,Utang & Cicilan,Pengeluaran,3555351.0,Transfer Bank,Utang & Cicilan
1468,2024-09-22,Pembelian barang dagang,Pembelian Stok,Pengeluaran,9457018.0,Transfer Bank,Pembelian Stok
1469,2024-08-11,DP dari pelanggan,Piutang,Pemasukan,1889185.0,QRIS,Piutang
1470,2026-03-09,Pinjaman usaha,Modal & Investasi,Pemasukan,85135155.0,Transfer Bank,Modal & Investasi
1471,2025-10-15,Pembelian barang dagang,Pembelian Stok,Pengeluaran,8345791.0,Kartu Kredit,Pembelian Stok
1472,2025-07-24,Pendapatan grosir,Penjualan,Pemasukan,29154227.0,Transfer Bank,Penjualan
1473,2026-05-03,Influencer marketing,Marketing & Promosi,Pengeluaran,14086330.0,Kartu Kredit,Marketing & Promosi
1474,2026-04-25,Pinjaman usaha,Modal & Investasi,Pemasukan,74557363.0,Transfer Bank,Modal & Investasi
3012,2024-08-22,Penjualan jasa,Penjualan,Pemasukan,14137613.0,Kartu Debit,Penjualan
1476,2026-05-19,Pendapatan toko offline,Penjualan,Pemasukan,645024.0,Tunai,Penjualan
1477,2024-06-25,Pendapatan proyek,Penjualan,Pemasukan,23482469.0,Tunai,Penjualan
1478,2025-11-30,Biaya MDR kartu,Biaya Bank,Pengeluaran,545971.0,QRIS,Biaya Bank
1479,2025-11-10,Penjualan jasa,Penjualan,Pemasukan,23560743.0,Transfer Bank,Penjualan
1480,2024-10-09,Pembelian perlengkapan produksi,Pembelian Stok,Pengeluaran,2525576.0,E-Wallet,Pembelian Stok
1481,2024-11-16,Setoran modal pemilik,Modal & Investasi,Pemasukan,45405819.0,Transfer Bank,Modal & Investasi
1482,2025-08-29,DP dari pelanggan,Piutang,Pemasukan,1699492.0,Payment Gateway,Piutang
1483,2024-06-09,Pembayaran piutang pelanggan,Piutang,Pemasukan,2275134.0,QRIS,Piutang
1484,2026-01-02,Pembelian perlengkapan produksi,Pembelian Stok,Pengeluaran,507879.0,E-Wallet,Pembelian Stok
1485,2025-08-07,Sewa kendaraan,Transportasi & Logistik,Pengeluaran,1903092.0,Tunai,Transportasi & Logistik
1486,2024-11-26,Biaya payment gateway,Biaya Bank,Pengeluaran,134205.0,Payment Gateway,Biaya Bank
1487,2024-12-12,Pelunasan invoice,Piutang,Pemasukan,23276587.0,Transfer Bank,Piutang
1488,2024-10-06,Pinjaman usaha,Modal & Investasi,Pemasukan,81392384.0,Transfer Bank,Modal & Investasi
1489,2025-08-26,Tools desain,Software & Langganan,Pengeluaran,820228.0,Kartu Debit,Software & Langganan
1490,2024-11-28,Influencer marketing,Marketing & Promosi,Pengeluaran,17386116.0,Kartu Kredit,Marketing & Promosi
1491,2025-07-29,Pelunasan invoice,Piutang,Pemasukan,23850044.0,Transfer Bank,Piutang
1492,2025-06-08,Cicilan pelanggan,Piutang,Pemasukan,1485691.0,Transfer Bank,Piutang
1493,2024-07-25,Pembayaran utang supplier,Utang & Cicilan,Pengeluaran,7910912.0,Transfer Bank,Utang & Cicilan
1494,2026-01-14,Tambahan modal operasional,Modal & Investasi,Pemasukan,12789140.0,Transfer Bank,Modal & Investasi
1495,2025-03-23,Transportasi & Logistik,Transportasi & Logistik,Pengeluaran,1987051.0,Kartu Debit,Transportasi & Logistik
1496,2025-05-11,Tambahan modal operasional,Modal & Investasi,Pemasukan,19499548.0,Transfer Bank,Modal & Investasi
1497,2024-11-03,Selisih kas,Lain-lain,Pengeluaran,442057.0,Transfer Bank,Lain-lain
1498,2026-02-05,Domain website,Software & Langganan,Pengeluaran,964627.0,Transfer Bank,Software & Langganan
1499,2025-04-24,Biaya MDR kartu,Biaya Bank,Pengeluaran,846845.0,Payment Gateway,Biaya Bank
1500,2025-12-06,Pendapatan marketplace,Penjualan,Pemasukan,3024212.0,QRIS,Penjualan
1501,2025-02-08,Investasi investor,Modal & Investasi,Pemasukan,204471096.0,Transfer Bank,Modal & Investasi
1502,2026-04-25,Cicilan pelanggan,Piutang,Pemasukan,3609587.0,QRIS,Piutang
1503,2024-09-20,Biaya transfer,Biaya Bank,Pengeluaran,19443.0,E-Wallet,Biaya Bank
1504,2024-12-24,Pembayaran piutang pelanggan,Piutang,Pemasukan,21142464.0,Payment Gateway,Piutang
1505,2024-06-15,Pinjaman usaha,Modal & Investasi,Pemasukan,95837976.0,Transfer Bank,Modal & Investasi
1506,2025-08-14,Pembayaran piutang pelanggan,Piutang,Pemasukan,8231937.0,Payment Gateway,Piutang
1507,2025-03-15,Pembayaran utang supplier,Utang & Cicilan,Pengeluaran,3297959.0,Transfer Bank,Utang & Cicilan
1508,2024-06-20,DP dari pelanggan,Piutang,Pemasukan,12948854.0,Payment Gateway,Piutang
1509,2024-11-12,Sewa kendaraan,Transportasi & Logistik,Pengeluaran,2642234.0,Tunai,Transportasi & Logistik
1510,2025-04-15,Penjualan produk,Penjualan,Pemasukan,2252539.0,Tunai,Penjualan
1511,2024-09-13,Pelunasan invoice,Piutang,Pemasukan,14280445.0,QRIS,Piutang
1512,2025-03-21,Biaya izin usaha,Pajak & Perizinan,Pengeluaran,12676704.0,Transfer Bank,Pajak & Perizinan
1513,2025-07-22,Tambahan modal operasional,Modal & Investasi,Pemasukan,13286396.0,Transfer Bank,Modal & Investasi
1514,2026-03-16,Pendapatan grosir,Penjualan,Pemasukan,22036159.0,Transfer Bank,Penjualan
1515,2025-02-12,Pelunasan invoice,Piutang,Pemasukan,23981295.0,Transfer Bank,Piutang
1516,2025-09-18,Cicilan pinjaman usaha,Utang & Cicilan,Pengeluaran,4194431.0,Transfer Bank,Utang & Cicilan
1517,2026-04-12,CRM subscription,Software & Langganan,Pengeluaran,681297.0,Transfer Bank,Software & Langganan
1518,2025-11-29,Refund pelanggan,Lain-lain,Pengeluaran,4477043.0,Transfer Bank,Lain-lain
1519,2026-05-22,Langganan software akuntansi,Software & Langganan,Pengeluaran,519071.0,Kartu Debit,Software & Langganan
1520,2026-03-18,Event marketing,Marketing & Promosi,Pengeluaran,4279601.0,E-Wallet,Marketing & Promosi
1521,2025-04-27,Penjualan produk,Penjualan,Pemasukan,1010457.0,Tunai,Penjualan
1522,2024-08-20,Pendapatan toko offline,Penjualan,Pemasukan,988019.0,QRIS,Penjualan
1523,2025-09-14,Cicilan pelanggan,Piutang,Pemasukan,2122024.0,Transfer Bank,Piutang
1524,2025-03-18,Biaya tak terduga,Lain-lain,Pengeluaran,4319304.0,Tunai,Lain-lain
1525,2024-12-12,Domain website,Software & Langganan,Pengeluaran,2390516.0,E-Wallet,Software & Langganan
1526,2024-12-18,Pembelian bahan baku,Pembelian Stok,Pengeluaran,18791690.0,E-Wallet,Pembelian Stok
1527,2025-09-02,THR,Gaji & Karyawan,Pengeluaran,1856309.0,Transfer Bank,Gaji & Karyawan
1528,2025-04-18,Tambahan modal operasional,Modal & Investasi,Pemasukan,2192377.0,Transfer Bank,Modal & Investasi
1529,2025-12-18,Pendapatan proyek,Penjualan,Pemasukan,19486238.0,Tunai,Penjualan
3013,2026-04-28,Penjualan,Penjualan,Pemasukan,34302458.0,QRIS,Penjualan
1531,2025-02-10,Pendapatan proyek,Penjualan,Pemasukan,6140139.0,Tunai,Penjualan
1532,2026-03-28,Setoran modal pemilik,Modal & Investasi,Pemasukan,34277088.0,Transfer Bank,Modal & Investasi
1533,2024-08-17,Penjualan jasa,Penjualan,Pemasukan,9763191.0,E-Wallet,Penjualan
1534,2025-07-29,Pinjaman usaha,Modal & Investasi,Pemasukan,31101861.0,Transfer Bank,Modal & Investasi
1536,2025-01-23,Pembayaran piutang pelanggan,Piutang,Pemasukan,827195.0,Transfer Bank,Piutang
1537,2025-02-23,Pembayaran piutang pelanggan,Piutang,Pemasukan,22711549.0,QRIS,Piutang
1538,2025-04-15,Pembelian barang dagang,Pembelian Stok,Pengeluaran,18220635.0,Tunai,Pembelian Stok
1539,2026-03-05,Setoran modal pemilik,Modal & Investasi,Pemasukan,33455415.0,Transfer Bank,Modal & Investasi
1540,2025-07-07,Pembelian barang dagang,Pembelian Stok,Pengeluaran,3520990.0,Kartu Kredit,Pembelian Stok
1541,2026-01-09,Konsultan pajak,Pajak & Perizinan,Pengeluaran,2862094.0,Transfer Bank,Pajak & Perizinan
1542,2025-02-13,Investasi investor,Modal & Investasi,Pemasukan,177209198.0,Transfer Bank,Modal & Investasi
1543,2024-07-01,Langganan software akuntansi,Software & Langganan,Pengeluaran,629379.0,Kartu Debit,Software & Langganan
1544,2026-04-22,Cicilan pinjaman usaha,Utang & Cicilan,Pengeluaran,8690900.0,Transfer Bank,Utang & Cicilan
1545,2024-07-16,Pendapatan proyek,Penjualan,Pemasukan,11208400.0,Transfer Bank,Penjualan
1546,2025-05-03,BPJS Karyawan,Gaji & Karyawan,Pengeluaran,1195488.0,Transfer Bank,Gaji & Karyawan
1547,2026-04-16,Tambahan modal operasional,Modal & Investasi,Pemasukan,4852875.0,Transfer Bank,Modal & Investasi
1548,2024-10-01,Hosting website,Software & Langganan,Pengeluaran,553003.0,E-Wallet,Software & Langganan
1549,2026-05-01,BPJS Karyawan,Gaji & Karyawan,Pengeluaran,634797.0,Transfer Bank,Gaji & Karyawan
1550,2025-07-12,Cicilan pelanggan,Piutang,Pemasukan,2984876.0,Payment Gateway,Piutang
1551,2025-12-20,Bensin operasional,Transportasi & Logistik,Pengeluaran,310137.0,Kartu Debit,Transportasi & Logistik
1552,2024-09-01,Pembayaran piutang pelanggan,Piutang,Pemasukan,16455322.5,Transfer Bank,Piutang
3014,2025-08-18,Bunga pinjaman,Utang & Cicilan,Pengeluaran,3679442.0,Transfer Bank,Utang & Cicilan
1554,2025-06-11,Pembayaran piutang pelanggan,Piutang,Pemasukan,9983596.0,Payment Gateway,Piutang
1555,2024-08-19,Biaya tarik tunai,Biaya Bank,Pengeluaran,33396.0,E-Wallet,Biaya Bank
1556,2025-04-04,Biaya transfer,Biaya Bank,Pengeluaran,19582.0,Transfer Bank,Biaya Bank
1557,2024-09-04,Pembelian barang dagang,Pembelian Stok,Pengeluaran,14562448.0,E-Wallet,Pembelian Stok
1558,2024-11-21,Setoran modal pemilik,Modal & Investasi,Pemasukan,19418295.0,Transfer Bank,Modal & Investasi
1559,2026-01-07,Biaya admin bank,Biaya Bank,Pengeluaran,14646.0,QRIS,Biaya Bank
1560,2024-07-18,Pendapatan marketplace,Penjualan,Pemasukan,1628318.0,QRIS,Penjualan
1561,2024-09-23,Tools desain,Software & Langganan,Pengeluaran,2079798.0,E-Wallet,Software & Langganan
1562,2025-04-08,Bonus karyawan,Gaji & Karyawan,Pengeluaran,5559767.0,Transfer Bank,Gaji & Karyawan
1563,2025-12-14,Pendapatan grosir,Penjualan,Pemasukan,43403155.0,QRIS,Penjualan
1564,2025-02-03,DP dari pelanggan,Piutang,Pemasukan,3353528.0,Payment Gateway,Piutang
1565,2025-07-24,Pembelian laptop,Peralatan & Aset,Pengeluaran,40212527.0,Kartu Debit,Peralatan & Aset
1566,2025-07-13,Pendapatan marketplace,Penjualan,Pemasukan,1937175.0,E-Wallet,Penjualan
1567,2024-09-30,Biaya endorsement,Marketing & Promosi,Pengeluaran,8028399.0,Kartu Debit,Marketing & Promosi
1568,2024-06-08,Penjualan,Penjualan,Pemasukan,19286485.0,Payment Gateway,Penjualan
1569,2024-08-24,Cicilan pelanggan,Piutang,Pemasukan,4383044.0,Payment Gateway,Piutang
1570,2025-11-24,Pembelian bahan baku,Pembelian Stok,Pengeluaran,18962141.0,E-Wallet,Pembelian Stok
1571,2025-01-16,Kebersihan kantor,Operasional Kantor,Pengeluaran,200064.0,Tunai,Operasional Kantor
1572,2025-04-26,Cicilan pelanggan,Piutang,Pemasukan,1744327.0,Transfer Bank,Piutang
1573,2026-02-01,Pinjaman usaha,Modal & Investasi,Pemasukan,97912081.0,Transfer Bank,Modal & Investasi
1574,2024-07-14,Tambahan modal operasional,Modal & Investasi,Pemasukan,9842216.0,Transfer Bank,Modal & Investasi
1575,2025-05-20,PPN,Pajak & Perizinan,Pengeluaran,19016917.0,Transfer Bank,Pajak & Perizinan
1576,2024-11-28,Setoran modal pemilik,Modal & Investasi,Pemasukan,27939590.0,Transfer Bank,Modal & Investasi
1577,2025-11-17,Hosting website,Software & Langganan,Pengeluaran,400363.0,Kartu Kredit,Software & Langganan
1578,2024-11-25,Pendapatan marketplace,Penjualan,Pemasukan,2168773.0,Payment Gateway,Penjualan
1579,2026-05-03,Internet kantor,Operasional Kantor,Pengeluaran,171027.0,Kartu Debit,Operasional Kantor
1580,2025-09-10,Perawatan aset,Peralatan & Aset,Pengeluaran,991686.0,Kartu Debit,Peralatan & Aset
1581,2026-02-27,Pendapatan grosir,Penjualan,Pemasukan,25106463.0,Kartu Debit,Penjualan
1582,2024-11-29,Influencer marketing,Marketing & Promosi,Pengeluaran,13320803.0,Kartu Kredit,Marketing & Promosi
1583,2025-12-10,Biaya endorsement,Marketing & Promosi,Pengeluaran,8305285.0,Kartu Debit,Marketing & Promosi
1584,2025-03-22,Setoran modal pemilik,Modal & Investasi,Pemasukan,20233369.0,Lainnya,Modal & Investasi
1585,2025-11-23,Donasi perusahaan,Lain-lain,Pengeluaran,5478201.0,Transfer Bank,Lain-lain
1586,2025-05-10,Cicilan pelanggan,Piutang,Pemasukan,3261175.0,Payment Gateway,Piutang
1587,2024-12-19,Pinjaman usaha,Modal & Investasi,Pemasukan,92547400.0,Transfer Bank,Modal & Investasi
1588,2025-10-27,Investasi investor,Modal & Investasi,Pemasukan,225482070.0,Transfer Bank,Modal & Investasi
1589,2025-08-19,DP dari pelanggan,Piutang,Pemasukan,1732739.0,QRIS,Piutang
1590,2024-12-03,DP dari pelanggan,Piutang,Pemasukan,14346201.0,Transfer Bank,Piutang
1591,2024-12-18,Pembayaran piutang pelanggan,Piutang,Pemasukan,23810979.0,Transfer Bank,Piutang
1592,2025-03-22,Administrasi legal,Pajak & Perizinan,Pengeluaran,10283235.0,Transfer Bank,Pajak & Perizinan
1593,2024-11-17,Restock produk,Pembelian Stok,Pengeluaran,5351137.0,E-Wallet,Pembelian Stok
1594,2026-03-02,Bensin operasional,Transportasi & Logistik,Pengeluaran,223220.0,Transfer Bank,Transportasi & Logistik
1595,2026-05-07,Uang lembur,Gaji & Karyawan,Pengeluaran,2869193.0,Transfer Bank,Gaji & Karyawan
1596,2024-10-12,Pembelian mesin produksi,Peralatan & Aset,Pengeluaran,42917331.0,Kartu Kredit,Peralatan & Aset
1597,2026-02-03,DP dari pelanggan,Piutang,Pemasukan,558865.0,QRIS,Piutang
1598,2025-09-06,Investasi investor,Modal & Investasi,Pemasukan,37408576.0,Transfer Bank,Modal & Investasi
1599,2025-05-19,Investasi investor,Modal & Investasi,Pemasukan,133836323.0,Transfer Bank,Modal & Investasi
1600,2025-11-01,Pembayaran piutang pelanggan,Piutang,Pemasukan,21237904.0,QRIS,Piutang
1601,2025-08-16,Pembelian mesin produksi,Peralatan & Aset,Pengeluaran,7269530.0,Lainnya,Peralatan & Aset
1602,2025-01-04,Pembelian perlengkapan produksi,Pembelian Stok,Pengeluaran,6349665.0,Transfer Bank,Pembelian Stok
1603,2025-03-12,Pendapatan proyek,Penjualan,Pemasukan,20895689.0,Payment Gateway,Penjualan
1604,2025-03-15,Pembelian laptop,Peralatan & Aset,Pengeluaran,17181539.0,Kartu Kredit,Peralatan & Aset
1605,2025-03-15,PPh,Pajak & Perizinan,Pengeluaran,5126298.0,Transfer Bank,Pajak & Perizinan
1606,2026-01-28,Pembelian printer,Peralatan & Aset,Pengeluaran,3851140.0,Transfer Bank,Peralatan & Aset
1607,2025-02-25,Pendapatan marketplace,Penjualan,Pemasukan,3453885.0,Transfer Bank,Penjualan
1608,2025-05-27,Penjualan produk,Penjualan,Pemasukan,591202.0,E-Wallet,Penjualan
1609,2025-11-18,Koreksi transaksi,Lain-lain,Pengeluaran,406830.0,Transfer Bank,Lain-lain
1610,2025-08-29,Kebersihan kantor,Operasional Kantor,Pengeluaran,726935.0,Kartu Debit,Operasional Kantor
3015,2026-05-04,Cicilan pelanggan,Piutang,Pemasukan,3440810.0,Transfer Bank,Piutang
1612,2025-12-01,Pendapatan grosir,Penjualan,Pemasukan,22435192.0,E-Wallet,Penjualan
1613,2025-12-18,DP dari pelanggan,Piutang,Pemasukan,11308882.0,QRIS,Piutang
1614,2026-01-25,Pembelian perlengkapan produksi,Pembelian Stok,Pengeluaran,6994302.0,Lainnya,Pembelian Stok
1615,2024-08-03,Reimbursement karyawan,Gaji & Karyawan,Pengeluaran,909400.0,Transfer Bank,Gaji & Karyawan
1616,2024-12-08,Perawatan aset,Peralatan & Aset,Pengeluaran,3914369.0,Kartu Kredit,Peralatan & Aset
1617,2025-06-19,Pendapatan toko offline,Penjualan,Pemasukan,1868172.0,Kartu Debit,Penjualan
1618,2025-02-22,Biaya admin bank,Biaya Bank,Pengeluaran,20757.0,E-Wallet,Biaya Bank
1619,2024-08-19,Pendapatan proyek,Penjualan,Pemasukan,15090259.0,Payment Gateway,Penjualan
1620,2024-10-11,Pembayaran piutang pelanggan,Piutang,Pemasukan,19834596.0,Payment Gateway,Piutang
1621,2024-08-11,Investasi investor,Modal & Investasi,Pemasukan,157085286.0,Transfer Bank,Modal & Investasi
1622,2024-06-23,Konsultan pajak,Pajak & Perizinan,Pengeluaran,12794720.0,Transfer Bank,Pajak & Perizinan
1623,2026-04-17,Setoran modal pemilik,Modal & Investasi,Pemasukan,13876303.0,Transfer Bank,Modal & Investasi
1624,2026-02-03,CRM subscription,Software & Langganan,Pengeluaran,1340945.0,Kartu Debit,Software & Langganan
1625,2024-11-02,Domain website,Software & Langganan,Pengeluaran,656062.0,E-Wallet,Software & Langganan
1626,2025-04-08,Restock produk,Pembelian Stok,Pengeluaran,6855245.0,Tunai,Pembelian Stok
1627,2025-11-25,Setoran modal pemilik,Modal & Investasi,Pemasukan,38136827.0,Transfer Bank,Modal & Investasi
1628,2026-04-28,Cicilan pelanggan,Piutang,Pemasukan,2568311.0,Payment Gateway,Piutang
1629,2024-09-09,Sewa kendaraan,Transportasi & Logistik,Pengeluaran,3175803.0,Kartu Kredit,Transportasi & Logistik
1630,2026-03-18,Pendapatan grosir,Penjualan,Pemasukan,46121663.0,Transfer Bank,Penjualan
1631,2024-08-02,Refund pelanggan,Lain-lain,Pengeluaran,3865130.0,Transfer Bank,Lain-lain
1632,2025-05-24,Pendapatan grosir,Penjualan,Pemasukan,25216406.0,Transfer Bank,Penjualan
1633,2024-07-05,Cicilan pelanggan,Piutang,Pemasukan,4392358.0,Transfer Bank,Piutang
1634,2025-02-10,Gaji karyawan,Gaji & Karyawan,Pengeluaran,10306139.0,Transfer Bank,Gaji & Karyawan
1635,2026-04-12,Event marketing,Marketing & Promosi,Pengeluaran,4983217.0,Kartu Debit,Marketing & Promosi
1636,2025-04-18,Pelunasan kredit usaha,Utang & Cicilan,Pengeluaran,42850341.0,Transfer Bank,Utang & Cicilan
1637,2024-08-04,Pembayaran piutang pelanggan,Piutang,Pemasukan,10619181.0,Transfer Bank,Piutang
1638,2024-09-03,Pembelian barang dagang,Pembelian Stok,Pengeluaran,4631490.0,Transfer Bank,Pembelian Stok
1639,2026-03-28,Pembelian furniture kantor,Peralatan & Aset,Pengeluaran,10293747.0,Transfer Bank,Peralatan & Aset
1640,2024-07-04,Pembayaran piutang pelanggan,Piutang,Pemasukan,14072011.0,QRIS,Piutang
1641,2025-05-27,Cicilan pinjaman usaha,Utang & Cicilan,Pengeluaran,1395681.0,Transfer Bank,Utang & Cicilan
1642,2024-09-05,Biaya admin bank,Biaya Bank,Pengeluaran,28833.0,Payment Gateway,Biaya Bank
1643,2025-11-03,Investasi investor,Modal & Investasi,Pemasukan,143032118.0,Transfer Bank,Modal & Investasi
1644,2025-10-21,Pelunasan invoice,Piutang,Pemasukan,29354987.0,QRIS,Piutang
1645,2025-07-02,Sewa kendaraan,Transportasi & Logistik,Pengeluaran,841871.0,Tunai,Transportasi & Logistik
1646,2024-09-16,Cicilan pinjaman usaha,Utang & Cicilan,Pengeluaran,2586471.0,Transfer Bank,Utang & Cicilan
1647,2026-03-22,Pelunasan invoice,Piutang,Pemasukan,1627344.0,QRIS,Piutang
1648,2024-12-29,Penjualan jasa,Penjualan,Pemasukan,23408269.0,Transfer Bank,Penjualan
1649,2025-08-10,Pendapatan grosir,Penjualan,Pemasukan,17127801.0,Tunai,Penjualan
1650,2024-09-19,Pembelian printer,Peralatan & Aset,Pengeluaran,13334747.0,Kartu Debit,Peralatan & Aset
1651,2025-05-14,Cicilan pinjaman usaha,Utang & Cicilan,Pengeluaran,9488791.0,Transfer Bank,Utang & Cicilan
1652,2024-05-30,Setoran modal pemilik,Modal & Investasi,Pemasukan,46273682.0,Transfer Bank,Modal & Investasi
1653,2024-09-22,Penjualan produk,Penjualan,Pemasukan,245647.0,Tunai,Penjualan
1654,2025-04-04,Pelunasan invoice,Piutang,Pemasukan,25420124.0,QRIS,Piutang
1655,2026-03-22,Pelunasan invoice,Piutang,Pemasukan,19737658.0,Transfer Bank,Piutang
1656,2024-07-21,DP dari pelanggan,Piutang,Pemasukan,1863134.0,QRIS,Piutang
1657,2024-09-18,Listrik kantor,Operasional Kantor,Pengeluaran,1292244.0,Kartu Debit,Operasional Kantor
1658,2024-08-21,Cicilan pelanggan,Piutang,Pemasukan,2598646.0,Payment Gateway,Piutang
1659,2024-10-19,Air kantor,Operasional Kantor,Pengeluaran,308317.0,Kartu Debit,Operasional Kantor
1660,2025-03-03,Pembayaran piutang pelanggan,Piutang,Pemasukan,3381572.0,Transfer Bank,Piutang
1661,2026-03-23,Bunga pinjaman,Utang & Cicilan,Pengeluaran,1260704.0,Transfer Bank,Utang & Cicilan
1662,2025-09-02,Konsultan pajak,Pajak & Perizinan,Pengeluaran,1008517.0,Transfer Bank,Pajak & Perizinan
1663,2026-04-24,Pelunasan invoice,Piutang,Pemasukan,623668.0,Transfer Bank,Piutang
1664,2026-02-02,Tambahan modal operasional,Modal & Investasi,Pemasukan,7179572.0,Transfer Bank,Modal & Investasi
1665,2025-07-16,Pembelian mesin produksi,Peralatan & Aset,Pengeluaran,45737549.0,Kartu Debit,Peralatan & Aset
1666,2025-09-16,Ongkos kirim,Transportasi & Logistik,Pengeluaran,801801.0,E-Wallet,Transportasi & Logistik
1667,2026-05-06,Pembelian bahan baku,Pembelian Stok,Pengeluaran,10150681.0,Kartu Kredit,Pembelian Stok
1668,2025-10-07,Biaya tak terduga,Lain-lain,Pengeluaran,9162447.0,Tunai,Lain-lain
1669,2025-03-06,Pendapatan grosir,Penjualan,Pemasukan,21746338.0,E-Wallet,Penjualan
1670,2025-09-21,Pembayaran piutang pelanggan,Piutang,Pemasukan,1313284.0,QRIS,Piutang
1671,2026-03-11,Pinjaman usaha,Modal & Investasi,Pemasukan,80297143.0,Transfer Bank,Modal & Investasi
1672,2024-08-18,Pembayaran piutang pelanggan,Piutang,Pemasukan,20271789.0,Transfer Bank,Piutang
1673,2024-08-29,Reimbursement karyawan,Gaji & Karyawan,Pengeluaran,1777431.0,Transfer Bank,Gaji & Karyawan
1674,2025-11-10,Pendapatan toko offline,Penjualan,Pemasukan,886187.0,Kartu Debit,Penjualan
1675,2024-07-13,Cicilan pelanggan,Piutang,Pemasukan,3861000.0,Transfer Bank,Piutang
1676,2026-05-20,Pendapatan marketplace,Penjualan,Pemasukan,4180655.0,Payment Gateway,Penjualan
1677,2024-10-03,Pendapatan proyek,Penjualan,Pemasukan,3507511.0,Payment Gateway,Penjualan
1678,2024-07-03,Domain website,Software & Langganan,Pengeluaran,2051657.0,Transfer Bank,Software & Langganan
1679,2024-06-01,Pendapatan grosir,Penjualan,Pemasukan,18055718.0,Lainnya,Penjualan
1680,2026-03-24,Cicilan pelanggan,Piutang,Pemasukan,2641134.0,Payment Gateway,Piutang
1681,2024-08-14,Pendapatan toko offline,Penjualan,Pemasukan,1425584.0,Kartu Debit,Penjualan
1682,2025-06-30,Investasi investor,Modal & Investasi,Pemasukan,82131354.0,Transfer Bank,Modal & Investasi
1683,2025-06-19,ATK,Operasional Kantor,Pengeluaran,999225.0,Tunai,Operasional Kantor
1684,2024-08-25,Event marketing,Marketing & Promosi,Pengeluaran,8021108.0,Transfer Bank,Marketing & Promosi
1685,2025-05-24,Pinjaman usaha,Modal & Investasi,Pemasukan,86501346.0,Transfer Bank,Modal & Investasi
1686,2026-02-22,Biaya izin usaha,Pajak & Perizinan,Pengeluaran,12548546.0,Transfer Bank,Pajak & Perizinan
1687,2025-10-08,Pembayaran piutang pelanggan,Piutang,Pemasukan,16290641.0,Payment Gateway,Piutang
1688,2025-10-10,Pembelian perlengkapan produksi,Pembelian Stok,Pengeluaran,6856825.0,Kartu Debit,Pembelian Stok
1689,2025-05-22,Hosting website,Software & Langganan,Pengeluaran,734416.0,E-Wallet,Software & Langganan
1690,2026-01-18,Cicilan pelanggan,Piutang,Pemasukan,2216423.0,Transfer Bank,Piutang
1691,2026-05-18,Pembayaran piutang pelanggan,Piutang,Pemasukan,5626972.0,QRIS,Piutang
1692,2025-09-30,Bensin operasional,Transportasi & Logistik,Pengeluaran,38221.0,Kartu Kredit,Transportasi & Logistik
1693,2025-09-09,Cicilan pelanggan,Piutang,Pemasukan,568598.0,Transfer Bank,Piutang
1694,2026-05-04,Biaya transfer,Biaya Bank,Pengeluaran,36013.0,Kartu Debit,Biaya Bank
1695,2024-08-05,Investasi investor,Modal & Investasi,Pemasukan,244782877.0,Transfer Bank,Modal & Investasi
1696,2025-01-12,Setoran modal pemilik,Modal & Investasi,Pemasukan,24687721.0,Transfer Bank,Modal & Investasi
1697,2025-02-20,Biaya MDR kartu,Biaya Bank,Pengeluaran,397078.0,E-Wallet,Biaya Bank
1698,2024-08-24,Pembayaran piutang pelanggan,Piutang,Pemasukan,21875955.0,Transfer Bank,Piutang
1699,2024-10-27,Reimbursement karyawan,Gaji & Karyawan,Pengeluaran,1354363.0,Transfer Bank,Gaji & Karyawan
1700,2025-03-22,Cicilan pelanggan,Piutang,Pemasukan,4239489.0,QRIS,Piutang
1701,2025-06-11,Diskon promosi,Marketing & Promosi,Pengeluaran,3714831.0,Kartu Debit,Marketing & Promosi
1702,2026-03-13,Bunga pinjaman,Utang & Cicilan,Pengeluaran,3840376.0,Transfer Bank,Utang & Cicilan
1703,2025-02-02,Pembayaran piutang pelanggan,Piutang,Pemasukan,1894791.0,Payment Gateway,Piutang
1704,2025-05-31,Pembelian printer,Peralatan & Aset,Pengeluaran,8597669.0,Kartu Kredit,Peralatan & Aset
1705,2024-11-18,DP dari pelanggan,Piutang,Pemasukan,1977614.0,Transfer Bank,Piutang
1706,2025-06-29,Pendapatan grosir,Penjualan,Pemasukan,20813598.0,Tunai,Penjualan
1707,2025-09-21,CRM subscription,Software & Langganan,Pengeluaran,2205870.0,Transfer Bank,Software & Langganan
1708,2024-11-26,Pelunasan invoice,Piutang,Pemasukan,28947723.0,QRIS,Piutang
1709,2024-08-07,Pembelian mesin produksi,Peralatan & Aset,Pengeluaran,45645560.0,Kartu Debit,Peralatan & Aset
1710,2025-02-05,DP dari pelanggan,Piutang,Pemasukan,7268073.0,Lainnya,Piutang
1711,2025-12-14,Internet kantor,Operasional Kantor,Pengeluaran,574605.0,Kartu Kredit,Operasional Kantor
1712,2026-02-20,Restock produk,Pembelian Stok,Pengeluaran,22583606.0,Kartu Kredit,Pembelian Stok
1713,2025-01-10,Biaya izin usaha,Pajak & Perizinan,Pengeluaran,5392213.0,Transfer Bank,Pajak & Perizinan
1714,2024-11-09,Pendapatan grosir,Penjualan,Pemasukan,29146152.0,Lainnya,Penjualan
1715,2025-05-05,Pembelian laptop,Peralatan & Aset,Pengeluaran,15888586.0,Kartu Debit,Peralatan & Aset
1716,2024-10-08,Bayar pajak usaha,Pajak & Perizinan,Pengeluaran,20385986.0,Transfer Bank,Pajak & Perizinan
1717,2024-12-07,Pelunasan invoice,Piutang,Pemasukan,15333614.0,Transfer Bank,Piutang
1718,2025-03-28,Pembelian mesin produksi,Peralatan & Aset,Pengeluaran,38904415.0,Transfer Bank,Peralatan & Aset
1719,2025-11-22,Listrik kantor,Operasional Kantor,Pengeluaran,184023.0,Kartu Kredit,Operasional Kantor
1720,2025-06-01,Penjualan jasa,Penjualan,Pemasukan,9503477.0,Payment Gateway,Penjualan
1721,2026-04-06,Parkir operasional,Transportasi & Logistik,Pengeluaran,208632.0,Transfer Bank,Transportasi & Logistik
1722,2024-07-16,Biaya admin bank,Biaya Bank,Pengeluaran,22396.0,Payment Gateway,Biaya Bank
1723,2025-02-05,Biaya payment gateway,Biaya Bank,Pengeluaran,168607.0,Payment Gateway,Biaya Bank
1724,2025-12-20,DP dari pelanggan,Piutang,Pemasukan,3107609.0,Transfer Bank,Piutang
1725,2024-09-02,DP dari pelanggan,Piutang,Pemasukan,13767936.0,Payment Gateway,Piutang
1726,2025-05-02,Koreksi transaksi,Lain-lain,Pengeluaran,304675.0,Tunai,Lain-lain
1727,2025-04-16,Biaya admin bank,Biaya Bank,Pengeluaran,27534.0,Transfer Bank,Biaya Bank
1728,2024-07-24,Pendapatan toko offline,Penjualan,Pemasukan,1922563.0,Tunai,Penjualan
1729,2025-10-14,DP dari pelanggan,Piutang,Pemasukan,795647.0,Transfer Bank,Piutang
1730,2024-12-10,Pembayaran piutang pelanggan,Piutang,Pemasukan,3079041.0,Payment Gateway,Piutang
1731,2025-06-12,Pelunasan invoice,Piutang,Pemasukan,4244344.0,QRIS,Piutang
1732,2026-05-18,DP dari pelanggan,Piutang,Pemasukan,13999351.0,Transfer Bank,Piutang
1733,2026-04-25,Pembelian printer,Peralatan & Aset,Pengeluaran,8553475.0,Kartu Debit,Peralatan & Aset
1734,2025-08-15,Biaya ekspedisi,Transportasi & Logistik,Pengeluaran,799836.0,Kartu Debit,Transportasi & Logistik
1735,2025-10-07,Pelunasan kredit usaha,Utang & Cicilan,Pengeluaran,49614239.0,Transfer Bank,Utang & Cicilan
1736,2024-09-17,Pelunasan kredit usaha,Utang & Cicilan,Pengeluaran,2207454.0,Transfer Bank,Utang & Cicilan
1737,2026-03-04,Biaya transfer,Biaya Bank,Pengeluaran,32860.0,QRIS,Biaya Bank
1738,2026-05-20,Tambahan modal operasional,Modal & Investasi,Pemasukan,7434443.0,Transfer Bank,Modal & Investasi
1739,2025-07-14,Pendapatan grosir,Penjualan,Pemasukan,39259480.0,Tunai,Penjualan
1740,2024-10-23,PPN,Pajak & Perizinan,Pengeluaran,30269713.0,Transfer Bank,Pajak & Perizinan
1741,2026-05-15,Penjualan produk,Penjualan,Pemasukan,1674222.0,QRIS,Penjualan
1742,2025-11-07,Setoran modal pemilik,Modal & Investasi,Pemasukan,31245429.5,Transfer Bank,Modal & Investasi
1743,2024-10-23,Cicilan pinjaman usaha,Utang & Cicilan,Pengeluaran,5973288.0,Transfer Bank,Utang & Cicilan
1744,2025-06-11,Domain website,Software & Langganan,Pengeluaran,1975244.0,Transfer Bank,Software & Langganan
1745,2024-10-17,Pembayaran piutang pelanggan,Piutang,Pemasukan,10627216.0,Payment Gateway,Piutang
1746,2024-05-29,Air kantor,Operasional Kantor,Pengeluaran,829951.0,Kartu Debit,Operasional Kantor
1747,2025-06-04,Domain website,Software & Langganan,Pengeluaran,702667.0,E-Wallet,Software & Langganan
1748,2025-07-19,Sewa kantor,Operasional Kantor,Pengeluaran,5710403.0,Transfer Bank,Operasional Kantor
1749,2024-08-31,Pembelian laptop,Peralatan & Aset,Pengeluaran,34527620.0,Transfer Bank,Peralatan & Aset
1750,2025-04-06,Gaji karyawan,Gaji & Karyawan,Pengeluaran,12797864.0,Transfer Bank,Gaji & Karyawan
1751,2024-11-09,Pendapatan marketplace,Penjualan,Pemasukan,1490488.0,E-Wallet,Penjualan
1752,2026-05-12,Pendapatan marketplace,Penjualan,Pemasukan,1255483.0,Kartu Debit,Penjualan
1753,2026-03-01,Domain website,Software & Langganan,Pengeluaran,1265052.0,E-Wallet,Software & Langganan
1754,2025-08-10,Cetak brosur,Marketing & Promosi,Pengeluaran,4458887.0,E-Wallet,Marketing & Promosi
1755,2026-04-06,Penjualan jasa,Penjualan,Pemasukan,19870057.0,Transfer Bank,Penjualan
1756,2024-10-24,Pelunasan kredit usaha,Utang & Cicilan,Pengeluaran,34232352.0,Transfer Bank,Utang & Cicilan
1757,2026-01-30,DP dari pelanggan,Piutang,Pemasukan,11260694.0,QRIS,Piutang
1758,2024-07-25,Biaya payment gateway,Biaya Bank,Pengeluaran,116379.0,QRIS,Biaya Bank
1759,2025-01-25,Event marketing,Marketing & Promosi,Pengeluaran,11858348.0,Kartu Debit,Marketing & Promosi
1760,2025-12-07,Pendapatan proyek,Penjualan,Pemasukan,21522768.0,Transfer Bank,Penjualan
1761,2025-11-09,Pembayaran utang supplier,Utang & Cicilan,Pengeluaran,47279545.0,Transfer Bank,Utang & Cicilan
1762,2024-09-21,Pelunasan invoice,Piutang,Pemasukan,28714163.0,Transfer Bank,Piutang
1763,2024-06-25,Refund pelanggan,Lain-lain,Pengeluaran,4918881.0,Tunai,Lain-lain
1764,2026-01-11,Pembayaran utang supplier,Utang & Cicilan,Pengeluaran,38664272.0,Transfer Bank,Utang & Cicilan
1765,2025-08-25,Pelunasan invoice,Piutang,Pemasukan,9779071.0,Payment Gateway,Piutang
1766,2025-09-30,DP dari pelanggan,Piutang,Pemasukan,10376458.0,Transfer Bank,Piutang
1767,2024-12-25,Tambahan modal operasional,Modal & Investasi,Pemasukan,4464355.0,Transfer Bank,Modal & Investasi
1768,2025-12-29,Cicilan pelanggan,Piutang,Pemasukan,2214468.0,Payment Gateway,Piutang
1769,2025-10-20,Penjualan jasa,Penjualan,Pemasukan,20192677.0,Transfer Bank,Penjualan
1770,2024-08-30,Biaya payment gateway,Biaya Bank,Pengeluaran,532293.0,Kartu Debit,Biaya Bank
1771,2025-11-27,Pendapatan proyek,Penjualan,Pemasukan,24386571.0,E-Wallet,Penjualan
1772,2025-01-01,Pinjaman usaha,Modal & Investasi,Pemasukan,70418812.0,Transfer Bank,Modal & Investasi
1773,2026-03-09,Investasi investor,Modal & Investasi,Pemasukan,135392527.0,Transfer Bank,Modal & Investasi
1774,2026-04-14,Bunga pinjaman,Utang & Cicilan,Pengeluaran,1443757.0,Transfer Bank,Utang & Cicilan
1775,2024-12-13,Donasi perusahaan,Lain-lain,Pengeluaran,9193215.0,Tunai,Lain-lain
1776,2024-09-08,Pendapatan proyek,Penjualan,Pemasukan,2594137.0,E-Wallet,Penjualan
1777,2025-10-11,Penjualan,Penjualan,Pemasukan,200377.0,Kartu Debit,Penjualan
1778,2025-11-22,Pendapatan toko offline,Penjualan,Pemasukan,849979.0,Lainnya,Penjualan
1779,2025-05-22,Listrik kantor,Operasional Kantor,Pengeluaran,1212378.0,Transfer Bank,Operasional Kantor
1780,2024-08-07,Pinjaman usaha,Modal & Investasi,Pemasukan,28569372.0,Transfer Bank,Modal & Investasi
1781,2024-09-28,PPN,Pajak & Perizinan,Pengeluaran,12617332.0,Transfer Bank,Pajak & Perizinan
1782,2024-10-25,Setoran modal pemilik,Modal & Investasi,Pemasukan,7433644.0,Transfer Bank,Modal & Investasi
1783,2024-09-02,Sewa kendaraan,Transportasi & Logistik,Pengeluaran,1269851.0,Kartu Debit,Transportasi & Logistik
1784,2025-06-21,Tambahan modal operasional,Modal & Investasi,Pemasukan,4747608.0,Transfer Bank,Modal & Investasi
1785,2025-06-21,Pelunasan invoice,Piutang,Pemasukan,15361918.0,QRIS,Piutang
1786,2024-09-08,Tambahan modal operasional,Modal & Investasi,Pemasukan,15767981.0,Transfer Bank,Modal & Investasi
1787,2025-07-10,Pembelian bahan baku,Pembelian Stok,Pengeluaran,19778249.0,Tunai,Pembelian Stok
1788,2025-10-20,Setoran modal pemilik,Modal & Investasi,Pemasukan,40504691.0,Transfer Bank,Modal & Investasi
1789,2024-05-31,Cicilan pinjaman usaha,Utang & Cicilan,Pengeluaran,4502333.0,Transfer Bank,Utang & Cicilan
1790,2025-01-20,Pendapatan toko offline,Penjualan,Pemasukan,2465006.0,E-Wallet,Penjualan
1791,2024-08-25,THR,Gaji & Karyawan,Pengeluaran,1630852.0,Transfer Bank,Gaji & Karyawan
1792,2024-11-16,Reimbursement karyawan,Gaji & Karyawan,Pengeluaran,1579798.0,Transfer Bank,Gaji & Karyawan
1793,2025-07-04,Biaya tarik tunai,Biaya Bank,Pengeluaran,36307.0,Kartu Debit,Biaya Bank
1794,2024-12-02,Penjualan produk,Penjualan,Pemasukan,871314.0,Payment Gateway,Penjualan
1795,2025-12-10,Pembelian barang dagang,Pembelian Stok,Pengeluaran,18739054.0,E-Wallet,Pembelian Stok
1796,2024-08-10,Uang lembur,Gaji & Karyawan,Pengeluaran,1101479.0,Transfer Bank,Gaji & Karyawan
1797,2024-07-10,Cloud storage bisnis,Software & Langganan,Pengeluaran,2788745.0,Kartu Kredit,Software & Langganan
1798,2025-02-16,Penjualan jasa,Penjualan,Pemasukan,12421072.0,QRIS,Penjualan
1799,2025-10-22,Cicilan pinjaman usaha,Utang & Cicilan,Pengeluaran,11240104.0,Transfer Bank,Utang & Cicilan
1800,2026-02-15,Tambahan modal operasional,Modal & Investasi,Pemasukan,14549697.0,Transfer Bank,Modal & Investasi
1801,2026-04-23,THR,Gaji & Karyawan,Pengeluaran,5929570.5,Transfer Bank,Gaji & Karyawan
1802,2025-01-02,Pembelian barang dagang,Pembelian Stok,Pengeluaran,16199332.0,Kartu Debit,Pembelian Stok
1803,2025-11-14,Pendapatan marketplace,Penjualan,Pemasukan,2469913.0,Transfer Bank,Penjualan
1804,2025-09-22,Pinjaman usaha,Modal & Investasi,Pemasukan,11290068.0,Transfer Bank,Modal & Investasi
1805,2026-03-29,DP dari pelanggan,Piutang,Pemasukan,12683861.0,Transfer Bank,Piutang
1806,2025-12-03,Pelunasan invoice,Piutang,Pemasukan,6678148.0,QRIS,Piutang
1807,2024-12-22,Biaya transfer,Biaya Bank,Pengeluaran,27662.0,Payment Gateway,Biaya Bank
1808,2026-03-19,Langganan software akuntansi,Software & Langganan,Pengeluaran,1489539.0,Transfer Bank,Software & Langganan
1809,2024-07-13,Bunga pinjaman,Utang & Cicilan,Pengeluaran,1443512.0,Transfer Bank,Utang & Cicilan
1810,2025-02-24,Penjualan produk,Penjualan,Pemasukan,1644948.0,Transfer Bank,Penjualan
1811,2024-09-26,Ongkos kirim,Transportasi & Logistik,Pengeluaran,1198824.0,Transfer Bank,Transportasi & Logistik
1812,2025-04-22,Restock produk,Pembelian Stok,Pengeluaran,9265445.0,Transfer Bank,Pembelian Stok
1813,2025-08-01,Pinjaman usaha,Modal & Investasi,Pemasukan,56524169.0,Transfer Bank,Modal & Investasi
1814,2025-07-21,Pembayaran piutang pelanggan,Piutang,Pemasukan,21039629.0,QRIS,Piutang
1815,2025-10-30,Pinjaman usaha,Modal & Investasi,Pemasukan,59665327.0,Transfer Bank,Modal & Investasi
1816,2024-10-05,Setoran modal pemilik,Modal & Investasi,Pemasukan,41293741.0,Transfer Bank,Modal & Investasi
1817,2025-03-27,Kebersihan kantor,Operasional Kantor,Pengeluaran,273210.0,Kartu Kredit,Operasional Kantor
1818,2024-12-14,Hosting website,Software & Langganan,Pengeluaran,1271143.0,Kartu Debit,Software & Langganan
1820,2025-12-01,Pembayaran piutang pelanggan,Piutang,Pemasukan,26991974.0,QRIS,Piutang
1821,2024-11-04,Penjualan produk,Penjualan,Pemasukan,471047.0,Payment Gateway,Penjualan
1822,2025-10-07,THR,Gaji & Karyawan,Pengeluaran,7606589.0,Transfer Bank,Gaji & Karyawan
1823,2026-01-27,Pinjaman usaha,Modal & Investasi,Pemasukan,39493014.0,Transfer Bank,Modal & Investasi
1824,2024-11-20,THR,Gaji & Karyawan,Pengeluaran,6093187.0,Transfer Bank,Gaji & Karyawan
1825,2025-10-21,Pendapatan toko offline,Penjualan,Pemasukan,1329588.0,Transfer Bank,Penjualan
1826,2024-06-02,Pinjaman usaha,Modal & Investasi,Pemasukan,14116424.0,Transfer Bank,Modal & Investasi
1827,2024-12-29,Internet kantor,Operasional Kantor,Pengeluaran,491710.0,Tunai,Operasional Kantor
1828,2024-10-02,Perawatan aset,Peralatan & Aset,Pengeluaran,3534654.0,Kartu Debit,Peralatan & Aset
1829,2025-04-10,Event marketing,Marketing & Promosi,Pengeluaran,7198976.0,Kartu Kredit,Marketing & Promosi
1830,2024-11-13,PPh,Pajak & Perizinan,Pengeluaran,3724928.0,Transfer Bank,Pajak & Perizinan
1831,2026-04-02,Investasi investor,Modal & Investasi,Pemasukan,140802633.0,Transfer Bank,Modal & Investasi
1832,2025-03-18,Selisih kas,Lain-lain,Pengeluaran,350528.0,Tunai,Lain-lain
1833,2024-07-29,Pendapatan marketplace,Penjualan,Pemasukan,3354154.0,QRIS,Penjualan
1834,2024-12-28,Biaya tak terduga,Lain-lain,Pengeluaran,5201807.0,Lainnya,Lain-lain
1835,2026-05-13,Pembayaran piutang pelanggan,Piutang,Pemasukan,6974104.0,Transfer Bank,Piutang
1836,2025-12-27,Biaya payment gateway,Biaya Bank,Pengeluaran,133478.0,Transfer Bank,Biaya Bank
1837,2025-02-04,Internet kantor,Operasional Kantor,Pengeluaran,385876.0,Kartu Kredit,Operasional Kantor
1838,2025-12-08,Tambahan modal operasional,Modal & Investasi,Pemasukan,3339598.0,Transfer Bank,Modal & Investasi
1839,2026-01-14,Pelunasan invoice,Piutang,Pemasukan,20932393.0,QRIS,Piutang
1840,2025-05-29,Iklan online,Marketing & Promosi,Pengeluaran,2292134.0,Kartu Kredit,Marketing & Promosi
1841,2025-02-13,Cicilan pelanggan,Piutang,Pemasukan,936603.0,QRIS,Piutang
1842,2025-03-01,Koreksi transaksi,Lain-lain,Pengeluaran,138650.0,Transfer Bank,Lain-lain
1843,2024-11-29,Biaya tarik tunai,Biaya Bank,Pengeluaran,41223.0,QRIS,Biaya Bank
1844,2024-11-06,Bonus karyawan,Gaji & Karyawan,Pengeluaran,5442550.0,Transfer Bank,Gaji & Karyawan
1845,2025-03-07,Pembelian barang dagang,Pembelian Stok,Pengeluaran,1729089.0,Kartu Kredit,Pembelian Stok
1846,2026-05-01,Biaya transfer,Biaya Bank,Pengeluaran,45552.0,Payment Gateway,Biaya Bank
1847,2025-02-18,DP dari pelanggan,Piutang,Pemasukan,8746409.0,Payment Gateway,Piutang
1848,2025-10-21,Pendapatan proyek,Penjualan,Pemasukan,1507470.0,QRIS,Penjualan
1849,2025-10-19,Pendapatan proyek,Penjualan,Pemasukan,22915816.0,Transfer Bank,Penjualan
1850,2024-06-29,Cicilan pelanggan,Piutang,Pemasukan,2156390.0,Transfer Bank,Piutang
1851,2025-05-13,Penjualan jasa,Penjualan,Pemasukan,17614368.0,QRIS,Penjualan
1852,2024-09-04,Pembayaran piutang pelanggan,Piutang,Pemasukan,15310935.0,QRIS,Piutang
1853,2025-11-23,Tools desain,Software & Langganan,Pengeluaran,1779387.0,Kartu Debit,Software & Langganan
1854,2025-09-05,Penjualan jasa,Penjualan,Pemasukan,12443911.0,E-Wallet,Penjualan
1855,2025-02-23,Bayar pajak usaha,Pajak & Perizinan,Pengeluaran,20217737.0,Transfer Bank,Pajak & Perizinan
1856,2025-11-04,Pendapatan marketplace,Penjualan,Pemasukan,2035859.0,Tunai,Penjualan
1857,2025-04-21,Koreksi transaksi,Lain-lain,Pengeluaran,360202.0,Transfer Bank,Lain-lain
1858,2025-12-31,Pembelian furniture kantor,Peralatan & Aset,Pengeluaran,2944230.0,Kartu Debit,Peralatan & Aset
1859,2025-05-06,Biaya ekspedisi,Transportasi & Logistik,Pengeluaran,920754.0,Kartu Debit,Transportasi & Logistik
1860,2026-04-05,Gaji karyawan,Gaji & Karyawan,Pengeluaran,9172562.0,Transfer Bank,Gaji & Karyawan
1861,2025-05-09,Cetak brosur,Marketing & Promosi,Pengeluaran,505970.0,Transfer Bank,Marketing & Promosi
1862,2026-03-11,Air kantor,Operasional Kantor,Pengeluaran,460490.0,Transfer Bank,Operasional Kantor
1863,2026-03-25,Pembelian bahan baku,Pembelian Stok,Pengeluaran,19280843.0,Kartu Kredit,Pembelian Stok
1864,2025-09-06,Internet kantor,Operasional Kantor,Pengeluaran,1219202.0,Kartu Debit,Operasional Kantor
1865,2025-05-22,Sewa kantor,Operasional Kantor,Pengeluaran,3100077.0,Kartu Kredit,Operasional Kantor
1866,2025-12-03,Tambahan modal operasional,Modal & Investasi,Pemasukan,15036756.0,Transfer Bank,Modal & Investasi
1867,2025-02-10,Pembelian bahan baku,Pembelian Stok,Pengeluaran,16825743.0,Tunai,Pembelian Stok
1868,2025-09-09,Cloud storage bisnis,Software & Langganan,Pengeluaran,764923.0,Lainnya,Software & Langganan
1869,2025-11-25,DP dari pelanggan,Piutang,Pemasukan,9655399.0,Payment Gateway,Piutang
1870,2026-04-07,Biaya admin bank,Biaya Bank,Pengeluaran,5698.0,E-Wallet,Biaya Bank
1871,2025-01-06,Biaya tarik tunai,Biaya Bank,Pengeluaran,46344.0,QRIS,Biaya Bank
1872,2026-03-31,Biaya tarik tunai,Biaya Bank,Pengeluaran,46999.0,E-Wallet,Biaya Bank
1873,2024-10-01,Investasi investor,Modal & Investasi,Pemasukan,43684703.0,Transfer Bank,Modal & Investasi
1874,2025-12-14,Event marketing,Marketing & Promosi,Pengeluaran,8835999.0,Kartu Debit,Marketing & Promosi
1875,2025-09-12,Pelunasan kredit usaha,Utang & Cicilan,Pengeluaran,16675688.0,Transfer Bank,Utang & Cicilan
1876,2024-07-23,Setoran modal pemilik,Modal & Investasi,Pemasukan,45582421.0,Transfer Bank,Modal & Investasi
1877,2026-05-25,Pendapatan proyek,Penjualan,Pemasukan,22750241.0,Transfer Bank,Penjualan
1878,2025-01-20,Biaya MDR kartu,Biaya Bank,Pengeluaran,892747.0,Kartu Debit,Biaya Bank
1879,2025-09-18,Pembayaran piutang pelanggan,Piutang,Pemasukan,22576701.0,Transfer Bank,Piutang
1880,2025-06-13,Penjualan jasa,Penjualan,Pemasukan,11838923.0,Kartu Debit,Penjualan
1881,2025-10-09,Penjualan produk,Penjualan,Pemasukan,543912.0,Transfer Bank,Penjualan
1882,2026-02-08,Domain website,Software & Langganan,Pengeluaran,2021694.0,Transfer Bank,Software & Langganan
1883,2024-10-04,Biaya MDR kartu,Biaya Bank,Pengeluaran,14481.0,QRIS,Biaya Bank
1884,2025-09-02,Pendapatan grosir,Penjualan,Pemasukan,15309187.0,QRIS,Penjualan
1885,2025-02-17,Penjualan jasa,Penjualan,Pemasukan,21317018.0,Payment Gateway,Penjualan
1886,2024-07-27,Penjualan produk,Penjualan,Pemasukan,163687.0,QRIS,Penjualan
1887,2025-04-07,Restock produk,Pembelian Stok,Pengeluaran,4423305.0,E-Wallet,Pembelian Stok
1888,2024-12-04,Pembayaran utang supplier,Utang & Cicilan,Pengeluaran,41417471.0,Transfer Bank,Utang & Cicilan
1889,2026-01-20,Iklan online,Marketing & Promosi,Pengeluaran,2271084.0,Kartu Kredit,Marketing & Promosi
1890,2024-06-15,CRM subscription,Software & Langganan,Pengeluaran,970971.0,Transfer Bank,Software & Langganan
1891,2026-03-28,DP dari pelanggan,Piutang,Pemasukan,6520883.0,Payment Gateway,Piutang
1892,2025-09-19,Pelunasan invoice,Piutang,Pemasukan,18634888.0,QRIS,Piutang
1893,2025-06-26,Pembelian laptop,Peralatan & Aset,Pengeluaran,30708315.0,Kartu Debit,Peralatan & Aset
1894,2024-09-28,Pembayaran utang supplier,Utang & Cicilan,Pengeluaran,48590888.0,Transfer Bank,Utang & Cicilan
1895,2025-02-03,Pendapatan marketplace,Penjualan,Pemasukan,937957.0,Payment Gateway,Penjualan
1896,2025-04-10,Biaya admin bank,Biaya Bank,Pengeluaran,32329.0,QRIS,Biaya Bank
1897,2025-09-02,Tambahan modal operasional,Modal & Investasi,Pemasukan,3281345.0,Transfer Bank,Modal & Investasi
1898,2024-07-12,Konsultan pajak,Pajak & Perizinan,Pengeluaran,9917172.0,Transfer Bank,Pajak & Perizinan
1899,2025-10-21,Pendapatan proyek,Penjualan,Pemasukan,10143268.0,Tunai,Penjualan
1901,2025-07-31,Pelunasan invoice,Piutang,Pemasukan,9523562.0,QRIS,Piutang
1902,2025-06-18,Investasi investor,Modal & Investasi,Pemasukan,223873535.0,Transfer Bank,Modal & Investasi
1903,2024-06-22,Tools desain,Software & Langganan,Pengeluaran,1960973.0,Transfer Bank,Software & Langganan
1904,2024-08-12,Pendapatan proyek,Penjualan,Pemasukan,21583432.0,Transfer Bank,Penjualan
1905,2025-10-01,Bunga pinjaman,Utang & Cicilan,Pengeluaran,3710364.0,Transfer Bank,Utang & Cicilan
1906,2026-03-27,Modal & Investasi,Modal & Investasi,Pemasukan,221652771.0,Transfer Bank,Modal & Investasi
1907,2024-10-29,Sewa kendaraan,Transportasi & Logistik,Pengeluaran,4209731.0,Transfer Bank,Transportasi & Logistik
1908,2025-08-11,Pendapatan grosir,Penjualan,Pemasukan,38284246.0,Transfer Bank,Penjualan
1909,2025-03-10,Pelunasan invoice,Piutang,Pemasukan,22895486.0,Transfer Bank,Piutang
1910,2024-08-16,Setoran modal pemilik,Modal & Investasi,Pemasukan,32192116.0,Transfer Bank,Modal & Investasi
1911,2024-12-13,Pelunasan invoice,Piutang,Pemasukan,3765731.0,Payment Gateway,Piutang
1912,2025-12-26,Pendapatan grosir,Penjualan,Pemasukan,7676573.0,E-Wallet,Penjualan
1913,2025-07-24,Pembayaran piutang pelanggan,Piutang,Pemasukan,10746023.0,Payment Gateway,Piutang
1914,2026-04-25,Sewa kendaraan,Transportasi & Logistik,Pengeluaran,2489185.0,Kartu Kredit,Transportasi & Logistik
1915,2026-04-04,Koreksi transaksi,Lain-lain,Pengeluaran,277050.0,Transfer Bank,Lain-lain
1916,2026-04-07,Cicilan pelanggan,Piutang,Pemasukan,1948409.0,Transfer Bank,Piutang
1917,2025-06-04,Pembelian furniture kantor,Peralatan & Aset,Pengeluaran,6577206.0,Kartu Debit,Peralatan & Aset
1918,2024-07-20,Donasi perusahaan,Lain-lain,Pengeluaran,5887343.0,Transfer Bank,Lain-lain
1919,2025-08-16,Cicilan pelanggan,Piutang,Pemasukan,3419425.0,Payment Gateway,Piutang
1920,2026-04-06,Investasi investor,Modal & Investasi,Pemasukan,36785679.0,Transfer Bank,Modal & Investasi
1921,2025-08-14,Restock produk,Pembelian Stok,Pengeluaran,8262841.0,Kartu Debit,Pembelian Stok
1922,2024-06-11,Sewa kantor,Operasional Kantor,Pengeluaran,8668657.0,Tunai,Operasional Kantor
1923,2024-08-10,Cicilan pelanggan,Piutang,Pemasukan,884516.0,QRIS,Piutang
1924,2025-03-13,Biaya tak terduga,Lain-lain,Pengeluaran,1359362.0,Tunai,Lain-lain
1925,2024-06-18,Pendapatan proyek,Penjualan,Pemasukan,14925963.0,Kartu Debit,Penjualan
1926,2024-08-02,Pendapatan marketplace,Penjualan,Pemasukan,1097454.0,QRIS,Penjualan
1927,2024-06-11,Penjualan jasa,Penjualan,Pemasukan,6598999.0,Tunai,Penjualan
1928,2025-07-01,Restock produk,Pembelian Stok,Pengeluaran,18225509.0,Transfer Bank,Pembelian Stok
1929,2025-07-02,PPN,Pajak & Perizinan,Pengeluaran,38445693.0,Transfer Bank,Pajak & Perizinan
1930,2026-04-30,Investasi investor,Modal & Investasi,Pemasukan,87099615.0,Transfer Bank,Modal & Investasi
1931,2025-06-17,Penjualan jasa,Penjualan,Pemasukan,10495073.0,Payment Gateway,Penjualan
1932,2024-09-08,Pinjaman usaha,Modal & Investasi,Pemasukan,88239654.0,Transfer Bank,Modal & Investasi
1933,2024-08-26,Pelunasan invoice,Piutang,Pemasukan,20555116.0,Transfer Bank,Piutang
1934,2026-05-24,Cicilan pinjaman usaha,Utang & Cicilan,Pengeluaran,17316928.0,Transfer Bank,Utang & Cicilan
1935,2024-07-25,Cicilan pinjaman usaha,Utang & Cicilan,Pengeluaran,3156696.0,Transfer Bank,Utang & Cicilan
1936,2025-11-19,Investasi investor,Modal & Investasi,Pemasukan,173586860.0,Transfer Bank,Modal & Investasi
1937,2025-11-10,Diskon promosi,Marketing & Promosi,Pengeluaran,4800230.0,Transfer Bank,Marketing & Promosi
1938,2025-01-03,Biaya tak terduga,Lain-lain,Pengeluaran,2792509.0,Transfer Bank,Lain-lain
1939,2025-10-22,Pembelian barang dagang,Pembelian Stok,Pengeluaran,9629390.0,Kartu Kredit,Pembelian Stok
1941,2024-11-24,DP dari pelanggan,Piutang,Pemasukan,14636411.0,Transfer Bank,Piutang
1942,2025-10-19,Pembelian printer,Peralatan & Aset,Pengeluaran,4346667.0,Kartu Debit,Peralatan & Aset
1943,2024-11-18,Cloud storage bisnis,Software & Langganan,Pengeluaran,1891653.0,Kartu Debit,Software & Langganan
1944,2025-03-29,Pendapatan toko offline,Penjualan,Pemasukan,2004935.0,QRIS,Penjualan
1945,2024-08-27,Biaya payment gateway,Biaya Bank,Pengeluaran,28175.0,Lainnya,Biaya Bank
1946,2025-09-15,Pembayaran piutang pelanggan,Piutang,Pemasukan,13750021.0,Transfer Bank,Piutang
1947,2025-05-20,Pendapatan proyek,Penjualan,Pemasukan,4690360.0,Transfer Bank,Penjualan
1948,2025-08-13,Biaya transfer,Biaya Bank,Pengeluaran,24447.0,Kartu Debit,Biaya Bank
1949,2025-12-30,Investasi investor,Modal & Investasi,Pemasukan,216375788.0,Transfer Bank,Modal & Investasi
1950,2024-08-22,Modal & Investasi,Modal & Investasi,Pemasukan,35475905.0,Transfer Bank,Modal & Investasi
1951,2024-11-05,Kebersihan kantor,Operasional Kantor,Pengeluaran,395079.0,Tunai,Operasional Kantor
1952,2025-10-10,Biaya admin bank,Biaya Bank,Pengeluaran,44679.0,Transfer Bank,Biaya Bank
1953,2024-08-27,Langganan software akuntansi,Software & Langganan,Pengeluaran,2652485.0,Transfer Bank,Software & Langganan
1954,2025-09-09,Bensin operasional,Transportasi & Logistik,Pengeluaran,207164.0,Tunai,Transportasi & Logistik
1955,2025-04-29,Biaya transfer,Biaya Bank,Pengeluaran,18551.0,E-Wallet,Biaya Bank
1956,2025-11-19,Pelunasan invoice,Piutang,Pemasukan,20535500.0,Payment Gateway,Piutang
1957,2026-02-01,Restock produk,Pembelian Stok,Pengeluaran,14131614.0,E-Wallet,Pembelian Stok
1958,2025-10-30,Biaya tak terduga,Lain-lain,Pengeluaran,2210585.0,E-Wallet,Lain-lain
1959,2025-04-27,Ongkos kirim,Transportasi & Logistik,Pengeluaran,1109130.0,Kartu Kredit,Transportasi & Logistik
1960,2024-08-02,Pembayaran piutang pelanggan,Piutang,Pemasukan,5433123.0,Lainnya,Piutang
1961,2025-01-13,Transportasi & Logistik,Transportasi & Logistik,Pengeluaran,652558.0,Kartu Kredit,Transportasi & Logistik
1962,2026-02-18,Pendapatan proyek,Penjualan,Pemasukan,6598668.0,Payment Gateway,Penjualan
1963,2025-02-27,Cloud storage bisnis,Software & Langganan,Pengeluaran,64407.0,Kartu Kredit,Software & Langganan
1964,2025-07-16,Bensin operasional,Transportasi & Logistik,Pengeluaran,386762.0,Kartu Debit,Transportasi & Logistik
1965,2025-11-23,Tools desain,Software & Langganan,Pengeluaran,1179842.0,Kartu Kredit,Software & Langganan
1966,2025-06-29,Biaya tarik tunai,Biaya Bank,Pengeluaran,29255.0,QRIS,Biaya Bank
1967,2025-01-12,Tambahan modal operasional,Modal & Investasi,Pemasukan,12003980.0,Transfer Bank,Modal & Investasi
1968,2025-02-09,Pembelian furniture kantor,Peralatan & Aset,Pengeluaran,11309476.0,Transfer Bank,Peralatan & Aset
1969,2025-05-10,Investasi investor,Modal & Investasi,Pemasukan,171847565.0,Transfer Bank,Modal & Investasi
1970,2026-04-29,Cloud storage bisnis,Software & Langganan,Pengeluaran,1729355.0,E-Wallet,Software & Langganan
1971,2024-12-29,Investasi investor,Modal & Investasi,Pemasukan,70248997.0,Transfer Bank,Modal & Investasi
1972,2024-07-27,Pendapatan toko offline,Penjualan,Pemasukan,1712413.0,Tunai,Penjualan
1973,2024-11-24,Investasi investor,Modal & Investasi,Pemasukan,192406057.0,Transfer Bank,Modal & Investasi
1974,2025-04-11,Biaya MDR kartu,Biaya Bank,Pengeluaran,242877.0,Payment Gateway,Biaya Bank
1975,2025-03-29,Biaya transfer,Biaya Bank,Pengeluaran,33975.0,Transfer Bank,Biaya Bank
1976,2024-11-02,Pelunasan kredit usaha,Utang & Cicilan,Pengeluaran,14049186.0,Transfer Bank,Utang & Cicilan
1977,2024-10-04,Cloud storage bisnis,Software & Langganan,Pengeluaran,2876381.0,Kartu Kredit,Software & Langganan
1978,2024-11-02,Biaya transfer,Biaya Bank,Pengeluaran,31783.0,Payment Gateway,Biaya Bank
1979,2025-07-06,Marketing & Promosi,Marketing & Promosi,Pengeluaran,2827953.0,Kartu Kredit,Marketing & Promosi
1980,2025-01-26,Cicilan pelanggan,Piutang,Pemasukan,2461523.0,Payment Gateway,Piutang
1981,2024-10-05,Cicilan pelanggan,Piutang,Pemasukan,4254252.0,Payment Gateway,Piutang
1982,2024-08-16,Bunga pinjaman,Utang & Cicilan,Pengeluaran,4893461.0,Transfer Bank,Utang & Cicilan
1983,2025-04-04,Pembelian perlengkapan produksi,Pembelian Stok,Pengeluaran,762431.0,Transfer Bank,Pembelian Stok
1984,2026-02-22,THR,Gaji & Karyawan,Pengeluaran,9930328.0,Transfer Bank,Gaji & Karyawan
1985,2025-08-12,Reimbursement karyawan,Gaji & Karyawan,Pengeluaran,158683.0,Transfer Bank,Gaji & Karyawan
1986,2025-08-05,PPh,Pajak & Perizinan,Pengeluaran,2069318.0,Transfer Bank,Pajak & Perizinan
1987,2026-01-26,Setoran modal pemilik,Modal & Investasi,Pemasukan,24924536.0,Transfer Bank,Modal & Investasi
1988,2026-04-14,Pendapatan toko offline,Penjualan,Pemasukan,1564867.0,Kartu Debit,Penjualan
1989,2025-09-07,Pembelian perlengkapan produksi,Pembelian Stok,Pengeluaran,9757769.0,Tunai,Pembelian Stok
1990,2025-07-19,Setoran modal pemilik,Modal & Investasi,Pemasukan,8989109.0,Transfer Bank,Modal & Investasi
1991,2026-05-05,Pembelian furniture kantor,Peralatan & Aset,Pengeluaran,11615209.0,Kartu Kredit,Peralatan & Aset
1992,2024-10-25,Donasi perusahaan,Lain-lain,Pengeluaran,6227548.0,Tunai,Lain-lain
1993,2024-09-21,Investasi investor,Modal & Investasi,Pemasukan,241067281.0,Transfer Bank,Modal & Investasi
1994,2025-06-07,Pelunasan invoice,Piutang,Pemasukan,2760569.0,Transfer Bank,Piutang
1995,2025-06-30,Cicilan pelanggan,Piutang,Pemasukan,2622110.0,Transfer Bank,Piutang
1996,2025-11-16,Biaya ekspedisi,Transportasi & Logistik,Pengeluaran,2209630.0,Kartu Debit,Transportasi & Logistik
1997,2025-09-15,Biaya admin bank,Biaya Bank,Pengeluaran,35813.0,E-Wallet,Biaya Bank
1998,2024-06-05,Pembayaran piutang pelanggan,Piutang,Pemasukan,12109435.0,Payment Gateway,Piutang
1999,2025-05-12,Donasi perusahaan,Lain-lain,Pengeluaran,7373939.0,E-Wallet,Lain-lain
2000,2024-09-06,Pinjaman usaha,Modal & Investasi,Pemasukan,61942387.5,Transfer Bank,Modal & Investasi
2001,2024-12-19,Cetak brosur,Marketing & Promosi,Pengeluaran,3102277.0,Transfer Bank,Marketing & Promosi
2002,2026-05-08,Biaya tarik tunai,Biaya Bank,Pengeluaran,28093.0,Transfer Bank,Biaya Bank
2003,2025-03-15,Investasi investor,Modal & Investasi,Pemasukan,89958615.0,Transfer Bank,Modal & Investasi
3016,2025-04-20,Uang lembur,Gaji & Karyawan,Pengeluaran,710199.0,Transfer Bank,Gaji & Karyawan
2005,2025-07-02,Kebersihan kantor,Operasional Kantor,Pengeluaran,126747.0,Tunai,Operasional Kantor
2006,2025-02-04,Air kantor,Operasional Kantor,Pengeluaran,424408.0,Kartu Debit,Operasional Kantor
2007,2024-06-03,Pinjaman usaha,Modal & Investasi,Pemasukan,40686573.0,Transfer Bank,Modal & Investasi
2008,2024-12-31,Donasi perusahaan,Lain-lain,Pengeluaran,3500075.0,Tunai,Lain-lain
2009,2026-03-22,Uang lembur,Gaji & Karyawan,Pengeluaran,887792.0,Transfer Bank,Gaji & Karyawan
2010,2026-03-18,Pinjaman usaha,Modal & Investasi,Pemasukan,64854956.0,Transfer Bank,Modal & Investasi
2011,2026-05-12,Investasi investor,Modal & Investasi,Pemasukan,69221179.0,Transfer Bank,Modal & Investasi
2012,2025-05-12,Pembayaran piutang pelanggan,Piutang,Pemasukan,10103036.0,Payment Gateway,Piutang
2013,2025-07-22,Investasi investor,Modal & Investasi,Pemasukan,117998409.0,Transfer Bank,Modal & Investasi
2014,2025-06-30,DP dari pelanggan,Piutang,Pemasukan,13037459.0,Payment Gateway,Piutang
2015,2025-09-06,PPh,Pajak & Perizinan,Pengeluaran,30542218.0,Transfer Bank,Pajak & Perizinan
2016,2024-12-06,Kebersihan kantor,Operasional Kantor,Pengeluaran,388056.0,Transfer Bank,Operasional Kantor
2017,2025-02-28,Sewa kantor,Operasional Kantor,Pengeluaran,6725001.0,Tunai,Operasional Kantor
2018,2025-04-15,Influencer marketing,Marketing & Promosi,Pengeluaran,16981150.0,E-Wallet,Marketing & Promosi
2019,2025-01-09,Bonus karyawan,Gaji & Karyawan,Pengeluaran,5755219.0,Transfer Bank,Gaji & Karyawan
2020,2024-10-19,Penjualan produk,Penjualan,Pemasukan,1017953.0,Tunai,Penjualan
2021,2025-05-22,Tambahan modal operasional,Modal & Investasi,Pemasukan,16973630.0,Transfer Bank,Modal & Investasi
2022,2024-06-01,Hosting website,Software & Langganan,Pengeluaran,751852.0,Kartu Debit,Software & Langganan
2023,2024-09-07,Pendapatan grosir,Penjualan,Pemasukan,44204181.0,QRIS,Penjualan
2024,2025-07-25,Pelunasan invoice,Piutang,Pemasukan,5909878.0,Transfer Bank,Piutang
2025,2024-08-11,Donasi perusahaan,Lain-lain,Pengeluaran,1940661.0,Tunai,Lain-lain
2026,2024-06-18,Cicilan pinjaman usaha,Utang & Cicilan,Pengeluaran,15744359.0,Transfer Bank,Utang & Cicilan
2027,2025-12-16,Gaji karyawan,Gaji & Karyawan,Pengeluaran,10430107.0,Transfer Bank,Gaji & Karyawan
2028,2024-11-01,Donasi perusahaan,Lain-lain,Pengeluaran,2013515.0,Transfer Bank,Lain-lain
2029,2024-12-07,DP dari pelanggan,Piutang,Pemasukan,4347855.0,Transfer Bank,Piutang
2030,2025-02-07,Investasi investor,Modal & Investasi,Pemasukan,40092383.0,Transfer Bank,Modal & Investasi
2031,2026-02-07,Pembelian Stok,Pembelian Stok,Pengeluaran,8730487.0,E-Wallet,Pembelian Stok
2032,2025-02-10,THR,Gaji & Karyawan,Pengeluaran,5150127.0,Transfer Bank,Gaji & Karyawan
2033,2025-07-04,Pembayaran piutang pelanggan,Piutang,Pemasukan,10951894.0,QRIS,Piutang
2034,2024-10-19,Air kantor,Operasional Kantor,Pengeluaran,578307.0,Kartu Kredit,Operasional Kantor
2035,2026-02-12,Cicilan pelanggan,Piutang,Pemasukan,4760986.0,Payment Gateway,Piutang
2036,2025-08-05,PPN,Pajak & Perizinan,Pengeluaran,13323710.0,Transfer Bank,Pajak & Perizinan
2037,2024-10-03,Administrasi legal,Pajak & Perizinan,Pengeluaran,5494206.0,Transfer Bank,Pajak & Perizinan
2038,2026-02-04,Ongkos kirim,Transportasi & Logistik,Pengeluaran,2673371.0,Kartu Kredit,Transportasi & Logistik
2039,2026-04-08,Pinjaman usaha,Modal & Investasi,Pemasukan,47939869.0,Transfer Bank,Modal & Investasi
2040,2026-05-14,PPN,Pajak & Perizinan,Pengeluaran,20984715.0,Transfer Bank,Pajak & Perizinan
2041,2024-07-15,Gaji karyawan,Gaji & Karyawan,Pengeluaran,11353893.0,Transfer Bank,Gaji & Karyawan
2042,2026-04-17,Perawatan aset,Peralatan & Aset,Pengeluaran,4932544.0,Kartu Kredit,Peralatan & Aset
2043,2026-02-23,Cicilan pelanggan,Piutang,Pemasukan,258541.0,Transfer Bank,Piutang
2044,2026-01-08,Investasi investor,Modal & Investasi,Pemasukan,62068806.0,Transfer Bank,Modal & Investasi
2045,2025-10-16,Biaya payment gateway,Biaya Bank,Pengeluaran,659251.0,E-Wallet,Biaya Bank
2046,2025-10-24,Pembayaran piutang pelanggan,Piutang,Pemasukan,4493747.0,QRIS,Piutang
2047,2026-04-15,Bunga pinjaman,Utang & Cicilan,Pengeluaran,2295226.0,Transfer Bank,Utang & Cicilan
2048,2026-01-31,Pinjaman usaha,Modal & Investasi,Pemasukan,86952199.0,Transfer Bank,Modal & Investasi
2049,2024-06-20,Pembelian printer,Peralatan & Aset,Pengeluaran,13137836.0,Kartu Debit,Peralatan & Aset
2050,2026-05-25,Pelunasan invoice,Piutang,Pemasukan,28050548.0,QRIS,Piutang
2051,2025-05-01,Setoran modal pemilik,Modal & Investasi,Pemasukan,23715448.0,Transfer Bank,Modal & Investasi
2052,2025-08-09,Pembelian perlengkapan produksi,Pembelian Stok,Pengeluaran,8069482.0,Transfer Bank,Pembelian Stok
2053,2024-06-23,Cicilan pelanggan,Piutang,Pemasukan,3047087.0,Payment Gateway,Piutang
2054,2026-03-25,Pembelian furniture kantor,Peralatan & Aset,Pengeluaran,9585747.0,Kartu Kredit,Peralatan & Aset
2055,2026-01-19,THR,Gaji & Karyawan,Pengeluaran,4695032.0,Transfer Bank,Gaji & Karyawan
2056,2025-11-06,Pelunasan kredit usaha,Utang & Cicilan,Pengeluaran,40937719.0,Transfer Bank,Utang & Cicilan
2057,2024-11-02,THR,Gaji & Karyawan,Pengeluaran,4912657.0,Transfer Bank,Gaji & Karyawan
2058,2025-12-17,Setoran modal pemilik,Modal & Investasi,Pemasukan,30696191.0,Transfer Bank,Modal & Investasi
2059,2025-02-05,Biaya admin bank,Biaya Bank,Pengeluaran,17871.0,Transfer Bank,Biaya Bank
2060,2025-04-09,Pelunasan kredit usaha,Utang & Cicilan,Pengeluaran,11471981.0,Transfer Bank,Utang & Cicilan
2061,2025-07-29,Hosting website,Software & Langganan,Pengeluaran,2381573.0,Kartu Kredit,Software & Langganan
2062,2025-06-12,Gaji karyawan,Gaji & Karyawan,Pengeluaran,14747242.0,Transfer Bank,Gaji & Karyawan
2063,2025-04-29,Penjualan produk,Penjualan,Pemasukan,2116779.0,Kartu Debit,Penjualan
2064,2024-07-24,Pembelian furniture kantor,Peralatan & Aset,Pengeluaran,9619912.0,Kartu Kredit,Peralatan & Aset
2065,2026-02-11,Investasi investor,Modal & Investasi,Pemasukan,237315569.0,Transfer Bank,Modal & Investasi
2066,2025-02-21,ATK,Operasional Kantor,Pengeluaran,682875.0,Lainnya,Operasional Kantor
2067,2026-05-14,THR,Gaji & Karyawan,Pengeluaran,4546482.0,Transfer Bank,Gaji & Karyawan
2068,2024-09-16,Cloud storage bisnis,Software & Langganan,Pengeluaran,1668740.0,Kartu Kredit,Software & Langganan
2069,2026-02-18,Cicilan pelanggan,Piutang,Pemasukan,536564.0,Transfer Bank,Piutang
2070,2025-08-02,Pendapatan grosir,Penjualan,Pemasukan,39195715.0,E-Wallet,Penjualan
2071,2026-03-20,Cicilan pinjaman usaha,Utang & Cicilan,Pengeluaran,5757497.0,Transfer Bank,Utang & Cicilan
2072,2024-10-21,Investasi investor,Modal & Investasi,Pemasukan,74476697.0,Transfer Bank,Modal & Investasi
2073,2025-01-24,Koreksi transaksi,Lain-lain,Pengeluaran,311160.0,Lainnya,Lain-lain
2074,2025-04-03,Investasi investor,Modal & Investasi,Pemasukan,117627955.0,Transfer Bank,Modal & Investasi
2075,2025-02-21,Penjualan jasa,Penjualan,Pemasukan,19698516.0,Tunai,Penjualan
2076,2025-04-30,Pelunasan invoice,Piutang,Pemasukan,10360806.0,QRIS,Piutang
2077,2024-07-13,Kebersihan kantor,Operasional Kantor,Pengeluaran,837361.0,Tunai,Operasional Kantor
2078,2025-01-15,Pelunasan invoice,Piutang,Pemasukan,25006790.0,Transfer Bank,Piutang
2079,2024-11-08,Cicilan pinjaman usaha,Utang & Cicilan,Pengeluaran,9808572.0,Transfer Bank,Utang & Cicilan
2080,2026-05-03,Pembelian laptop,Peralatan & Aset,Pengeluaran,16686267.0,Kartu Debit,Peralatan & Aset
2082,2024-08-25,CRM subscription,Software & Langganan,Pengeluaran,2709536.0,Transfer Bank,Software & Langganan
2083,2024-06-08,Diskon promosi,Marketing & Promosi,Pengeluaran,4874224.0,Transfer Bank,Marketing & Promosi
2084,2025-02-05,Refund pelanggan,Lain-lain,Pengeluaran,1413132.0,Tunai,Lain-lain
2085,2024-10-18,DP dari pelanggan,Piutang,Pemasukan,14753455.0,Payment Gateway,Piutang
2086,2025-09-09,Penjualan jasa,Penjualan,Pemasukan,4882481.0,E-Wallet,Penjualan
2087,2024-06-08,Parkir operasional,Transportasi & Logistik,Pengeluaran,647098.0,Transfer Bank,Transportasi & Logistik
2088,2025-10-01,Listrik kantor,Operasional Kantor,Pengeluaran,1017112.0,Kartu Debit,Operasional Kantor
2089,2025-04-02,Tambahan modal operasional,Modal & Investasi,Pemasukan,5905965.0,Transfer Bank,Modal & Investasi
2090,2024-06-05,Biaya endorsement,Marketing & Promosi,Pengeluaran,3211988.0,E-Wallet,Marketing & Promosi
2091,2025-02-20,Biaya MDR kartu,Biaya Bank,Pengeluaran,755844.0,QRIS,Biaya Bank
2092,2026-03-14,Pembelian bahan baku,Pembelian Stok,Pengeluaran,10295273.0,Kartu Kredit,Pembelian Stok
2093,2025-02-08,Tambahan modal operasional,Modal & Investasi,Pemasukan,2513295.0,Transfer Bank,Modal & Investasi
2094,2024-12-21,Pinjaman usaha,Modal & Investasi,Pemasukan,54059235.0,Lainnya,Modal & Investasi
2095,2026-03-31,Pinjaman usaha,Modal & Investasi,Pemasukan,53784199.0,Transfer Bank,Modal & Investasi
2096,2024-11-21,Pendapatan proyek,Penjualan,Pemasukan,4596351.0,E-Wallet,Penjualan
2097,2024-07-22,Event marketing,Marketing & Promosi,Pengeluaran,5727864.0,Kartu Debit,Marketing & Promosi
2098,2025-07-03,Pinjaman usaha,Modal & Investasi,Pemasukan,21651148.0,Transfer Bank,Modal & Investasi
2099,2026-03-09,Pelunasan invoice,Piutang,Pemasukan,2760370.0,Transfer Bank,Piutang
2100,2026-04-10,Pembayaran piutang pelanggan,Piutang,Pemasukan,4448566.0,Payment Gateway,Piutang
2101,2024-06-29,Gaji karyawan,Gaji & Karyawan,Pengeluaran,7059339.0,Transfer Bank,Gaji & Karyawan
2102,2025-10-22,Biaya tarik tunai,Biaya Bank,Pengeluaran,6043.0,Payment Gateway,Biaya Bank
2103,2024-12-27,Pendapatan marketplace,Penjualan,Pemasukan,3515511.0,Payment Gateway,Penjualan
2104,2024-06-09,Setoran modal pemilik,Modal & Investasi,Pemasukan,42088453.0,Transfer Bank,Modal & Investasi
2105,2025-04-12,Penjualan jasa,Penjualan,Pemasukan,9151377.0,Kartu Debit,Penjualan
2106,2025-08-15,Tambahan modal operasional,Modal & Investasi,Pemasukan,6413584.0,Transfer Bank,Modal & Investasi
2107,2026-04-01,Pendapatan grosir,Penjualan,Pemasukan,6288738.0,QRIS,Penjualan
2108,2025-08-02,Pembelian furniture kantor,Peralatan & Aset,Pengeluaran,10506251.0,Kartu Kredit,Peralatan & Aset
2109,2026-01-03,Cicilan pelanggan,Piutang,Pemasukan,913449.0,QRIS,Piutang
2110,2024-10-20,DP dari pelanggan,Piutang,Pemasukan,3578290.0,Transfer Bank,Piutang
2111,2024-09-11,Pembayaran piutang pelanggan,Piutang,Pemasukan,28224941.0,QRIS,Piutang
2112,2025-08-08,Cicilan pinjaman usaha,Utang & Cicilan,Pengeluaran,9963270.0,Transfer Bank,Utang & Cicilan
2113,2025-02-15,Biaya payment gateway,Biaya Bank,Pengeluaran,665063.0,E-Wallet,Biaya Bank
2115,2026-01-18,Pembelian bahan baku,Pembelian Stok,Pengeluaran,10651175.0,E-Wallet,Pembelian Stok
2116,2025-05-16,Langganan software akuntansi,Software & Langganan,Pengeluaran,1280073.0,Kartu Kredit,Software & Langganan
2117,2025-04-25,Pendapatan grosir,Penjualan,Pemasukan,12283207.0,Payment Gateway,Penjualan
2118,2025-08-11,Domain website,Software & Langganan,Pengeluaran,897797.0,Kartu Kredit,Software & Langganan
2119,2026-01-26,Event marketing,Marketing & Promosi,Pengeluaran,17799973.0,Kartu Debit,Marketing & Promosi
2120,2026-01-16,Penjualan produk,Penjualan,Pemasukan,296520.0,Tunai,Penjualan
2121,2025-08-09,Pendapatan grosir,Penjualan,Pemasukan,20229108.0,Kartu Debit,Penjualan
2122,2025-03-25,Bunga pinjaman,Utang & Cicilan,Pengeluaran,1384860.0,Transfer Bank,Utang & Cicilan
2123,2025-07-25,Pendapatan proyek,Penjualan,Pemasukan,20295956.0,QRIS,Penjualan
2124,2024-09-11,Biaya payment gateway,Biaya Bank,Pengeluaran,340286.0,Payment Gateway,Biaya Bank
2125,2025-05-03,Pelunasan kredit usaha,Utang & Cicilan,Pengeluaran,36015112.0,Transfer Bank,Utang & Cicilan
2127,2025-11-15,Selisih kas,Lain-lain,Pengeluaran,481083.0,Tunai,Lain-lain
2128,2024-10-29,Investasi investor,Modal & Investasi,Pemasukan,85053927.0,Transfer Bank,Modal & Investasi
2129,2025-09-16,Setoran modal pemilik,Modal & Investasi,Pemasukan,21026077.0,Transfer Bank,Modal & Investasi
2130,2026-05-20,Sewa kendaraan,Transportasi & Logistik,Pengeluaran,1903933.0,Tunai,Transportasi & Logistik
2131,2025-01-03,DP dari pelanggan,Piutang,Pemasukan,7814272.0,Transfer Bank,Piutang
2132,2025-04-11,ATK,Operasional Kantor,Pengeluaran,247962.0,Kartu Debit,Operasional Kantor
2133,2025-11-28,Pembayaran piutang pelanggan,Piutang,Pemasukan,19118930.0,QRIS,Piutang
2134,2024-06-25,Pembelian laptop,Peralatan & Aset,Pengeluaran,49604501.0,Kartu Kredit,Peralatan & Aset
2135,2026-05-24,Penjualan jasa,Penjualan,Pemasukan,19116440.0,Tunai,Penjualan
2136,2026-03-06,Reimbursement karyawan,Gaji & Karyawan,Pengeluaran,152469.0,Transfer Bank,Gaji & Karyawan
2137,2026-03-09,Setoran modal pemilik,Modal & Investasi,Pemasukan,27146531.0,Transfer Bank,Modal & Investasi
2139,2024-10-24,Penjualan produk,Penjualan,Pemasukan,1095179.0,Lainnya,Penjualan
2140,2025-06-08,THR,Gaji & Karyawan,Pengeluaran,9661665.0,Transfer Bank,Gaji & Karyawan
2141,2024-11-02,Parkir operasional,Transportasi & Logistik,Pengeluaran,81605.0,Tunai,Transportasi & Logistik
2142,2025-02-04,Bensin operasional,Transportasi & Logistik,Pengeluaran,282925.0,Kartu Debit,Transportasi & Logistik
2143,2024-06-22,Pendapatan grosir,Penjualan,Pemasukan,19490604.0,Payment Gateway,Penjualan
2144,2025-01-25,Penjualan jasa,Penjualan,Pemasukan,22220281.0,Payment Gateway,Penjualan
2145,2026-01-06,Cicilan pinjaman usaha,Utang & Cicilan,Pengeluaran,7041504.0,Transfer Bank,Utang & Cicilan
2146,2026-02-14,Gaji karyawan,Gaji & Karyawan,Pengeluaran,8532046.0,Transfer Bank,Gaji & Karyawan
2147,2024-08-30,Pembelian perlengkapan produksi,Pembelian Stok,Pengeluaran,9535195.0,E-Wallet,Pembelian Stok
2148,2024-06-29,Biaya izin usaha,Pajak & Perizinan,Pengeluaran,11183104.0,Transfer Bank,Pajak & Perizinan
2149,2025-09-09,Pendapatan proyek,Penjualan,Pemasukan,16346287.0,Transfer Bank,Penjualan
2150,2024-10-29,Listrik kantor,Operasional Kantor,Pengeluaran,732833.0,Transfer Bank,Operasional Kantor
2151,2025-05-03,Pembelian perlengkapan produksi,Pembelian Stok,Pengeluaran,884338.0,Kartu Debit,Pembelian Stok
2152,2025-02-09,ATK,Operasional Kantor,Pengeluaran,59702.0,Transfer Bank,Operasional Kantor
2153,2026-04-18,PPN,Pajak & Perizinan,Pengeluaran,23158262.0,Transfer Bank,Pajak & Perizinan
2154,2026-05-11,Investasi investor,Modal & Investasi,Pemasukan,198662634.0,Transfer Bank,Modal & Investasi
2155,2024-06-10,Penjualan jasa,Penjualan,Pemasukan,18507202.0,E-Wallet,Penjualan
2156,2024-12-10,Diskon promosi,Marketing & Promosi,Pengeluaran,2412139.0,E-Wallet,Marketing & Promosi
2157,2025-01-20,Pendapatan marketplace,Penjualan,Pemasukan,1146955.0,Payment Gateway,Penjualan
2158,2025-08-28,Air kantor,Operasional Kantor,Pengeluaran,971707.0,Kartu Debit,Operasional Kantor
2159,2026-05-13,Refund pelanggan,Lain-lain,Pengeluaran,4985559.0,Tunai,Lain-lain
2160,2025-12-04,Pelunasan kredit usaha,Utang & Cicilan,Pengeluaran,18678578.0,Transfer Bank,Utang & Cicilan
2161,2025-01-17,Pelunasan invoice,Piutang,Pemasukan,9217845.0,Transfer Bank,Piutang
2162,2024-10-18,Biaya izin usaha,Pajak & Perizinan,Pengeluaran,11372727.0,Transfer Bank,Pajak & Perizinan
2163,2026-04-05,Cicilan pelanggan,Piutang,Pemasukan,3446855.0,Payment Gateway,Piutang
2164,2024-08-16,Sewa kantor,Operasional Kantor,Pengeluaran,3198969.0,Kartu Kredit,Operasional Kantor
2165,2025-12-10,ATK,Operasional Kantor,Pengeluaran,170135.0,Kartu Debit,Operasional Kantor
2166,2025-08-31,Penjualan produk,Penjualan,Pemasukan,1336003.0,Transfer Bank,Penjualan
2167,2026-04-23,Pembayaran piutang pelanggan,Piutang,Pemasukan,26467855.0,QRIS,Piutang
2168,2024-09-10,Cicilan pelanggan,Piutang,Pemasukan,4051285.0,Transfer Bank,Piutang
2169,2025-01-23,Pendapatan toko offline,Penjualan,Pemasukan,1542133.0,Kartu Debit,Penjualan
2170,2026-02-14,Biaya admin bank,Biaya Bank,Pengeluaran,46329.0,Transfer Bank,Biaya Bank
2171,2024-06-25,Pembelian furniture kantor,Peralatan & Aset,Pengeluaran,6068395.0,Kartu Kredit,Peralatan & Aset
2172,2024-07-18,Pembayaran utang supplier,Utang & Cicilan,Pengeluaran,41572018.0,Transfer Bank,Utang & Cicilan
2173,2025-07-03,Pelunasan kredit usaha,Utang & Cicilan,Pengeluaran,40789007.0,Transfer Bank,Utang & Cicilan
2174,2025-04-07,Biaya tak terduga,Lain-lain,Pengeluaran,5569410.0,E-Wallet,Lain-lain
2175,2026-04-15,Biaya transfer,Biaya Bank,Pengeluaran,35675.0,Payment Gateway,Biaya Bank
2176,2025-10-19,Tambahan modal operasional,Modal & Investasi,Pemasukan,5689138.0,Transfer Bank,Modal & Investasi
2177,2024-08-07,Pembelian bahan baku,Pembelian Stok,Pengeluaran,19439837.0,Kartu Kredit,Pembelian Stok
2178,2024-10-27,Pendapatan toko offline,Penjualan,Pemasukan,1713186.0,QRIS,Penjualan
2179,2026-03-27,Pendapatan toko offline,Penjualan,Pemasukan,2141630.0,E-Wallet,Penjualan
2180,2025-07-21,Cicilan pelanggan,Piutang,Pemasukan,2507340.0,QRIS,Piutang
2181,2025-11-20,Pendapatan marketplace,Penjualan,Pemasukan,4632771.0,Tunai,Penjualan
2182,2024-08-06,DP dari pelanggan,Piutang,Pemasukan,5132905.0,Transfer Bank,Piutang
2183,2025-01-27,Pendapatan marketplace,Penjualan,Pemasukan,1989761.0,Tunai,Penjualan
2184,2024-07-05,Setoran modal pemilik,Modal & Investasi,Pemasukan,8608201.0,Transfer Bank,Modal & Investasi
2185,2025-04-07,Penjualan produk,Penjualan,Pemasukan,1608584.0,Transfer Bank,Penjualan
2186,2025-03-20,Tambahan modal operasional,Modal & Investasi,Pemasukan,16562769.0,Transfer Bank,Modal & Investasi
2187,2025-11-19,Listrik kantor,Operasional Kantor,Pengeluaran,716014.0,Kartu Debit,Operasional Kantor
2188,2026-01-28,Administrasi legal,Pajak & Perizinan,Pengeluaran,11492991.0,Transfer Bank,Pajak & Perizinan
2189,2025-02-01,Pembelian barang dagang,Pembelian Stok,Pengeluaran,18274291.0,Transfer Bank,Pembelian Stok
2190,2024-11-30,Perawatan aset,Peralatan & Aset,Pengeluaran,615730.0,Kartu Debit,Peralatan & Aset
2191,2025-05-14,Gaji karyawan,Gaji & Karyawan,Pengeluaran,9782748.0,Transfer Bank,Gaji & Karyawan
2192,2025-05-05,Pendapatan marketplace,Penjualan,Pemasukan,473260.0,Kartu Debit,Penjualan
2193,2026-01-21,Bayar pajak usaha,Pajak & Perizinan,Pengeluaran,3411667.0,Transfer Bank,Pajak & Perizinan
2194,2026-03-07,Pembelian furniture kantor,Peralatan & Aset,Pengeluaran,9436122.0,Kartu Kredit,Peralatan & Aset
2195,2025-11-29,Tambahan modal operasional,Modal & Investasi,Pemasukan,19277620.0,Transfer Bank,Modal & Investasi
2196,2025-03-13,Penjualan jasa,Penjualan,Pemasukan,20810852.0,Transfer Bank,Penjualan
2197,2025-05-15,Penjualan jasa,Penjualan,Pemasukan,1075458.0,Payment Gateway,Penjualan
2198,2025-07-16,Bunga pinjaman,Utang & Cicilan,Pengeluaran,3324425.0,Transfer Bank,Utang & Cicilan
2199,2026-01-31,Pendapatan proyek,Penjualan,Pemasukan,8391562.0,Transfer Bank,Penjualan
2200,2025-08-12,Biaya ekspedisi,Transportasi & Logistik,Pengeluaran,2340898.0,Transfer Bank,Transportasi & Logistik
2201,2024-07-25,Cetak brosur,Marketing & Promosi,Pengeluaran,4349242.0,Transfer Bank,Marketing & Promosi
2202,2024-10-16,Pembelian mesin produksi,Peralatan & Aset,Pengeluaran,44701796.0,Kartu Kredit,Peralatan & Aset
2203,2024-12-14,Modal & Investasi,Modal & Investasi,Pemasukan,46337293.0,Transfer Bank,Modal & Investasi
2204,2024-10-22,Biaya ekspedisi,Transportasi & Logistik,Pengeluaran,2856999.0,Kartu Kredit,Transportasi & Logistik
2205,2024-07-29,DP dari pelanggan,Piutang,Pemasukan,3867550.0,Transfer Bank,Piutang
2206,2026-02-06,Tambahan modal operasional,Modal & Investasi,Pemasukan,7984021.0,Transfer Bank,Modal & Investasi
2207,2024-12-06,Bensin operasional,Transportasi & Logistik,Pengeluaran,312339.0,Kartu Kredit,Transportasi & Logistik
2208,2024-06-24,Biaya payment gateway,Biaya Bank,Pengeluaran,978860.0,QRIS,Biaya Bank
2209,2026-04-18,Air kantor,Operasional Kantor,Pengeluaran,1366190.0,Tunai,Operasional Kantor
2210,2025-08-10,DP dari pelanggan,Piutang,Pemasukan,12435260.0,Transfer Bank,Piutang
2211,2026-01-25,Penjualan produk,Penjualan,Pemasukan,2236669.0,Payment Gateway,Penjualan
2212,2024-08-19,Pembayaran piutang pelanggan,Piutang,Pemasukan,26293040.0,QRIS,Piutang
2213,2025-06-05,Sewa kantor,Operasional Kantor,Pengeluaran,2030005.0,Kartu Kredit,Operasional Kantor
2214,2024-08-22,Pelunasan invoice,Piutang,Pemasukan,25797137.0,QRIS,Piutang
2215,2026-01-06,Setoran modal pemilik,Modal & Investasi,Pemasukan,45558001.0,Transfer Bank,Modal & Investasi
2216,2025-03-28,Restock produk,Pembelian Stok,Pengeluaran,6336436.0,E-Wallet,Pembelian Stok
2217,2024-10-03,Listrik kantor,Operasional Kantor,Pengeluaran,1362922.0,Tunai,Operasional Kantor
2218,2025-12-05,Investasi investor,Modal & Investasi,Pemasukan,206112924.0,Transfer Bank,Modal & Investasi
2219,2026-01-05,DP dari pelanggan,Piutang,Pemasukan,3886261.0,QRIS,Piutang
2220,2024-10-02,Biaya ekspedisi,Transportasi & Logistik,Pengeluaran,623812.0,Tunai,Transportasi & Logistik
2221,2026-01-06,Pembelian printer,Peralatan & Aset,Pengeluaran,11346852.0,Transfer Bank,Peralatan & Aset
2222,2024-08-25,Pembelian perlengkapan produksi,Pembelian Stok,Pengeluaran,4148651.0,Kartu Kredit,Pembelian Stok
2223,2025-09-05,CRM subscription,Software & Langganan,Pengeluaran,1273058.0,Transfer Bank,Software & Langganan
2224,2025-06-03,Pinjaman usaha,Modal & Investasi,Pemasukan,38429481.0,Transfer Bank,Modal & Investasi
2225,2026-05-18,Cetak brosur,Marketing & Promosi,Pengeluaran,3232714.0,Kartu Kredit,Marketing & Promosi
2226,2025-05-28,Investasi investor,Modal & Investasi,Pemasukan,56145418.0,Transfer Bank,Modal & Investasi
2227,2026-02-06,Diskon promosi,Marketing & Promosi,Pengeluaran,3689711.0,E-Wallet,Marketing & Promosi
2228,2025-02-12,Pembelian perlengkapan produksi,Pembelian Stok,Pengeluaran,3010397.0,Transfer Bank,Pembelian Stok
2229,2025-11-29,Biaya transfer,Biaya Bank,Pengeluaran,31703.0,Payment Gateway,Biaya Bank
2230,2024-06-17,Pembayaran utang supplier,Utang & Cicilan,Pengeluaran,33900426.0,Transfer Bank,Utang & Cicilan
2231,2025-10-01,Pendapatan toko offline,Penjualan,Pemasukan,2070858.0,Tunai,Penjualan
2232,2024-09-09,Pembelian mesin produksi,Peralatan & Aset,Pengeluaran,36583154.0,Kartu Debit,Peralatan & Aset
2233,2024-11-24,Sewa kendaraan,Transportasi & Logistik,Pengeluaran,993903.0,Kartu Kredit,Transportasi & Logistik
2234,2024-08-07,Pembelian barang dagang,Pembelian Stok,Pengeluaran,15383118.0,Kartu Kredit,Pembelian Stok
2235,2026-02-16,ATK,Operasional Kantor,Pengeluaran,263484.0,Tunai,Operasional Kantor
2236,2025-02-27,Setoran modal pemilik,Modal & Investasi,Pemasukan,31245429.5,Transfer Bank,Modal & Investasi
2237,2026-01-10,Pendapatan grosir,Penjualan,Pemasukan,44631109.0,QRIS,Penjualan
2238,2025-07-04,Restock produk,Pembelian Stok,Pengeluaran,5467017.0,E-Wallet,Pembelian Stok
2239,2024-09-16,Setoran modal pemilik,Modal & Investasi,Pemasukan,49552717.0,Transfer Bank,Modal & Investasi
2240,2026-05-07,Biaya ekspedisi,Transportasi & Logistik,Pengeluaran,2935165.0,Kartu Kredit,Transportasi & Logistik
2241,2024-08-14,Penjualan produk,Penjualan,Pemasukan,380864.0,E-Wallet,Penjualan
2242,2024-07-28,Penjualan produk,Penjualan,Pemasukan,1621897.0,E-Wallet,Penjualan
2243,2025-06-13,Investasi investor,Modal & Investasi,Pemasukan,144507734.0,Transfer Bank,Modal & Investasi
2244,2025-01-01,Setoran modal pemilik,Modal & Investasi,Pemasukan,46332904.0,Transfer Bank,Modal & Investasi
2245,2025-05-15,Tambahan modal operasional,Modal & Investasi,Pemasukan,14513426.0,Transfer Bank,Modal & Investasi
2246,2026-01-21,Pembelian barang dagang,Pembelian Stok,Pengeluaran,4012973.0,Kartu Kredit,Pembelian Stok
2247,2025-04-09,Pendapatan grosir,Penjualan,Pemasukan,7084180.0,Transfer Bank,Penjualan
2248,2025-12-07,Biaya ekspedisi,Transportasi & Logistik,Pengeluaran,1914902.0,Tunai,Transportasi & Logistik
2249,2026-04-11,Donasi perusahaan,Lain-lain,Pengeluaran,1441533.0,E-Wallet,Lain-lain
2250,2026-05-01,Bayar pajak usaha,Pajak & Perizinan,Pengeluaran,36203040.0,Transfer Bank,Pajak & Perizinan
2251,2025-10-10,Pelunasan kredit usaha,Utang & Cicilan,Pengeluaran,49005073.0,Transfer Bank,Utang & Cicilan
2252,2024-06-02,Influencer marketing,Marketing & Promosi,Pengeluaran,583906.0,Transfer Bank,Marketing & Promosi
2253,2025-10-08,Pinjaman usaha,Modal & Investasi,Pemasukan,86784963.0,Transfer Bank,Modal & Investasi
2254,2025-12-19,Pinjaman usaha,Modal & Investasi,Pemasukan,35533792.0,Transfer Bank,Modal & Investasi
2255,2025-07-03,Biaya MDR kartu,Biaya Bank,Pengeluaran,584090.0,E-Wallet,Biaya Bank
2256,2024-12-07,Penjualan jasa,Penjualan,Pemasukan,5117827.0,E-Wallet,Penjualan
2257,2024-08-18,Setoran modal pemilik,Modal & Investasi,Pemasukan,37614183.0,Transfer Bank,Modal & Investasi
2259,2024-06-21,Investasi investor,Modal & Investasi,Pemasukan,187688686.0,Transfer Bank,Modal & Investasi
2260,2025-01-22,Setoran modal pemilik,Modal & Investasi,Pemasukan,20639426.0,Transfer Bank,Modal & Investasi
2261,2025-05-26,Pinjaman usaha,Modal & Investasi,Pemasukan,23764621.0,Transfer Bank,Modal & Investasi
2262,2025-11-04,Pendapatan proyek,Penjualan,Pemasukan,23003333.0,E-Wallet,Penjualan
2263,2025-06-15,Pelunasan invoice,Piutang,Pemasukan,23858805.0,Transfer Bank,Piutang
2265,2024-08-11,Pendapatan proyek,Penjualan,Pemasukan,8789725.0,E-Wallet,Penjualan
2266,2026-03-01,Tambahan modal operasional,Modal & Investasi,Pemasukan,12392870.0,Transfer Bank,Modal & Investasi
2267,2024-08-03,DP dari pelanggan,Piutang,Pemasukan,706033.0,QRIS,Piutang
2268,2026-01-06,THR,Gaji & Karyawan,Pengeluaran,7609452.0,Transfer Bank,Gaji & Karyawan
3017,2025-03-29,Penjualan jasa,Penjualan,Pemasukan,5524507.0,Transfer Bank,Penjualan
2270,2026-02-18,Pendapatan proyek,Penjualan,Pemasukan,13818560.0,Kartu Debit,Penjualan
2271,2026-04-15,Pendapatan toko offline,Penjualan,Pemasukan,899324.0,Tunai,Penjualan
2272,2024-09-17,Influencer marketing,Marketing & Promosi,Pengeluaran,9286949.0,Transfer Bank,Marketing & Promosi
2273,2026-01-25,Penjualan jasa,Penjualan,Pemasukan,16063629.0,Tunai,Penjualan
2274,2025-01-02,Diskon promosi,Marketing & Promosi,Pengeluaran,623646.0,Kartu Kredit,Marketing & Promosi
2275,2025-06-15,Pendapatan marketplace,Penjualan,Pemasukan,1528592.0,Kartu Debit,Penjualan
2276,2024-10-12,Biaya izin usaha,Pajak & Perizinan,Pengeluaran,1947225.0,Transfer Bank,Pajak & Perizinan
2277,2024-08-07,Langganan software akuntansi,Software & Langganan,Pengeluaran,1386503.0,Kartu Kredit,Software & Langganan
2278,2025-07-27,Biaya tarik tunai,Biaya Bank,Pengeluaran,32682.0,QRIS,Biaya Bank
2279,2026-03-14,Biaya tarik tunai,Biaya Bank,Pengeluaran,26451.0,E-Wallet,Biaya Bank
2280,2025-03-23,Penjualan produk,Penjualan,Pemasukan,921511.0,Tunai,Penjualan
2281,2024-12-27,Langganan software akuntansi,Software & Langganan,Pengeluaran,2706199.0,Transfer Bank,Software & Langganan
2282,2025-09-12,Setoran modal pemilik,Modal & Investasi,Pemasukan,43085732.0,Transfer Bank,Modal & Investasi
2283,2026-03-11,Uang lembur,Gaji & Karyawan,Pengeluaran,2439169.0,Transfer Bank,Gaji & Karyawan
2284,2025-10-04,Tools desain,Software & Langganan,Pengeluaran,1112942.0,E-Wallet,Software & Langganan
2285,2026-02-03,Tambahan modal operasional,Modal & Investasi,Pemasukan,7647920.0,Transfer Bank,Modal & Investasi
2286,2024-08-18,Administrasi legal,Pajak & Perizinan,Pengeluaran,10372256.0,Transfer Bank,Pajak & Perizinan
2287,2026-05-05,Diskon promosi,Marketing & Promosi,Pengeluaran,4776884.0,Kartu Kredit,Marketing & Promosi
2288,2025-04-06,Restock produk,Pembelian Stok,Pengeluaran,17071642.0,E-Wallet,Pembelian Stok
2289,2025-05-20,Hosting website,Software & Langganan,Pengeluaran,1872799.0,Kartu Kredit,Software & Langganan
2290,2025-01-16,Pendapatan proyek,Penjualan,Pemasukan,4017611.0,Kartu Debit,Penjualan
2291,2026-04-15,Perawatan aset,Peralatan & Aset,Pengeluaran,3867598.0,Kartu Debit,Peralatan & Aset
2292,2025-10-03,PPN,Pajak & Perizinan,Pengeluaran,12171410.0,Transfer Bank,Pajak & Perizinan
2293,2025-02-17,Setoran modal pemilik,Modal & Investasi,Pemasukan,33136369.0,Transfer Bank,Modal & Investasi
2294,2025-09-22,Diskon promosi,Marketing & Promosi,Pengeluaran,3230586.0,Kartu Debit,Marketing & Promosi
2295,2025-07-17,Biaya tarik tunai,Biaya Bank,Pengeluaran,27868.0,E-Wallet,Biaya Bank
2296,2024-08-02,Modal & Investasi,Modal & Investasi,Pemasukan,150307604.0,Transfer Bank,Modal & Investasi
2297,2025-04-10,Selisih kas,Lain-lain,Pengeluaran,447131.0,Transfer Bank,Lain-lain
2298,2025-02-15,Setoran modal pemilik,Modal & Investasi,Pemasukan,33641138.0,Transfer Bank,Modal & Investasi
2299,2026-02-04,Pembelian bahan baku,Pembelian Stok,Pengeluaran,7606477.0,Transfer Bank,Pembelian Stok
2300,2026-05-18,Setoran modal pemilik,Modal & Investasi,Pemasukan,37134465.0,Transfer Bank,Modal & Investasi
2301,2024-10-13,Internet kantor,Operasional Kantor,Pengeluaran,152540.0,Transfer Bank,Operasional Kantor
2302,2025-05-16,Pendapatan proyek,Penjualan,Pemasukan,14725088.0,Transfer Bank,Penjualan
2303,2026-03-18,Cicilan pelanggan,Piutang,Pemasukan,1017488.0,QRIS,Piutang
2304,2025-07-23,Kebersihan kantor,Operasional Kantor,Pengeluaran,65448.0,Kartu Debit,Operasional Kantor
2305,2025-09-19,Hosting website,Software & Langganan,Pengeluaran,316411.0,Transfer Bank,Software & Langganan
2306,2024-12-24,Pembelian barang dagang,Pembelian Stok,Pengeluaran,5640834.0,Transfer Bank,Pembelian Stok
2307,2024-06-06,Pinjaman usaha,Modal & Investasi,Pemasukan,97361756.0,Transfer Bank,Modal & Investasi
2308,2025-10-29,Biaya MDR kartu,Biaya Bank,Pengeluaran,439615.0,QRIS,Biaya Bank
2309,2026-05-08,PPN,Pajak & Perizinan,Pengeluaran,18266824.0,Transfer Bank,Pajak & Perizinan
2310,2025-03-09,PPN,Pajak & Perizinan,Pengeluaran,45079396.0,Transfer Bank,Pajak & Perizinan
2311,2024-11-29,Tambahan modal operasional,Modal & Investasi,Pemasukan,16759394.0,Transfer Bank,Modal & Investasi
2312,2026-03-09,Setoran modal pemilik,Modal & Investasi,Pemasukan,31129087.0,Transfer Bank,Modal & Investasi
2313,2024-12-08,Restock produk,Pembelian Stok,Pengeluaran,11306717.0,Tunai,Pembelian Stok
2314,2026-04-29,Diskon promosi,Marketing & Promosi,Pengeluaran,3140591.0,Kartu Debit,Marketing & Promosi
2315,2026-01-04,Diskon promosi,Marketing & Promosi,Pengeluaran,930253.0,Kartu Debit,Marketing & Promosi
2316,2024-09-03,Pendapatan grosir,Penjualan,Pemasukan,40005150.0,Kartu Debit,Penjualan
2317,2026-03-04,Pendapatan toko offline,Penjualan,Pemasukan,1333581.0,Kartu Debit,Penjualan
2318,2026-01-26,Penjualan jasa,Penjualan,Pemasukan,16069218.0,Transfer Bank,Penjualan
2319,2025-04-05,Cloud storage bisnis,Software & Langganan,Pengeluaran,1916034.0,Kartu Kredit,Software & Langganan
2320,2024-11-03,Pendapatan proyek,Penjualan,Pemasukan,13602496.0,E-Wallet,Penjualan
2321,2025-09-22,Ongkos kirim,Transportasi & Logistik,Pengeluaran,1610771.0,Kartu Debit,Transportasi & Logistik
2322,2026-03-01,Biaya admin bank,Biaya Bank,Pengeluaran,42977.0,Kartu Debit,Biaya Bank
2323,2024-12-22,BPJS Karyawan,Gaji & Karyawan,Pengeluaran,840857.0,Transfer Bank,Gaji & Karyawan
2324,2025-09-22,Cicilan pelanggan,Piutang,Pemasukan,2643904.0,Payment Gateway,Piutang
2325,2026-04-06,DP dari pelanggan,Piutang,Pemasukan,10146993.0,Transfer Bank,Piutang
2326,2024-10-08,Pembelian barang dagang,Pembelian Stok,Pengeluaran,18670731.0,Transfer Bank,Pembelian Stok
2327,2025-12-12,DP dari pelanggan,Piutang,Pemasukan,10514108.0,QRIS,Piutang
2328,2025-02-17,Biaya transfer,Biaya Bank,Pengeluaran,43213.0,Transfer Bank,Biaya Bank
2329,2025-04-26,Pendapatan grosir,Penjualan,Pemasukan,47589243.0,E-Wallet,Penjualan
2330,2026-04-12,Pendapatan marketplace,Penjualan,Pemasukan,2799164.0,E-Wallet,Penjualan
2331,2026-05-02,Donasi perusahaan,Lain-lain,Pengeluaran,7559678.0,Transfer Bank,Lain-lain
2332,2025-08-22,Uang lembur,Gaji & Karyawan,Pengeluaran,1803956.0,Transfer Bank,Gaji & Karyawan
2333,2025-11-14,Koreksi transaksi,Lain-lain,Pengeluaran,79745.0,Transfer Bank,Lain-lain
2334,2026-02-07,BPJS Karyawan,Gaji & Karyawan,Pengeluaran,611108.0,Transfer Bank,Gaji & Karyawan
2335,2025-01-16,Pendapatan proyek,Penjualan,Pemasukan,6757590.0,E-Wallet,Penjualan
2336,2026-03-01,Pendapatan toko offline,Penjualan,Pemasukan,794378.0,Kartu Debit,Penjualan
2337,2025-05-26,Penjualan jasa,Penjualan,Pemasukan,17583212.0,Tunai,Penjualan
2338,2025-02-14,Pelunasan kredit usaha,Utang & Cicilan,Pengeluaran,20843288.0,Transfer Bank,Utang & Cicilan
2339,2026-03-22,Modal & Investasi,Modal & Investasi,Pemasukan,175779443.0,Transfer Bank,Modal & Investasi
2340,2026-05-25,Bunga pinjaman,Utang & Cicilan,Pengeluaran,4581749.0,Transfer Bank,Utang & Cicilan
2341,2024-06-10,Restock produk,Pembelian Stok,Pengeluaran,3873317.0,E-Wallet,Pembelian Stok
2342,2024-11-06,Tambahan modal operasional,Modal & Investasi,Pemasukan,14708375.0,Transfer Bank,Modal & Investasi
2343,2026-05-01,Tambahan modal operasional,Modal & Investasi,Pemasukan,11472953.0,Transfer Bank,Modal & Investasi
2344,2025-03-23,Cicilan pelanggan,Piutang,Pemasukan,1768286.0,Payment Gateway,Piutang
2345,2026-05-07,Restock produk,Pembelian Stok,Pengeluaran,4977469.0,Transfer Bank,Pembelian Stok
2346,2026-01-15,Bayar pajak usaha,Pajak & Perizinan,Pengeluaran,13359515.0,Transfer Bank,Pajak & Perizinan
2347,2025-01-19,Tambahan modal operasional,Modal & Investasi,Pemasukan,12602605.0,Transfer Bank,Modal & Investasi
2348,2024-08-16,Penjualan produk,Penjualan,Pemasukan,2306312.0,Kartu Debit,Penjualan
2349,2025-05-31,Penjualan produk,Penjualan,Pemasukan,471300.0,Kartu Debit,Penjualan
2350,2024-08-05,Biaya tak terduga,Lain-lain,Pengeluaran,7194244.0,Tunai,Lain-lain
2351,2024-11-12,DP dari pelanggan,Piutang,Pemasukan,12384120.0,Transfer Bank,Piutang
2352,2025-06-14,Pendapatan toko offline,Penjualan,Pemasukan,111444.0,Transfer Bank,Penjualan
2353,2025-04-10,Sewa kendaraan,Transportasi & Logistik,Pengeluaran,3807905.0,Kartu Kredit,Transportasi & Logistik
2354,2024-11-06,Setoran modal pemilik,Modal & Investasi,Pemasukan,42788770.0,Transfer Bank,Modal & Investasi
2355,2024-06-11,Gaji karyawan,Gaji & Karyawan,Pengeluaran,10781695.0,Transfer Bank,Gaji & Karyawan
2356,2026-04-13,Pembelian perlengkapan produksi,Pembelian Stok,Pengeluaran,7441932.0,Kartu Kredit,Pembelian Stok
2357,2025-11-22,Cicilan pelanggan,Piutang,Pemasukan,4502182.0,Payment Gateway,Piutang
2358,2025-09-11,Pendapatan grosir,Penjualan,Pemasukan,7332499.0,E-Wallet,Penjualan
2359,2024-09-14,Tools desain,Software & Langganan,Pengeluaran,511616.0,E-Wallet,Software & Langganan
2360,2025-06-20,Penjualan,Penjualan,Pemasukan,31366664.0,E-Wallet,Penjualan
2361,2024-09-08,Konsultan pajak,Pajak & Perizinan,Pengeluaran,12990013.0,Transfer Bank,Pajak & Perizinan
2362,2024-09-05,BPJS Karyawan,Gaji & Karyawan,Pengeluaran,741177.0,Transfer Bank,Gaji & Karyawan
2363,2025-10-06,Cloud storage bisnis,Software & Langganan,Pengeluaran,976660.0,Transfer Bank,Software & Langganan
2364,2025-09-13,Pelunasan invoice,Piutang,Pemasukan,13376797.0,QRIS,Piutang
2365,2024-11-08,Pinjaman usaha,Modal & Investasi,Pemasukan,83049866.0,Transfer Bank,Modal & Investasi
2366,2026-03-06,Gaji & Karyawan,Gaji & Karyawan,Pengeluaran,7583340.0,Transfer Bank,Gaji & Karyawan
2367,2025-03-25,Investasi investor,Modal & Investasi,Pemasukan,153289496.0,Transfer Bank,Modal & Investasi
2368,2025-08-14,Biaya tak terduga,Lain-lain,Pengeluaran,3077994.0,Tunai,Lain-lain
2369,2025-01-01,Bayar pajak usaha,Pajak & Perizinan,Pengeluaran,14092170.0,Transfer Bank,Pajak & Perizinan
2370,2025-09-26,Pendapatan proyek,Penjualan,Pemasukan,12520374.0,Tunai,Penjualan
2371,2025-07-22,Investasi investor,Modal & Investasi,Pemasukan,81343722.0,Transfer Bank,Modal & Investasi
2372,2025-07-16,Kurir,Transportasi & Logistik,Pengeluaran,456135.0,Tunai,Transportasi & Logistik
2373,2025-08-11,Perawatan aset,Peralatan & Aset,Pengeluaran,3418732.0,Kartu Kredit,Peralatan & Aset
2374,2025-12-22,Pendapatan proyek,Penjualan,Pemasukan,19792805.0,Payment Gateway,Penjualan
2375,2025-08-28,DP dari pelanggan,Piutang,Pemasukan,1875025.0,Payment Gateway,Piutang
2376,2025-04-07,Pembayaran piutang pelanggan,Piutang,Pemasukan,14580205.0,Transfer Bank,Piutang
2377,2025-06-15,Pelunasan invoice,Piutang,Pemasukan,15183104.0,Payment Gateway,Piutang
2378,2025-06-24,Cicilan pelanggan,Piutang,Pemasukan,4100554.0,Payment Gateway,Piutang
2379,2024-07-11,Bunga pinjaman,Utang & Cicilan,Pengeluaran,3943239.0,Transfer Bank,Utang & Cicilan
2380,2024-12-09,Setoran modal pemilik,Modal & Investasi,Pemasukan,13205407.0,Transfer Bank,Modal & Investasi
2381,2024-06-16,Pembayaran piutang pelanggan,Piutang,Pemasukan,17702515.0,QRIS,Piutang
2382,2024-11-18,Investasi investor,Modal & Investasi,Pemasukan,104554316.0,Transfer Bank,Modal & Investasi
2383,2024-07-01,CRM subscription,Software & Langganan,Pengeluaran,2566346.0,E-Wallet,Software & Langganan
2384,2025-04-24,Pinjaman usaha,Modal & Investasi,Pemasukan,70147516.0,Transfer Bank,Modal & Investasi
2385,2024-11-27,Pelunasan invoice,Piutang,Pemasukan,20821840.0,QRIS,Piutang
2386,2025-12-14,Investasi investor,Modal & Investasi,Pemasukan,81197653.0,Transfer Bank,Modal & Investasi
2387,2025-01-12,Pelunasan invoice,Piutang,Pemasukan,13681388.0,Payment Gateway,Piutang
2388,2024-09-13,Penjualan jasa,Penjualan,Pemasukan,24177394.0,Tunai,Penjualan
2389,2024-10-26,Restock produk,Pembelian Stok,Pengeluaran,24026054.0,E-Wallet,Pembelian Stok
2390,2024-06-08,Penjualan jasa,Penjualan,Pemasukan,24481505.0,Transfer Bank,Penjualan
2391,2025-09-02,Sewa kendaraan,Transportasi & Logistik,Pengeluaran,4083565.0,Tunai,Transportasi & Logistik
2392,2024-10-12,Koreksi transaksi,Lain-lain,Pengeluaran,436119.0,Transfer Bank,Lain-lain
2393,2025-05-03,Biaya ekspedisi,Transportasi & Logistik,Pengeluaran,1787001.0,Kartu Debit,Transportasi & Logistik
2394,2025-08-11,Pembayaran piutang pelanggan,Piutang,Pemasukan,29824777.0,Transfer Bank,Piutang
2395,2026-03-19,Kebersihan kantor,Operasional Kantor,Pengeluaran,731837.0,Tunai,Operasional Kantor
2396,2025-09-12,DP dari pelanggan,Piutang,Pemasukan,12532081.0,Transfer Bank,Piutang
3018,2024-06-07,CRM subscription,Software & Langganan,Pengeluaran,855608.0,Kartu Kredit,Software & Langganan
2398,2024-08-29,Pendapatan toko offline,Penjualan,Pemasukan,2123146.0,QRIS,Penjualan
2399,2025-01-28,DP dari pelanggan,Piutang,Pemasukan,9291187.0,Transfer Bank,Piutang
2400,2024-10-29,Pendapatan toko offline,Penjualan,Pemasukan,1234210.0,Tunai,Penjualan
2401,2025-06-26,Listrik kantor,Operasional Kantor,Pengeluaran,925262.0,Kartu Kredit,Operasional Kantor
2402,2024-11-13,Pembayaran piutang pelanggan,Piutang,Pemasukan,21515726.0,Transfer Bank,Piutang
2403,2026-02-03,Tambahan modal operasional,Modal & Investasi,Pemasukan,2119799.0,Transfer Bank,Modal & Investasi
2404,2025-07-26,Investasi investor,Modal & Investasi,Pemasukan,120298221.0,Transfer Bank,Modal & Investasi
2405,2024-10-26,Reimbursement karyawan,Gaji & Karyawan,Pengeluaran,1688227.0,Transfer Bank,Gaji & Karyawan
2406,2025-11-05,Domain website,Software & Langganan,Pengeluaran,2268298.0,Kartu Kredit,Software & Langganan
2407,2024-11-25,Gaji karyawan,Gaji & Karyawan,Pengeluaran,10221231.0,Transfer Bank,Gaji & Karyawan
2408,2025-05-21,Penjualan jasa,Penjualan,Pemasukan,10209680.0,Tunai,Penjualan
2409,2024-06-27,ATK,Operasional Kantor,Pengeluaran,356961.0,Kartu Kredit,Operasional Kantor
2410,2025-08-28,Cicilan pelanggan,Piutang,Pemasukan,2326000.0,QRIS,Piutang
2411,2025-03-20,Uang lembur,Gaji & Karyawan,Pengeluaran,1381432.0,Transfer Bank,Gaji & Karyawan
2412,2026-01-23,Pembayaran utang supplier,Utang & Cicilan,Pengeluaran,25385345.0,Transfer Bank,Utang & Cicilan
2413,2024-10-13,Pelunasan invoice,Piutang,Pemasukan,9384056.0,Transfer Bank,Piutang
2414,2025-10-06,Biaya izin usaha,Pajak & Perizinan,Pengeluaran,1939235.0,Transfer Bank,Pajak & Perizinan
2415,2024-09-17,ATK,Operasional Kantor,Pengeluaran,669306.0,Kartu Kredit,Operasional Kantor
2416,2025-04-19,Penjualan produk,Penjualan,Pemasukan,1226203.0,Payment Gateway,Penjualan
2417,2024-06-14,Tambahan modal operasional,Modal & Investasi,Pemasukan,5472840.0,Transfer Bank,Modal & Investasi
2418,2025-05-28,Biaya admin bank,Biaya Bank,Pengeluaran,28398.0,E-Wallet,Biaya Bank
2419,2025-01-26,Cicilan pelanggan,Piutang,Pemasukan,2986256.0,QRIS,Piutang
2420,2025-10-02,Bunga pinjaman,Utang & Cicilan,Pengeluaran,1877896.0,Transfer Bank,Utang & Cicilan
2421,2026-05-01,Pembelian barang dagang,Pembelian Stok,Pengeluaran,1508008.0,Kartu Debit,Pembelian Stok
2422,2024-12-22,PPh,Pajak & Perizinan,Pengeluaran,36166277.0,Transfer Bank,Pajak & Perizinan
3019,2024-11-12,Pembelian bahan baku,Pembelian Stok,Pengeluaran,12955518.0,Transfer Bank,Pembelian Stok
2424,2024-11-15,Pinjaman usaha,Modal & Investasi,Pemasukan,22004855.0,Transfer Bank,Modal & Investasi
2425,2026-03-17,Bensin operasional,Transportasi & Logistik,Pengeluaran,581174.0,Tunai,Transportasi & Logistik
2426,2024-05-31,Listrik kantor,Operasional Kantor,Pengeluaran,994915.0,Transfer Bank,Operasional Kantor
2427,2024-08-21,Pembelian perlengkapan produksi,Pembelian Stok,Pengeluaran,1064265.0,E-Wallet,Pembelian Stok
2428,2025-12-13,Refund pelanggan,Lain-lain,Pengeluaran,1256526.0,Tunai,Lain-lain
2429,2024-11-06,Bensin operasional,Transportasi & Logistik,Pengeluaran,36498.0,Transfer Bank,Transportasi & Logistik
2430,2025-11-07,Biaya tarik tunai,Biaya Bank,Pengeluaran,41250.0,E-Wallet,Biaya Bank
2431,2026-05-21,Refund pelanggan,Lain-lain,Pengeluaran,2572182.0,Transfer Bank,Lain-lain
2432,2025-01-09,Cicilan pelanggan,Piutang,Pemasukan,1276562.0,QRIS,Piutang
2433,2024-06-08,Bonus karyawan,Gaji & Karyawan,Pengeluaran,7425263.0,Transfer Bank,Gaji & Karyawan
2434,2024-07-02,Cicilan pelanggan,Piutang,Pemasukan,2789776.0,QRIS,Piutang
2435,2026-03-31,Pembayaran piutang pelanggan,Piutang,Pemasukan,8226593.0,Payment Gateway,Piutang
2436,2024-09-29,Setoran modal pemilik,Modal & Investasi,Pemasukan,20770715.0,Transfer Bank,Modal & Investasi
2437,2025-07-20,Koreksi transaksi,Lain-lain,Pengeluaran,194354.0,Transfer Bank,Lain-lain
2438,2025-04-26,Pembayaran piutang pelanggan,Piutang,Pemasukan,7778115.0,Payment Gateway,Piutang
2439,2025-10-27,Hosting website,Software & Langganan,Pengeluaran,1710746.0,E-Wallet,Software & Langganan
2440,2025-12-24,BPJS Karyawan,Gaji & Karyawan,Pengeluaran,221297.0,Lainnya,Gaji & Karyawan
2441,2024-10-03,Penjualan produk,Penjualan,Pemasukan,1927314.0,QRIS,Penjualan
2442,2025-10-09,Pinjaman usaha,Modal & Investasi,Pemasukan,69199464.0,Transfer Bank,Modal & Investasi
2443,2025-03-22,PPN,Pajak & Perizinan,Pengeluaran,39447288.0,Transfer Bank,Pajak & Perizinan
2444,2024-12-21,PPh,Pajak & Perizinan,Pengeluaran,37300348.0,Transfer Bank,Pajak & Perizinan
2445,2025-10-23,Investasi investor,Modal & Investasi,Pemasukan,202974940.0,Transfer Bank,Modal & Investasi
2446,2026-04-27,Pelunasan kredit usaha,Utang & Cicilan,Pengeluaran,2821900.0,Transfer Bank,Utang & Cicilan
2447,2024-09-13,Pembayaran piutang pelanggan,Piutang,Pemasukan,28921400.0,QRIS,Piutang
2448,2024-07-31,Tambahan modal operasional,Modal & Investasi,Pemasukan,2498525.0,Transfer Bank,Modal & Investasi
2449,2025-10-07,Pelunasan invoice,Piutang,Pemasukan,15648209.0,Payment Gateway,Piutang
2450,2025-11-07,Sewa kendaraan,Transportasi & Logistik,Pengeluaran,336025.0,Transfer Bank,Transportasi & Logistik
2451,2026-03-20,Pendapatan proyek,Penjualan,Pemasukan,11216335.0,Tunai,Penjualan
2452,2024-12-05,Ongkos kirim,Transportasi & Logistik,Pengeluaran,1857700.0,Kartu Kredit,Transportasi & Logistik
2453,2026-01-21,Pembelian barang dagang,Pembelian Stok,Pengeluaran,12975757.0,Kartu Kredit,Pembelian Stok
2454,2024-10-05,Biaya izin usaha,Pajak & Perizinan,Pengeluaran,11841302.0,Transfer Bank,Pajak & Perizinan
2455,2024-11-21,Pembayaran piutang pelanggan,Piutang,Pemasukan,21904287.0,Payment Gateway,Piutang
2456,2025-08-02,Bensin operasional,Transportasi & Logistik,Pengeluaran,148223.0,Tunai,Transportasi & Logistik
2457,2025-05-01,Biaya tak terduga,Lain-lain,Pengeluaran,2530723.0,E-Wallet,Lain-lain
2458,2024-08-31,Pinjaman usaha,Modal & Investasi,Pemasukan,48635063.0,Transfer Bank,Modal & Investasi
2459,2024-07-13,Pendapatan toko offline,Penjualan,Pemasukan,1528241.0,Payment Gateway,Penjualan
2460,2024-10-19,Pinjaman usaha,Modal & Investasi,Pemasukan,51187183.0,Transfer Bank,Modal & Investasi
2461,2025-06-11,Pendapatan grosir,Penjualan,Pemasukan,3341684.0,E-Wallet,Penjualan
2462,2026-02-03,Bayar pajak usaha,Pajak & Perizinan,Pengeluaran,47161600.0,Transfer Bank,Pajak & Perizinan
2463,2024-11-24,Pembayaran piutang pelanggan,Piutang,Pemasukan,26553360.0,QRIS,Piutang
2464,2024-10-17,Biaya payment gateway,Biaya Bank,Pengeluaran,720220.0,Payment Gateway,Biaya Bank
2465,2025-11-26,Pendapatan marketplace,Penjualan,Pemasukan,1135122.0,Transfer Bank,Penjualan
2466,2025-01-04,Biaya transfer,Biaya Bank,Pengeluaran,31097.0,E-Wallet,Biaya Bank
2467,2026-05-16,Internet kantor,Operasional Kantor,Pengeluaran,1279894.0,Transfer Bank,Operasional Kantor
2468,2026-05-07,Cloud storage bisnis,Software & Langganan,Pengeluaran,1085668.0,Transfer Bank,Software & Langganan
2469,2026-05-03,Cicilan pelanggan,Piutang,Pemasukan,4712432.0,QRIS,Piutang
2470,2024-06-21,Pembayaran piutang pelanggan,Piutang,Pemasukan,23276322.0,Payment Gateway,Piutang
2471,2025-02-12,Cloud storage bisnis,Software & Langganan,Pengeluaran,2529263.0,Kartu Debit,Software & Langganan
2472,2025-09-01,Pendapatan grosir,Penjualan,Pemasukan,11934396.0,Payment Gateway,Penjualan
2473,2025-10-19,Pelunasan invoice,Piutang,Pemasukan,27814086.0,Payment Gateway,Piutang
2474,2025-02-14,Cicilan pelanggan,Piutang,Pemasukan,1324243.0,Transfer Bank,Piutang
2475,2024-09-13,Koreksi transaksi,Lain-lain,Pengeluaran,24874.0,Tunai,Lain-lain
2476,2024-10-14,Donasi perusahaan,Lain-lain,Pengeluaran,9081486.0,Transfer Bank,Lain-lain
2477,2024-07-11,Biaya payment gateway,Biaya Bank,Pengeluaran,924760.0,Transfer Bank,Biaya Bank
2478,2024-10-22,Penjualan produk,Penjualan,Pemasukan,1383435.0,E-Wallet,Penjualan
2479,2025-02-18,Pelunasan kredit usaha,Utang & Cicilan,Pengeluaran,1469105.0,Transfer Bank,Utang & Cicilan
2480,2024-06-01,Reimbursement karyawan,Gaji & Karyawan,Pengeluaran,530058.0,Transfer Bank,Gaji & Karyawan
2481,2026-03-07,Listrik kantor,Operasional Kantor,Pengeluaran,1329127.0,Tunai,Operasional Kantor
2482,2026-04-14,Pembayaran piutang pelanggan,Piutang,Pemasukan,19830063.0,Lainnya,Piutang
2483,2024-07-03,Biaya payment gateway,Biaya Bank,Pengeluaran,907978.0,Payment Gateway,Biaya Bank
2484,2026-02-23,Internet kantor,Operasional Kantor,Pengeluaran,1250057.0,Kartu Debit,Operasional Kantor
2485,2024-12-28,Penjualan produk,Penjualan,Pemasukan,1507248.0,QRIS,Penjualan
2486,2025-12-02,Selisih kas,Lain-lain,Pengeluaran,267014.0,Tunai,Lain-lain
2487,2026-05-12,Pelunasan invoice,Piutang,Pemasukan,24104232.0,Payment Gateway,Piutang
2488,2025-07-05,Pelunasan invoice,Piutang,Pemasukan,9009429.0,Payment Gateway,Piutang
2489,2025-04-05,Pelunasan invoice,Piutang,Pemasukan,19188943.0,QRIS,Piutang
2490,2025-04-03,Perawatan aset,Peralatan & Aset,Pengeluaran,1425756.0,Kartu Kredit,Peralatan & Aset
3020,2025-01-28,Pembelian bahan baku,Pembelian Stok,Pengeluaran,7726772.0,Transfer Bank,Pembelian Stok
2492,2024-08-16,Pelunasan invoice,Piutang,Pemasukan,15919397.0,Transfer Bank,Piutang
2493,2024-10-22,Cicilan pelanggan,Piutang,Pemasukan,1089420.0,QRIS,Piutang
2494,2024-10-08,Pendapatan toko offline,Penjualan,Pemasukan,891895.0,Transfer Bank,Penjualan
2495,2025-06-18,THR,Gaji & Karyawan,Pengeluaran,8563855.0,Transfer Bank,Gaji & Karyawan
2496,2025-09-25,Pendapatan proyek,Penjualan,Pemasukan,21663058.0,Kartu Debit,Penjualan
2497,2024-09-27,Investasi investor,Modal & Investasi,Pemasukan,71610177.0,Transfer Bank,Modal & Investasi
2498,2025-09-21,Pendapatan marketplace,Penjualan,Pemasukan,1838822.0,Kartu Debit,Penjualan
2499,2024-12-04,Bayar pajak usaha,Pajak & Perizinan,Pengeluaran,16737693.0,Transfer Bank,Pajak & Perizinan
2500,2026-03-08,Langganan software akuntansi,Software & Langganan,Pengeluaran,883335.0,E-Wallet,Software & Langganan
2501,2025-06-25,Pendapatan toko offline,Penjualan,Pemasukan,1988703.0,Tunai,Penjualan
2502,2024-06-07,Pembelian barang dagang,Pembelian Stok,Pengeluaran,8895342.0,Kartu Kredit,Pembelian Stok
2503,2025-02-24,Pendapatan grosir,Penjualan,Pemasukan,21467244.0,QRIS,Penjualan
2504,2024-11-07,Pembayaran piutang pelanggan,Piutang,Pemasukan,29235723.0,Payment Gateway,Piutang
2505,2025-04-14,Setoran modal pemilik,Modal & Investasi,Pemasukan,10681420.0,Transfer Bank,Modal & Investasi
2506,2025-11-26,THR,Gaji & Karyawan,Pengeluaran,1137831.0,Transfer Bank,Gaji & Karyawan
3021,2025-03-31,Koreksi transaksi,Lain-lain,Pengeluaran,334209.0,Tunai,Lain-lain
2508,2024-07-06,Biaya MDR kartu,Biaya Bank,Pengeluaran,281678.0,QRIS,Biaya Bank
2510,2026-03-20,Pembayaran piutang pelanggan,Piutang,Pemasukan,15098917.0,Payment Gateway,Piutang
2511,2024-11-29,Cloud storage bisnis,Software & Langganan,Pengeluaran,825838.0,Kartu Kredit,Software & Langganan
2512,2025-08-11,Setoran modal pemilik,Modal & Investasi,Pemasukan,24459359.0,Transfer Bank,Modal & Investasi
2513,2024-09-12,Pembelian mesin produksi,Peralatan & Aset,Pengeluaran,17347441.0,Transfer Bank,Peralatan & Aset
2514,2025-05-02,Pendapatan marketplace,Penjualan,Pemasukan,3470763.0,Payment Gateway,Penjualan
2515,2024-09-13,Investasi investor,Modal & Investasi,Pemasukan,81687559.0,Transfer Bank,Modal & Investasi
2516,2025-01-23,PPh,Pajak & Perizinan,Pengeluaran,42838411.0,Transfer Bank,Pajak & Perizinan
2517,2024-10-25,Selisih kas,Lain-lain,Pengeluaran,61039.0,E-Wallet,Lain-lain
2518,2026-03-11,Penjualan produk,Penjualan,Pemasukan,1925467.0,Tunai,Penjualan
2519,2024-10-12,Cicilan pinjaman usaha,Utang & Cicilan,Pengeluaran,15362587.0,Transfer Bank,Utang & Cicilan
2520,2025-12-30,DP dari pelanggan,Piutang,Pemasukan,2159892.0,Payment Gateway,Piutang
2521,2024-09-24,Cicilan pelanggan,Piutang,Pemasukan,2705152.0,Payment Gateway,Piutang
2522,2024-10-13,Tambahan modal operasional,Modal & Investasi,Pemasukan,6448181.0,Transfer Bank,Modal & Investasi
2523,2025-01-14,Pembayaran utang supplier,Utang & Cicilan,Pengeluaran,30359304.0,Transfer Bank,Utang & Cicilan
2524,2024-09-13,Investasi investor,Modal & Investasi,Pemasukan,29568432.0,Transfer Bank,Modal & Investasi
2525,2025-10-31,Cicilan pelanggan,Piutang,Pemasukan,960497.0,Payment Gateway,Piutang
2526,2025-07-04,Tambahan modal operasional,Modal & Investasi,Pemasukan,11975336.0,Transfer Bank,Modal & Investasi
2527,2026-05-10,Pembayaran utang supplier,Utang & Cicilan,Pengeluaran,45497582.0,Transfer Bank,Utang & Cicilan
3022,2026-04-23,Pendapatan marketplace,Penjualan,Pemasukan,3057307.0,Tunai,Penjualan
2529,2024-06-13,Pembelian bahan baku,Pembelian Stok,Pengeluaran,14590644.0,Tunai,Pembelian Stok
2530,2026-02-18,Cicilan pelanggan,Piutang,Pemasukan,2476188.0,Transfer Bank,Piutang
2531,2025-05-15,Cicilan pelanggan,Piutang,Pemasukan,4160708.0,Transfer Bank,Piutang
2532,2025-09-01,Event marketing,Marketing & Promosi,Pengeluaran,19221306.0,Kartu Kredit,Marketing & Promosi
2533,2024-07-01,Pendapatan marketplace,Penjualan,Pemasukan,3521837.0,Kartu Debit,Penjualan
2534,2025-07-29,Pembelian mesin produksi,Peralatan & Aset,Pengeluaran,22020913.0,Kartu Kredit,Peralatan & Aset
2535,2026-01-01,Pinjaman usaha,Modal & Investasi,Pemasukan,84647537.0,Transfer Bank,Modal & Investasi
2536,2026-02-10,THR,Gaji & Karyawan,Pengeluaran,4614407.0,Transfer Bank,Gaji & Karyawan
2537,2025-11-08,Pembayaran piutang pelanggan,Piutang,Pemasukan,22420561.0,Payment Gateway,Piutang
2538,2024-09-02,Biaya izin usaha,Pajak & Perizinan,Pengeluaran,10348776.0,Transfer Bank,Pajak & Perizinan
2539,2025-11-16,Parkir operasional,Transportasi & Logistik,Pengeluaran,111993.0,Transfer Bank,Transportasi & Logistik
2540,2026-01-29,Investasi investor,Modal & Investasi,Pemasukan,138285727.0,Transfer Bank,Modal & Investasi
2541,2025-01-28,Pelunasan kredit usaha,Utang & Cicilan,Pengeluaran,48971760.0,Transfer Bank,Utang & Cicilan
2542,2025-08-05,Langganan software akuntansi,Software & Langganan,Pengeluaran,1674076.0,Kartu Debit,Software & Langganan
2543,2026-02-08,DP dari pelanggan,Piutang,Pemasukan,5882926.0,Transfer Bank,Piutang
2544,2026-04-12,Pembelian printer,Peralatan & Aset,Pengeluaran,3123714.0,Kartu Kredit,Peralatan & Aset
2545,2025-02-09,Pendapatan grosir,Penjualan,Pemasukan,38740604.0,QRIS,Penjualan
2546,2026-02-23,Pendapatan proyek,Penjualan,Pemasukan,7014270.0,Transfer Bank,Penjualan
2547,2025-09-30,Pembayaran piutang pelanggan,Piutang,Pemasukan,23447482.0,Payment Gateway,Piutang
2548,2026-02-10,Gaji karyawan,Gaji & Karyawan,Pengeluaran,7688356.0,Transfer Bank,Gaji & Karyawan
2549,2026-04-21,Refund pelanggan,Lain-lain,Pengeluaran,4276614.0,E-Wallet,Lain-lain
2550,2025-09-21,Pelunasan invoice,Piutang,Pemasukan,18180729.0,QRIS,Piutang
2551,2024-09-02,Penjualan jasa,Penjualan,Pemasukan,4098908.0,QRIS,Penjualan
2552,2024-10-01,Influencer marketing,Marketing & Promosi,Pengeluaran,6477094.0,Kartu Debit,Marketing & Promosi
2553,2026-04-05,Pembelian printer,Peralatan & Aset,Pengeluaran,1187765.0,Transfer Bank,Peralatan & Aset
2554,2024-08-07,Internet kantor,Operasional Kantor,Pengeluaran,760338.0,Kartu Kredit,Operasional Kantor
2555,2025-11-24,THR,Gaji & Karyawan,Pengeluaran,9592643.0,Transfer Bank,Gaji & Karyawan
2556,2026-02-21,Biaya payment gateway,Biaya Bank,Pengeluaran,676923.0,Payment Gateway,Biaya Bank
2557,2026-01-12,Pembelian printer,Peralatan & Aset,Pengeluaran,5038201.0,Transfer Bank,Peralatan & Aset
2558,2026-04-19,Pembayaran utang supplier,Utang & Cicilan,Pengeluaran,26194805.0,Transfer Bank,Utang & Cicilan
2559,2025-11-12,Pendapatan proyek,Penjualan,Pemasukan,3637167.0,Transfer Bank,Penjualan
2560,2026-02-20,Pinjaman usaha,Modal & Investasi,Pemasukan,37333050.0,Transfer Bank,Modal & Investasi
2561,2025-07-13,Pendapatan toko offline,Penjualan,Pemasukan,2307030.0,Kartu Debit,Penjualan
2562,2025-09-24,Pembelian bahan baku,Pembelian Stok,Pengeluaran,9593161.0,Transfer Bank,Pembelian Stok
2563,2025-06-13,Investasi investor,Modal & Investasi,Pemasukan,213333727.0,Transfer Bank,Modal & Investasi
2564,2025-09-10,Tambahan modal operasional,Modal & Investasi,Pemasukan,17279424.0,Transfer Bank,Modal & Investasi
2565,2026-02-05,Pembayaran piutang pelanggan,Piutang,Pemasukan,15305947.0,QRIS,Piutang
2566,2024-09-26,Investasi investor,Modal & Investasi,Pemasukan,155588660.0,Transfer Bank,Modal & Investasi
2567,2026-02-19,Cicilan pinjaman usaha,Utang & Cicilan,Pengeluaran,13389974.0,Transfer Bank,Utang & Cicilan
2568,2025-01-01,Investasi investor,Modal & Investasi,Pemasukan,77849545.0,Transfer Bank,Modal & Investasi
2569,2026-04-25,Restock produk,Pembelian Stok,Pengeluaran,7997242.0,Tunai,Pembelian Stok
2570,2025-02-03,Perawatan aset,Peralatan & Aset,Pengeluaran,4344498.0,Transfer Bank,Peralatan & Aset
2571,2024-11-22,Bensin operasional,Transportasi & Logistik,Pengeluaran,569103.0,Transfer Bank,Transportasi & Logistik
2572,2026-04-05,Pembayaran utang supplier,Utang & Cicilan,Pengeluaran,43971274.0,Transfer Bank,Utang & Cicilan
2573,2024-10-06,Pembayaran utang supplier,Utang & Cicilan,Pengeluaran,5122484.0,Transfer Bank,Utang & Cicilan
2574,2024-07-07,Tools desain,Software & Langganan,Pengeluaran,1843625.0,Transfer Bank,Software & Langganan
2575,2024-07-08,Internet kantor,Operasional Kantor,Pengeluaran,296304.0,Transfer Bank,Operasional Kantor
2576,2026-01-29,Listrik kantor,Operasional Kantor,Pengeluaran,852605.0,Transfer Bank,Operasional Kantor
2577,2025-09-06,Biaya admin bank,Biaya Bank,Pengeluaran,16324.0,QRIS,Biaya Bank
2578,2025-04-22,Pinjaman usaha,Modal & Investasi,Pemasukan,68724166.0,Transfer Bank,Modal & Investasi
2579,2024-07-20,Pendapatan toko offline,Penjualan,Pemasukan,2174197.0,Transfer Bank,Penjualan
2580,2024-10-31,Penjualan produk,Penjualan,Pemasukan,1480161.0,QRIS,Penjualan
2581,2025-04-22,Investasi investor,Modal & Investasi,Pemasukan,106665429.0,Transfer Bank,Modal & Investasi
2582,2026-03-13,Pelunasan kredit usaha,Utang & Cicilan,Pengeluaran,13561486.0,Transfer Bank,Utang & Cicilan
2583,2024-12-12,Pendapatan toko offline,Penjualan,Pemasukan,346334.0,E-Wallet,Penjualan
2584,2025-05-28,Sewa kendaraan,Transportasi & Logistik,Pengeluaran,2085378.0,E-Wallet,Transportasi & Logistik
3023,2025-07-02,Biaya ekspedisi,Transportasi & Logistik,Pengeluaran,2014686.0,Kartu Debit,Transportasi & Logistik
2586,2026-03-25,Pendapatan grosir,Penjualan,Pemasukan,35735226.0,Kartu Debit,Penjualan
2587,2024-11-04,Pendapatan toko offline,Penjualan,Pemasukan,503265.0,Payment Gateway,Penjualan
2588,2025-09-07,Tools desain,Software & Langganan,Pengeluaran,1998689.0,Kartu Kredit,Software & Langganan
2589,2024-10-12,Pelunasan invoice,Piutang,Pemasukan,13794063.0,Payment Gateway,Piutang
2590,2025-12-22,Pelunasan kredit usaha,Utang & Cicilan,Pengeluaran,37706185.0,Transfer Bank,Utang & Cicilan
2591,2026-03-27,Penjualan produk,Penjualan,Pemasukan,1730366.0,Kartu Debit,Penjualan
2592,2026-05-03,Setoran modal pemilik,Modal & Investasi,Pemasukan,29192257.0,Transfer Bank,Modal & Investasi
2593,2026-01-09,Reimbursement karyawan,Gaji & Karyawan,Pengeluaran,661018.0,Transfer Bank,Gaji & Karyawan
2594,2025-03-13,Refund pelanggan,Lain-lain,Pengeluaran,4452140.0,Tunai,Lain-lain
2595,2025-07-19,Investasi investor,Modal & Investasi,Pemasukan,47440920.0,Transfer Bank,Modal & Investasi
2596,2025-03-02,Setoran modal pemilik,Modal & Investasi,Pemasukan,39009395.0,Transfer Bank,Modal & Investasi
2597,2024-12-25,Penjualan jasa,Penjualan,Pemasukan,3720114.0,Tunai,Penjualan
2598,2024-06-09,Tambahan modal operasional,Modal & Investasi,Pemasukan,9584058.0,Transfer Bank,Modal & Investasi
2599,2025-04-20,Pelunasan invoice,Piutang,Pemasukan,10265284.0,Transfer Bank,Piutang
2600,2025-05-26,Pelunasan invoice,Piutang,Pemasukan,26352163.0,Payment Gateway,Piutang
2601,2024-12-09,PPh,Pajak & Perizinan,Pengeluaran,2067303.0,Transfer Bank,Pajak & Perizinan
2602,2026-01-26,Pendapatan proyek,Penjualan,Pemasukan,8943254.0,Payment Gateway,Penjualan
2603,2024-06-14,Setoran modal pemilik,Modal & Investasi,Pemasukan,24805082.0,Transfer Bank,Modal & Investasi
2604,2025-05-17,Cicilan pelanggan,Piutang,Pemasukan,2698787.0,Transfer Bank,Piutang
2605,2025-07-03,Investasi investor,Modal & Investasi,Pemasukan,130348520.0,Transfer Bank,Modal & Investasi
2606,2024-09-27,Investasi investor,Modal & Investasi,Pemasukan,108015082.0,Transfer Bank,Modal & Investasi
2607,2025-05-25,Setoran modal pemilik,Modal & Investasi,Pemasukan,35433728.0,Transfer Bank,Modal & Investasi
2608,2025-02-19,Tambahan modal operasional,Modal & Investasi,Pemasukan,5664846.0,Transfer Bank,Modal & Investasi
2609,2026-02-06,Pelunasan invoice,Piutang,Pemasukan,17136747.0,Payment Gateway,Piutang
2610,2025-09-22,Pendapatan toko offline,Penjualan,Pemasukan,1528476.0,Kartu Debit,Penjualan
2611,2025-06-11,PPN,Pajak & Perizinan,Pengeluaran,26936545.0,Transfer Bank,Pajak & Perizinan
2612,2026-04-01,Pelunasan invoice,Piutang,Pemasukan,9883967.0,Transfer Bank,Piutang
2613,2024-07-27,Pendapatan grosir,Penjualan,Pemasukan,7790024.0,Tunai,Penjualan
2614,2025-08-18,Pembelian barang dagang,Pembelian Stok,Pengeluaran,2430319.0,E-Wallet,Pembelian Stok
2615,2024-11-30,Biaya MDR kartu,Biaya Bank,Pengeluaran,671713.0,Kartu Debit,Biaya Bank
2616,2025-02-23,Pelunasan invoice,Piutang,Pemasukan,27363855.0,Transfer Bank,Piutang
2617,2025-01-26,Bunga pinjaman,Utang & Cicilan,Pengeluaran,613590.0,Transfer Bank,Utang & Cicilan
2618,2026-03-05,Pendapatan proyek,Penjualan,Pemasukan,10009151.0,E-Wallet,Penjualan
2619,2025-10-13,Restock produk,Pembelian Stok,Pengeluaran,12414635.0,Lainnya,Pembelian Stok
2620,2026-03-06,PPh,Pajak & Perizinan,Pengeluaran,4184374.0,Transfer Bank,Pajak & Perizinan
2621,2024-08-14,Penjualan produk,Penjualan,Pemasukan,2437441.0,Kartu Debit,Penjualan
2622,2024-10-18,Pelunasan invoice,Piutang,Pemasukan,18119736.0,QRIS,Piutang
2623,2025-09-05,Cloud storage bisnis,Software & Langganan,Pengeluaran,544114.0,Kartu Debit,Software & Langganan
2624,2026-05-25,PPN,Pajak & Perizinan,Pengeluaran,33976972.0,Transfer Bank,Pajak & Perizinan
2625,2025-12-08,Pembayaran piutang pelanggan,Piutang,Pemasukan,19779028.0,Transfer Bank,Piutang
2626,2025-07-02,Setoran modal pemilik,Modal & Investasi,Pemasukan,42032367.0,Transfer Bank,Modal & Investasi
2627,2025-08-08,Cetak brosur,Marketing & Promosi,Pengeluaran,1667084.0,Kartu Kredit,Marketing & Promosi
2628,2025-12-30,DP dari pelanggan,Piutang,Pemasukan,3771948.0,QRIS,Piutang
2629,2026-03-26,Restock produk,Pembelian Stok,Pengeluaran,9059801.0,Kartu Debit,Pembelian Stok
2630,2025-09-27,Pembayaran utang supplier,Utang & Cicilan,Pengeluaran,6445688.0,Transfer Bank,Utang & Cicilan
2631,2024-07-21,Pembelian barang dagang,Pembelian Stok,Pengeluaran,12338352.0,Tunai,Pembelian Stok
2632,2025-11-26,Domain website,Software & Langganan,Pengeluaran,1620755.0,Kartu Kredit,Software & Langganan
2633,2025-12-17,Administrasi legal,Pajak & Perizinan,Pengeluaran,1837734.0,Transfer Bank,Pajak & Perizinan
2634,2025-11-02,Investasi investor,Modal & Investasi,Pemasukan,60929299.0,Transfer Bank,Modal & Investasi
2635,2025-01-11,Pinjaman usaha,Modal & Investasi,Pemasukan,74239161.0,Transfer Bank,Modal & Investasi
2636,2026-04-30,Biaya tarik tunai,Biaya Bank,Pengeluaran,47777.0,QRIS,Biaya Bank
2637,2024-10-10,Internet kantor,Operasional Kantor,Pengeluaran,1405850.0,Kartu Debit,Operasional Kantor
2638,2025-10-24,Langganan software akuntansi,Software & Langganan,Pengeluaran,186416.0,Kartu Debit,Software & Langganan
2639,2026-02-22,Donasi perusahaan,Lain-lain,Pengeluaran,9403594.0,Transfer Bank,Lain-lain
2640,2026-03-22,Pelunasan invoice,Piutang,Pemasukan,13582495.0,Payment Gateway,Piutang
2641,2024-05-31,Pelunasan invoice,Piutang,Pemasukan,7025790.0,Payment Gateway,Piutang
2642,2024-11-01,Pelunasan kredit usaha,Utang & Cicilan,Pengeluaran,29536206.0,Transfer Bank,Utang & Cicilan
2643,2026-01-17,Administrasi legal,Pajak & Perizinan,Pengeluaran,11063563.0,Transfer Bank,Pajak & Perizinan
2644,2025-07-28,Pembelian bahan baku,Pembelian Stok,Pengeluaran,7863310.0,Kartu Debit,Pembelian Stok
2645,2026-05-01,Pelunasan invoice,Piutang,Pemasukan,18898574.0,QRIS,Piutang
2646,2025-03-16,Pelunasan invoice,Piutang,Pemasukan,21238374.0,Payment Gateway,Piutang
2647,2024-08-29,Pendapatan proyek,Penjualan,Pemasukan,3649845.0,Tunai,Penjualan
2648,2025-10-21,Pembelian perlengkapan produksi,Pembelian Stok,Pengeluaran,9963701.0,Kartu Debit,Pembelian Stok
2649,2025-04-13,Tambahan modal operasional,Modal & Investasi,Pemasukan,10594012.0,Transfer Bank,Modal & Investasi
2650,2025-09-11,Pembelian perlengkapan produksi,Pembelian Stok,Pengeluaran,2856465.0,Kartu Debit,Pembelian Stok
2651,2025-08-10,Tambahan modal operasional,Modal & Investasi,Pemasukan,13367350.0,Transfer Bank,Modal & Investasi
2652,2025-01-01,Penjualan jasa,Penjualan,Pemasukan,20991259.0,Transfer Bank,Penjualan
2653,2024-12-12,Pembelian perlengkapan produksi,Pembelian Stok,Pengeluaran,335938.0,Kartu Debit,Pembelian Stok
2654,2024-12-15,Penjualan produk,Penjualan,Pemasukan,1378526.0,Transfer Bank,Penjualan
2655,2024-11-09,Pembayaran piutang pelanggan,Piutang,Pemasukan,17134932.0,QRIS,Piutang
2656,2024-07-08,Penjualan produk,Penjualan,Pemasukan,2431371.0,Kartu Debit,Penjualan
2657,2025-05-13,Pembelian mesin produksi,Peralatan & Aset,Pengeluaran,49605780.0,Kartu Debit,Peralatan & Aset
2658,2025-05-31,Pinjaman usaha,Modal & Investasi,Pemasukan,37059657.0,Transfer Bank,Modal & Investasi
2659,2025-03-28,Tambahan modal operasional,Modal & Investasi,Pemasukan,17115958.0,Transfer Bank,Modal & Investasi
2660,2024-12-13,Pelunasan invoice,Piutang,Pemasukan,4326646.0,QRIS,Piutang
2661,2024-08-10,Pendapatan marketplace,Penjualan,Pemasukan,4193822.0,Payment Gateway,Penjualan
2662,2025-08-23,Biaya tarik tunai,Biaya Bank,Pengeluaran,27443.0,Kartu Debit,Biaya Bank
2663,2026-01-25,Tambahan modal operasional,Modal & Investasi,Pemasukan,8958071.0,Transfer Bank,Modal & Investasi
2664,2024-10-14,Investasi investor,Modal & Investasi,Pemasukan,118527756.0,Transfer Bank,Modal & Investasi
2665,2024-07-25,Setoran modal pemilik,Modal & Investasi,Pemasukan,38432182.0,Transfer Bank,Modal & Investasi
2666,2026-05-21,Pembayaran piutang pelanggan,Piutang,Pemasukan,19644291.0,QRIS,Piutang
2667,2025-11-18,Pendapatan toko offline,Penjualan,Pemasukan,807120.0,Tunai,Penjualan
2668,2024-12-28,Pinjaman usaha,Modal & Investasi,Pemasukan,37010908.0,Transfer Bank,Modal & Investasi
2669,2024-07-06,Internet kantor,Operasional Kantor,Pengeluaran,793562.0,Kartu Debit,Operasional Kantor
2670,2025-01-25,Pelunasan invoice,Piutang,Pemasukan,28794296.0,QRIS,Piutang
2671,2025-05-16,Biaya tak terduga,Lain-lain,Pengeluaran,4792052.0,Tunai,Lain-lain
2672,2025-06-20,Internet kantor,Operasional Kantor,Pengeluaran,698349.0,Transfer Bank,Operasional Kantor
2673,2024-09-21,Biaya transfer,Biaya Bank,Pengeluaran,45526.0,Transfer Bank,Biaya Bank
2674,2025-10-16,Bunga pinjaman,Utang & Cicilan,Pengeluaran,4105516.0,Transfer Bank,Utang & Cicilan
2675,2024-08-12,Selisih kas,Lain-lain,Pengeluaran,267195.0,Tunai,Lain-lain
2676,2025-11-11,Setoran modal pemilik,Modal & Investasi,Pemasukan,44741404.0,Transfer Bank,Modal & Investasi
2677,2024-07-06,Cicilan pelanggan,Piutang,Pemasukan,1590408.0,Payment Gateway,Piutang
2678,2024-07-06,Pembelian laptop,Peralatan & Aset,Pengeluaran,40410812.0,Kartu Debit,Peralatan & Aset
2679,2024-11-24,DP dari pelanggan,Piutang,Pemasukan,14419934.0,Payment Gateway,Piutang
2680,2025-10-26,CRM subscription,Software & Langganan,Pengeluaran,178122.0,Kartu Kredit,Software & Langganan
2681,2025-01-21,Pembelian bahan baku,Pembelian Stok,Pengeluaran,19876485.0,Tunai,Pembelian Stok
2682,2025-12-14,Pendapatan grosir,Penjualan,Pemasukan,47877857.0,Kartu Debit,Penjualan
2683,2024-11-06,Pendapatan marketplace,Penjualan,Pemasukan,235406.0,Payment Gateway,Penjualan
2684,2025-01-10,Pendapatan proyek,Penjualan,Pemasukan,15190664.0,Transfer Bank,Penjualan
2685,2025-04-03,Pendapatan proyek,Penjualan,Pemasukan,1068223.0,Tunai,Penjualan
2686,2025-10-28,Cicilan pelanggan,Piutang,Pemasukan,264796.0,QRIS,Piutang
2687,2024-09-13,Bensin operasional,Transportasi & Logistik,Pengeluaran,559040.0,Kartu Debit,Transportasi & Logistik
2688,2025-06-01,Pelunasan kredit usaha,Utang & Cicilan,Pengeluaran,24230387.0,Transfer Bank,Utang & Cicilan
2689,2024-07-07,PPN,Pajak & Perizinan,Pengeluaran,16551999.0,Transfer Bank,Pajak & Perizinan
2690,2025-08-29,Pembayaran piutang pelanggan,Piutang,Pemasukan,26935543.0,Payment Gateway,Piutang
2691,2026-01-04,Pendapatan marketplace,Penjualan,Pemasukan,782651.0,Transfer Bank,Penjualan
2692,2026-05-10,Pendapatan marketplace,Penjualan,Pemasukan,3267765.0,Tunai,Penjualan
2693,2025-10-08,Pinjaman usaha,Modal & Investasi,Pemasukan,82066476.0,Transfer Bank,Modal & Investasi
2694,2025-10-26,Refund pelanggan,Lain-lain,Pengeluaran,639995.0,Transfer Bank,Lain-lain
2695,2024-07-30,Biaya izin usaha,Pajak & Perizinan,Pengeluaran,7780050.0,Transfer Bank,Pajak & Perizinan
2696,2024-09-01,Sewa kantor,Operasional Kantor,Pengeluaran,2032250.0,Kartu Kredit,Operasional Kantor
2697,2026-02-22,Refund pelanggan,Lain-lain,Pengeluaran,3731757.0,Transfer Bank,Lain-lain
2699,2026-02-28,Penjualan produk,Penjualan,Pemasukan,2364729.0,QRIS,Penjualan
2700,2024-10-27,Setoran modal pemilik,Modal & Investasi,Pemasukan,36070155.0,Transfer Bank,Modal & Investasi
2701,2024-07-10,Pembelian barang dagang,Pembelian Stok,Pengeluaran,10695491.0,Kartu Kredit,Pembelian Stok
2702,2025-09-16,Penjualan jasa,Penjualan,Pemasukan,11490582.0,Tunai,Penjualan
2703,2025-07-14,Sewa kendaraan,Transportasi & Logistik,Pengeluaran,582482.0,E-Wallet,Transportasi & Logistik
2704,2024-11-03,Pinjaman usaha,Modal & Investasi,Pemasukan,74598085.0,Transfer Bank,Modal & Investasi
2705,2025-06-02,Pelunasan invoice,Piutang,Pemasukan,28562062.0,Payment Gateway,Piutang
2706,2025-12-24,Investasi investor,Modal & Investasi,Pemasukan,120088067.0,Transfer Bank,Modal & Investasi
2707,2025-07-25,Tambahan modal operasional,Modal & Investasi,Pemasukan,16794939.0,Transfer Bank,Modal & Investasi
2708,2025-03-30,Biaya tak terduga,Lain-lain,Pengeluaran,3309731.0,Transfer Bank,Lain-lain
2709,2025-10-15,Cicilan pinjaman usaha,Utang & Cicilan,Pengeluaran,12201803.0,Transfer Bank,Utang & Cicilan
2710,2025-01-24,Setoran modal pemilik,Modal & Investasi,Pemasukan,23976001.0,Transfer Bank,Modal & Investasi
2711,2025-06-22,Tambahan modal operasional,Modal & Investasi,Pemasukan,2532409.0,Transfer Bank,Modal & Investasi
2712,2024-11-26,Pendapatan proyek,Penjualan,Pemasukan,14126645.0,E-Wallet,Penjualan
2714,2025-07-17,Biaya admin bank,Biaya Bank,Pengeluaran,12848.0,Transfer Bank,Biaya Bank
2715,2025-09-27,Biaya admin bank,Biaya Bank,Pengeluaran,39541.0,QRIS,Biaya Bank
2717,2024-11-23,Pendapatan proyek,Penjualan,Pemasukan,15090426.0,Tunai,Penjualan
2718,2026-01-10,Gaji karyawan,Gaji & Karyawan,Pengeluaran,6596295.0,Lainnya,Gaji & Karyawan
2719,2025-05-06,Biaya ekspedisi,Transportasi & Logistik,Pengeluaran,2538291.0,Tunai,Transportasi & Logistik
2720,2024-12-22,Pembayaran piutang pelanggan,Piutang,Pemasukan,13936152.0,QRIS,Piutang
2721,2025-08-27,Pembelian furniture kantor,Peralatan & Aset,Pengeluaran,11049202.0,Kartu Kredit,Peralatan & Aset
2722,2024-10-13,Penjualan jasa,Penjualan,Pemasukan,20758321.0,Payment Gateway,Penjualan
2723,2025-03-07,Listrik kantor,Operasional Kantor,Pengeluaran,1071033.0,Transfer Bank,Operasional Kantor
2724,2026-04-01,Pendapatan toko offline,Penjualan,Pemasukan,96616.0,Transfer Bank,Penjualan
2725,2024-10-02,Pelunasan invoice,Piutang,Pemasukan,10184636.0,Payment Gateway,Piutang
2726,2025-09-20,PPh,Pajak & Perizinan,Pengeluaran,43096794.0,Transfer Bank,Pajak & Perizinan
2727,2024-08-19,Reimbursement karyawan,Gaji & Karyawan,Pengeluaran,1356959.0,Transfer Bank,Gaji & Karyawan
2728,2025-11-28,Bonus karyawan,Gaji & Karyawan,Pengeluaran,2177587.0,Transfer Bank,Gaji & Karyawan
2729,2024-06-29,Investasi investor,Modal & Investasi,Pemasukan,140802633.0,Transfer Bank,Modal & Investasi
2730,2025-08-18,Tambahan modal operasional,Modal & Investasi,Pemasukan,19947570.0,Transfer Bank,Modal & Investasi
2731,2024-09-09,Pembelian printer,Peralatan & Aset,Pengeluaran,12856993.0,Kartu Kredit,Peralatan & Aset
2732,2025-08-28,Event marketing,Marketing & Promosi,Pengeluaran,8888472.0,Transfer Bank,Marketing & Promosi
2733,2025-11-01,Biaya ekspedisi,Transportasi & Logistik,Pengeluaran,2272457.0,Kartu Debit,Transportasi & Logistik
2734,2026-02-08,Administrasi legal,Pajak & Perizinan,Pengeluaran,3480903.0,Transfer Bank,Pajak & Perizinan
2735,2026-01-14,Pembelian perlengkapan produksi,Pembelian Stok,Pengeluaran,8666307.0,Transfer Bank,Pembelian Stok
2736,2025-11-24,Kebersihan kantor,Operasional Kantor,Pengeluaran,729590.0,Kartu Debit,Operasional Kantor
2737,2026-01-13,DP dari pelanggan,Piutang,Pemasukan,8746409.0,QRIS,Piutang
2738,2025-08-15,Pendapatan proyek,Penjualan,Pemasukan,21279336.0,Transfer Bank,Penjualan
2739,2026-02-07,THR,Gaji & Karyawan,Pengeluaran,9611927.0,Transfer Bank,Gaji & Karyawan
2740,2024-11-03,PPh,Pajak & Perizinan,Pengeluaran,48433358.0,Transfer Bank,Pajak & Perizinan
2741,2025-05-11,Pelunasan kredit usaha,Utang & Cicilan,Pengeluaran,5994364.0,Transfer Bank,Utang & Cicilan
2742,2024-08-25,Pembayaran piutang pelanggan,Piutang,Pemasukan,20641128.0,Payment Gateway,Piutang
2743,2025-01-24,Pendapatan marketplace,Penjualan,Pemasukan,1370514.0,QRIS,Penjualan
2744,2026-05-22,Ongkos kirim,Transportasi & Logistik,Pengeluaran,1106994.0,Kartu Debit,Transportasi & Logistik
2745,2025-11-15,Biaya ekspedisi,Transportasi & Logistik,Pengeluaran,531154.0,E-Wallet,Transportasi & Logistik
2746,2026-04-28,Pelunasan invoice,Piutang,Pemasukan,19919097.0,Transfer Bank,Piutang
2747,2025-05-12,Pembayaran piutang pelanggan,Piutang,Pemasukan,5426551.0,QRIS,Piutang
2748,2026-04-27,Listrik kantor,Operasional Kantor,Pengeluaran,281745.0,Kartu Kredit,Operasional Kantor
2749,2025-02-22,Langganan software akuntansi,Software & Langganan,Pengeluaran,1294023.0,Transfer Bank,Software & Langganan
2750,2025-12-31,THR,Gaji & Karyawan,Pengeluaran,4742094.0,Transfer Bank,Gaji & Karyawan
2751,2026-01-13,Konsultan pajak,Pajak & Perizinan,Pengeluaran,8881016.0,Transfer Bank,Pajak & Perizinan
2752,2025-11-03,Biaya ekspedisi,Transportasi & Logistik,Pengeluaran,2992864.0,E-Wallet,Transportasi & Logistik
2753,2025-07-25,Setoran modal pemilik,Modal & Investasi,Pemasukan,14181849.0,Transfer Bank,Modal & Investasi
2754,2025-09-11,Pembayaran piutang pelanggan,Piutang,Pemasukan,12564690.0,Payment Gateway,Piutang
2755,2025-04-25,Penjualan produk,Penjualan,Pemasukan,953414.0,Transfer Bank,Penjualan
2756,2026-01-16,Pembayaran piutang pelanggan,Piutang,Pemasukan,13762581.0,QRIS,Piutang
2757,2025-07-08,Donasi perusahaan,Lain-lain,Pengeluaran,5887343.0,Transfer Bank,Lain-lain
2758,2024-07-29,Setoran modal pemilik,Modal & Investasi,Pemasukan,17486471.0,Transfer Bank,Modal & Investasi
2759,2025-02-26,Cicilan pelanggan,Piutang,Pemasukan,1474821.0,QRIS,Piutang
2760,2025-01-30,Pelunasan invoice,Piutang,Pemasukan,26026723.0,QRIS,Piutang
2761,2024-11-12,Tambahan modal operasional,Modal & Investasi,Pemasukan,2613434.0,Transfer Bank,Modal & Investasi
2762,2025-07-31,Hosting website,Software & Langganan,Pengeluaran,371806.0,Kartu Debit,Software & Langganan
2763,2025-08-02,Penjualan produk,Penjualan,Pemasukan,2014474.0,E-Wallet,Penjualan
2764,2025-05-11,CRM subscription,Software & Langganan,Pengeluaran,701480.0,Kartu Kredit,Software & Langganan
2765,2026-04-02,Pembelian laptop,Peralatan & Aset,Pengeluaran,48824490.0,Transfer Bank,Peralatan & Aset
2766,2024-09-06,Pendapatan grosir,Penjualan,Pemasukan,25440243.0,Kartu Debit,Penjualan
2767,2025-09-22,Pelunasan invoice,Piutang,Pemasukan,2155778.0,Transfer Bank,Piutang
2768,2026-04-27,Pembelian barang dagang,Pembelian Stok,Pengeluaran,6732425.0,Tunai,Pembelian Stok
2769,2024-11-28,Restock produk,Pembelian Stok,Pengeluaran,4627876.0,Tunai,Pembelian Stok
2770,2024-07-01,Restock produk,Pembelian Stok,Pengeluaran,17333618.0,Kartu Kredit,Pembelian Stok
2771,2025-12-11,THR,Gaji & Karyawan,Pengeluaran,1770015.0,Transfer Bank,Gaji & Karyawan
2772,2025-12-31,Parkir operasional,Transportasi & Logistik,Pengeluaran,728330.0,Kartu Kredit,Transportasi & Logistik
2773,2025-06-25,Pinjaman usaha,Modal & Investasi,Pemasukan,95378990.0,Transfer Bank,Modal & Investasi
2774,2025-08-04,Listrik kantor,Operasional Kantor,Pengeluaran,232197.0,Tunai,Operasional Kantor
2775,2026-03-27,Domain website,Software & Langganan,Pengeluaran,1703286.0,Kartu Debit,Software & Langganan
2776,2025-03-30,Tambahan modal operasional,Modal & Investasi,Pemasukan,17827557.0,Transfer Bank,Modal & Investasi
2777,2026-01-02,Pembayaran piutang pelanggan,Piutang,Pemasukan,9154504.0,Transfer Bank,Piutang
2778,2025-06-15,Bunga pinjaman,Utang & Cicilan,Pengeluaran,1428036.0,Transfer Bank,Utang & Cicilan
2779,2024-11-05,Pembelian printer,Peralatan & Aset,Pengeluaran,5522485.0,Kartu Kredit,Peralatan & Aset
2780,2025-05-02,Kebersihan kantor,Operasional Kantor,Pengeluaran,970750.0,Tunai,Operasional Kantor
2781,2025-02-13,Pelunasan kredit usaha,Utang & Cicilan,Pengeluaran,45669904.0,Transfer Bank,Utang & Cicilan
2782,2025-04-16,Pembayaran piutang pelanggan,Piutang,Pemasukan,27957191.0,Transfer Bank,Piutang
2783,2025-02-22,Pembayaran utang supplier,Utang & Cicilan,Pengeluaran,47444143.0,Transfer Bank,Utang & Cicilan
2784,2024-10-19,Penjualan produk,Penjualan,Pemasukan,2199785.0,Tunai,Penjualan
2785,2025-12-25,Pelunasan invoice,Piutang,Pemasukan,18410880.0,Transfer Bank,Piutang
2786,2024-10-07,THR,Gaji & Karyawan,Pengeluaran,9010742.0,Transfer Bank,Gaji & Karyawan
2787,2026-04-07,Pendapatan grosir,Penjualan,Pemasukan,6067252.0,QRIS,Penjualan
2788,2026-04-28,Langganan software akuntansi,Software & Langganan,Pengeluaran,2038353.0,Kartu Kredit,Software & Langganan
2789,2026-04-06,PPN,Pajak & Perizinan,Pengeluaran,3482966.0,Transfer Bank,Pajak & Perizinan
2790,2025-01-23,Pelunasan invoice,Piutang,Pemasukan,20704169.0,Transfer Bank,Piutang
2791,2024-09-05,Pendapatan marketplace,Penjualan,Pemasukan,4203370.0,Kartu Debit,Penjualan
2792,2026-04-20,Cloud storage bisnis,Software & Langganan,Pengeluaran,1140390.0,Kartu Kredit,Software & Langganan
2793,2025-01-05,Investasi investor,Modal & Investasi,Pemasukan,240943041.0,Transfer Bank,Modal & Investasi
2794,2025-11-08,Refund pelanggan,Lain-lain,Pengeluaran,4477027.0,Tunai,Lain-lain
2795,2025-02-24,Cicilan pinjaman usaha,Utang & Cicilan,Pengeluaran,16429338.0,Transfer Bank,Utang & Cicilan
2796,2025-11-03,Tambahan modal operasional,Modal & Investasi,Pemasukan,15792951.0,Transfer Bank,Modal & Investasi
2797,2025-07-25,Biaya payment gateway,Biaya Bank,Pengeluaran,118636.0,QRIS,Biaya Bank
2798,2026-01-21,Pendapatan grosir,Penjualan,Pemasukan,36270486.0,E-Wallet,Penjualan
2799,2026-01-26,Pembayaran piutang pelanggan,Piutang,Pemasukan,19931473.0,QRIS,Piutang
2800,2026-05-01,Penjualan produk,Penjualan,Pemasukan,141463.0,Tunai,Penjualan
2801,2025-11-11,Pendapatan proyek,Penjualan,Pemasukan,15545309.0,Tunai,Penjualan
2802,2024-11-18,Penjualan jasa,Penjualan,Pemasukan,21842843.0,Payment Gateway,Penjualan
2803,2025-05-17,Penjualan jasa,Penjualan,Pemasukan,1987266.0,Payment Gateway,Penjualan
2804,2024-07-02,Bayar pajak usaha,Pajak & Perizinan,Pengeluaran,5995300.0,Transfer Bank,Pajak & Perizinan
2805,2025-05-26,Setoran modal pemilik,Modal & Investasi,Pemasukan,24716244.0,Transfer Bank,Modal & Investasi
2806,2026-02-07,Biaya transfer,Biaya Bank,Pengeluaran,11711.0,Kartu Debit,Biaya Bank
2807,2024-07-26,Domain website,Software & Langganan,Pengeluaran,456024.0,Transfer Bank,Software & Langganan
2808,2026-05-15,Cicilan pinjaman usaha,Utang & Cicilan,Pengeluaran,12057950.0,Transfer Bank,Utang & Cicilan
2809,2025-01-20,DP dari pelanggan,Piutang,Pemasukan,5100972.0,QRIS,Piutang
2810,2024-05-30,Perawatan aset,Peralatan & Aset,Pengeluaran,2286392.0,Kartu Debit,Peralatan & Aset
2811,2024-12-31,Setoran modal pemilik,Modal & Investasi,Pemasukan,30799633.0,Transfer Bank,Modal & Investasi
2812,2025-09-11,Iklan online,Marketing & Promosi,Pengeluaran,14865615.0,E-Wallet,Marketing & Promosi
2813,2025-12-14,Bonus karyawan,Gaji & Karyawan,Pengeluaran,4644588.0,Transfer Bank,Gaji & Karyawan
2815,2026-02-09,Cicilan pinjaman usaha,Utang & Cicilan,Pengeluaran,14247654.0,Transfer Bank,Utang & Cicilan
2816,2025-05-04,Hosting website,Software & Langganan,Pengeluaran,2075396.0,Kartu Debit,Software & Langganan
2817,2024-12-20,Refund pelanggan,Lain-lain,Pengeluaran,209523.0,Tunai,Lain-lain
2818,2025-02-24,Setoran modal pemilik,Modal & Investasi,Pemasukan,23451198.0,Transfer Bank,Modal & Investasi
2819,2025-07-31,Sewa kendaraan,Transportasi & Logistik,Pengeluaran,2996115.0,Transfer Bank,Transportasi & Logistik
2820,2024-06-24,Cetak brosur,Marketing & Promosi,Pengeluaran,4868359.0,Kartu Debit,Marketing & Promosi
2821,2024-09-28,THR,Gaji & Karyawan,Pengeluaran,5765954.0,Transfer Bank,Gaji & Karyawan
2823,2025-09-15,Bensin operasional,Transportasi & Logistik,Pengeluaran,726002.0,Tunai,Transportasi & Logistik
2824,2024-09-06,Pendapatan proyek,Penjualan,Pemasukan,9669181.0,E-Wallet,Penjualan
2825,2025-04-19,Pendapatan marketplace,Penjualan,Pemasukan,2362180.0,Payment Gateway,Penjualan
2826,2024-07-26,Administrasi legal,Pajak & Perizinan,Pengeluaran,2802857.0,Transfer Bank,Pajak & Perizinan
2827,2026-01-14,Bunga pinjaman,Utang & Cicilan,Pengeluaran,2517922.0,Transfer Bank,Utang & Cicilan
2829,2026-05-21,Cicilan pelanggan,Piutang,Pemasukan,2264054.0,Payment Gateway,Piutang
2830,2024-06-05,Pendapatan grosir,Penjualan,Pemasukan,40754914.0,Tunai,Penjualan
2831,2025-10-02,Pendapatan grosir,Penjualan,Pemasukan,8932661.0,Transfer Bank,Penjualan
2832,2024-09-09,Tambahan modal operasional,Modal & Investasi,Pemasukan,8718129.0,Transfer Bank,Modal & Investasi
2833,2026-04-23,Investasi investor,Modal & Investasi,Pemasukan,92619798.0,Transfer Bank,Modal & Investasi
2834,2025-05-17,Investasi investor,Modal & Investasi,Pemasukan,112310160.0,Transfer Bank,Modal & Investasi
2835,2025-01-18,Pembelian mesin produksi,Peralatan & Aset,Pengeluaran,13739271.0,Transfer Bank,Peralatan & Aset
3024,2025-02-26,Pelunasan invoice,Piutang,Pemasukan,24999497.0,Transfer Bank,Piutang
2837,2024-12-23,Hosting website,Software & Langganan,Pengeluaran,2185801.0,Kartu Debit,Software & Langganan
2838,2025-04-28,Sewa kantor,Operasional Kantor,Pengeluaran,2472247.0,Kartu Kredit,Operasional Kantor
2839,2025-06-09,PPN,Pajak & Perizinan,Pengeluaran,43101504.0,Transfer Bank,Pajak & Perizinan
2841,2024-05-27,Ongkos kirim,Transportasi & Logistik,Pengeluaran,1616237.0,Kartu Kredit,Transportasi & Logistik
2843,2024-12-26,Pembelian bahan baku,Pembelian Stok,Pengeluaran,18567189.0,Tunai,Pembelian Stok
2844,2025-01-19,Pembelian bahan baku,Pembelian Stok,Pengeluaran,10188643.0,Kartu Debit,Pembelian Stok
2845,2025-08-30,Setoran modal pemilik,Modal & Investasi,Pemasukan,39093662.0,Transfer Bank,Modal & Investasi
2846,2025-10-15,Ongkos kirim,Transportasi & Logistik,Pengeluaran,377262.0,Kartu Debit,Transportasi & Logistik
2847,2026-05-10,Pembayaran utang supplier,Utang & Cicilan,Pengeluaran,11716397.0,Transfer Bank,Utang & Cicilan
2848,2025-04-22,Event marketing,Marketing & Promosi,Pengeluaran,10912629.0,E-Wallet,Marketing & Promosi
2849,2025-12-19,Investasi investor,Modal & Investasi,Pemasukan,213720064.0,Transfer Bank,Modal & Investasi
2850,2025-09-27,Pendapatan marketplace,Penjualan,Pemasukan,1684529.0,E-Wallet,Penjualan
2851,2025-03-09,Investasi investor,Modal & Investasi,Pemasukan,46778132.0,Transfer Bank,Modal & Investasi
2852,2025-09-11,Investasi investor,Modal & Investasi,Pemasukan,28125660.0,Transfer Bank,Modal & Investasi
2853,2024-10-17,Bonus karyawan,Gaji & Karyawan,Pengeluaran,4743055.0,Transfer Bank,Gaji & Karyawan
2854,2026-05-11,Refund pelanggan,Lain-lain,Pengeluaran,1121607.0,Transfer Bank,Lain-lain
2855,2026-05-05,Tambahan modal operasional,Modal & Investasi,Pemasukan,8446850.0,Transfer Bank,Modal & Investasi
2856,2024-08-16,Pendapatan marketplace,Penjualan,Pemasukan,2998728.0,Kartu Debit,Penjualan
2857,2025-11-10,Pendapatan toko offline,Penjualan,Pemasukan,2290077.0,Tunai,Penjualan
2858,2026-01-04,Investasi investor,Modal & Investasi,Pemasukan,193824411.0,Transfer Bank,Modal & Investasi
2859,2025-09-05,Pelunasan invoice,Piutang,Pemasukan,10043518.0,Payment Gateway,Piutang
2860,2025-02-15,Pembelian printer,Peralatan & Aset,Pengeluaran,8481027.0,Kartu Debit,Peralatan & Aset
2861,2026-04-23,Cicilan pelanggan,Piutang,Pemasukan,2047992.0,Transfer Bank,Piutang
2862,2024-11-16,Pendapatan marketplace,Penjualan,Pemasukan,3946290.0,Transfer Bank,Penjualan
2863,2026-01-18,Pembelian furniture kantor,Peralatan & Aset,Pengeluaran,8776066.0,Kartu Kredit,Peralatan & Aset
2864,2026-03-01,Pembayaran piutang pelanggan,Piutang,Pemasukan,24953349.0,QRIS,Piutang
2865,2024-10-01,Biaya izin usaha,Pajak & Perizinan,Pengeluaran,2779620.0,Transfer Bank,Pajak & Perizinan
2866,2025-11-23,Langganan software akuntansi,Software & Langganan,Pengeluaran,2326470.0,Transfer Bank,Software & Langganan
2867,2025-09-03,Sewa kantor,Operasional Kantor,Pengeluaran,3356467.0,Transfer Bank,Operasional Kantor
2868,2025-08-24,Setoran modal pemilik,Modal & Investasi,Pemasukan,18949086.0,Transfer Bank,Modal & Investasi
2869,2025-05-28,Langganan software akuntansi,Software & Langganan,Pengeluaran,1608158.0,E-Wallet,Software & Langganan
2870,2025-02-07,Biaya tarik tunai,Biaya Bank,Pengeluaran,43138.0,Kartu Debit,Biaya Bank
2871,2025-02-11,Hosting website,Software & Langganan,Pengeluaran,834080.0,Kartu Kredit,Software & Langganan
2872,2025-01-09,DP dari pelanggan,Piutang,Pemasukan,9200480.0,QRIS,Piutang
2873,2025-11-16,Investasi investor,Modal & Investasi,Pemasukan,82084222.0,Transfer Bank,Modal & Investasi
2874,2025-08-20,ATK,Operasional Kantor,Pengeluaran,342440.0,Kartu Debit,Operasional Kantor
2875,2026-03-29,Investasi investor,Modal & Investasi,Pemasukan,149244273.0,Transfer Bank,Modal & Investasi
2877,2025-09-15,Pendapatan toko offline,Penjualan,Pemasukan,1093089.0,QRIS,Penjualan
2878,2025-08-06,DP dari pelanggan,Piutang,Pemasukan,8746409.0,Transfer Bank,Piutang
2879,2025-05-18,Setoran modal pemilik,Modal & Investasi,Pemasukan,9183138.0,Transfer Bank,Modal & Investasi
2880,2025-05-25,Pembelian perlengkapan produksi,Pembelian Stok,Pengeluaran,9897973.0,Tunai,Pembelian Stok
2881,2025-12-07,Pembayaran piutang pelanggan,Piutang,Pemasukan,5323835.0,Payment Gateway,Piutang
2882,2025-12-13,Penjualan jasa,Penjualan,Pemasukan,16579394.0,Kartu Debit,Penjualan
2883,2024-07-17,Penjualan jasa,Penjualan,Pemasukan,18096667.0,Payment Gateway,Penjualan
2884,2025-06-28,Cloud storage bisnis,Software & Langganan,Pengeluaran,1402754.0,E-Wallet,Software & Langganan
2885,2025-08-11,Koreksi transaksi,Lain-lain,Pengeluaran,422499.0,E-Wallet,Lain-lain
2886,2025-07-31,Pendapatan toko offline,Penjualan,Pemasukan,367900.0,QRIS,Penjualan
2887,2026-03-21,Investasi investor,Modal & Investasi,Pemasukan,175501960.0,Transfer Bank,Modal & Investasi
2888,2024-06-18,Pelunasan invoice,Piutang,Pemasukan,9322317.0,Payment Gateway,Piutang
2889,2025-09-09,Biaya payment gateway,Biaya Bank,Pengeluaran,177748.0,Transfer Bank,Biaya Bank
2890,2026-02-28,CRM subscription,Software & Langganan,Pengeluaran,755072.0,Kartu Debit,Software & Langganan
2891,2025-03-02,Pendapatan proyek,Penjualan,Pemasukan,19999719.0,Tunai,Penjualan
3025,2025-12-10,Pendapatan marketplace,Penjualan,Pemasukan,235992.0,Payment Gateway,Penjualan
2893,2025-06-30,Biaya ekspedisi,Transportasi & Logistik,Pengeluaran,53987.0,E-Wallet,Transportasi & Logistik
2894,2024-09-23,Bonus karyawan,Gaji & Karyawan,Pengeluaran,7107105.0,Transfer Bank,Gaji & Karyawan
2895,2025-09-08,Setoran modal pemilik,Modal & Investasi,Pemasukan,17075729.0,Transfer Bank,Modal & Investasi
2896,2025-12-14,Biaya ekspedisi,Transportasi & Logistik,Pengeluaran,1754881.0,Kartu Debit,Transportasi & Logistik
2897,2026-04-17,CRM subscription,Software & Langganan,Pengeluaran,102724.0,Transfer Bank,Software & Langganan
2898,2024-08-26,Pembayaran piutang pelanggan,Piutang,Pemasukan,2807759.0,Transfer Bank,Piutang
2899,2025-06-14,Pendapatan toko offline,Penjualan,Pemasukan,769394.0,Payment Gateway,Penjualan
2900,2026-03-04,Refund pelanggan,Lain-lain,Pengeluaran,1368828.0,Transfer Bank,Lain-lain
2901,2024-11-28,Pembelian perlengkapan produksi,Pembelian Stok,Pengeluaran,8715015.0,Transfer Bank,Pembelian Stok
2902,2026-02-28,DP dari pelanggan,Piutang,Pemasukan,6373601.0,Payment Gateway,Piutang
2903,2026-03-14,Biaya endorsement,Marketing & Promosi,Pengeluaran,4185051.0,Kartu Debit,Marketing & Promosi
2904,2026-01-05,BPJS Karyawan,Gaji & Karyawan,Pengeluaran,560811.0,Transfer Bank,Gaji & Karyawan
2905,2025-02-19,Pembelian furniture kantor,Peralatan & Aset,Pengeluaran,14581216.0,Kartu Debit,Peralatan & Aset
2906,2025-02-05,Pendapatan proyek,Penjualan,Pemasukan,14409815.0,E-Wallet,Penjualan
2907,2025-06-06,Pembayaran piutang pelanggan,Piutang,Pemasukan,29756019.0,Transfer Bank,Piutang
2908,2024-08-17,Biaya payment gateway,Biaya Bank,Pengeluaran,301439.0,QRIS,Biaya Bank
2909,2025-09-30,Pelunasan invoice,Piutang,Pemasukan,18660165.0,Payment Gateway,Piutang
2910,2024-12-22,Pendapatan toko offline,Penjualan,Pemasukan,442687.0,Payment Gateway,Penjualan
2911,2026-05-22,Penjualan produk,Penjualan,Pemasukan,851190.0,Tunai,Penjualan
2912,2024-08-26,Parkir operasional,Transportasi & Logistik,Pengeluaran,67544.0,E-Wallet,Transportasi & Logistik
2913,2026-02-09,ATK,Operasional Kantor,Pengeluaran,296013.0,Kartu Kredit,Operasional Kantor
2914,2024-06-17,Setoran modal pemilik,Modal & Investasi,Pemasukan,18780958.0,Transfer Bank,Modal & Investasi
2915,2024-11-15,Refund pelanggan,Lain-lain,Pengeluaran,4580709.0,E-Wallet,Lain-lain
2916,2025-11-12,Investasi investor,Modal & Investasi,Pemasukan,229099560.0,Transfer Bank,Modal & Investasi
2917,2025-12-29,Refund pelanggan,Lain-lain,Pengeluaran,1718395.0,E-Wallet,Lain-lain
2920,2026-04-08,Penjualan jasa,Penjualan,Pemasukan,16310648.0,Transfer Bank,Penjualan
2921,2025-02-13,Refund pelanggan,Lain-lain,Pengeluaran,392071.0,Tunai,Lain-lain
2922,2025-03-21,Penjualan produk,Penjualan,Pemasukan,1365714.0,Payment Gateway,Penjualan
2923,2025-11-02,Reimbursement karyawan,Gaji & Karyawan,Pengeluaran,1965564.0,Transfer Bank,Gaji & Karyawan
2924,2025-01-23,Setoran modal pemilik,Modal & Investasi,Pemasukan,26208229.0,Transfer Bank,Modal & Investasi
2925,2025-12-31,Influencer marketing,Marketing & Promosi,Pengeluaran,4835913.0,Transfer Bank,Marketing & Promosi
2926,2025-03-23,DP dari pelanggan,Piutang,Pemasukan,14205178.0,Transfer Bank,Piutang
2927,2024-08-21,Pembelian barang dagang,Pembelian Stok,Pengeluaran,17542217.0,E-Wallet,Pembelian Stok
2928,2025-10-04,Pelunasan invoice,Piutang,Pemasukan,17998652.0,QRIS,Piutang
2929,2024-06-18,Koreksi transaksi,Lain-lain,Pengeluaran,486829.0,Tunai,Lain-lain
2930,2024-09-08,Pembayaran piutang pelanggan,Piutang,Pemasukan,19782521.0,Transfer Bank,Piutang
2931,2025-07-22,Penjualan jasa,Penjualan,Pemasukan,14900023.0,Payment Gateway,Penjualan
2932,2024-12-11,Donasi perusahaan,Lain-lain,Pengeluaran,9179110.0,Transfer Bank,Lain-lain
2933,2026-05-09,Pendapatan toko offline,Penjualan,Pemasukan,2070211.0,Payment Gateway,Penjualan
2934,2025-02-04,Pendapatan toko offline,Penjualan,Pemasukan,933116.0,QRIS,Penjualan
2935,2026-01-11,Pelunasan invoice,Piutang,Pemasukan,23197518.0,Lainnya,Piutang
2936,2024-12-13,Refund pelanggan,Lain-lain,Pengeluaran,4116605.0,Transfer Bank,Lain-lain
2937,2024-12-11,Bayar pajak usaha,Pajak & Perizinan,Pengeluaran,32881637.0,Transfer Bank,Pajak & Perizinan
2938,2026-01-21,Setoran modal pemilik,Modal & Investasi,Pemasukan,47126791.0,Transfer Bank,Modal & Investasi
2939,2024-11-07,Pinjaman usaha,Modal & Investasi,Pemasukan,54318747.0,Transfer Bank,Modal & Investasi
2940,2025-03-02,Tambahan modal operasional,Modal & Investasi,Pemasukan,12069746.0,Transfer Bank,Modal & Investasi
2941,2026-04-27,Pembelian barang dagang,Pembelian Stok,Pengeluaran,17624311.0,Kartu Kredit,Pembelian Stok
2942,2025-06-30,DP dari pelanggan,Piutang,Pemasukan,14031536.0,Payment Gateway,Piutang
2943,2024-11-23,DP dari pelanggan,Piutang,Pemasukan,12858275.0,Payment Gateway,Piutang
2944,2025-08-25,Pinjaman usaha,Modal & Investasi,Pemasukan,73870542.0,Transfer Bank,Modal & Investasi
2945,2026-02-15,Setoran modal pemilik,Modal & Investasi,Pemasukan,28704694.0,Transfer Bank,Modal & Investasi
2946,2024-10-16,Biaya tak terduga,Lain-lain,Pengeluaran,1168751.0,E-Wallet,Lain-lain
2947,2025-03-11,THR,Gaji & Karyawan,Pengeluaran,8853079.0,Transfer Bank,Gaji & Karyawan
2948,2025-07-24,Pelunasan invoice,Piutang,Pemasukan,4851786.0,Transfer Bank,Piutang
2949,2026-03-02,Setoran modal pemilik,Modal & Investasi,Pemasukan,48304624.0,Transfer Bank,Modal & Investasi
2950,2026-04-29,Gaji karyawan,Gaji & Karyawan,Pengeluaran,13633513.0,Transfer Bank,Gaji & Karyawan
2951,2025-01-05,PPN,Pajak & Perizinan,Pengeluaran,20672644.0,Transfer Bank,Pajak & Perizinan
2952,2025-10-10,Cloud storage bisnis,Software & Langganan,Pengeluaran,650840.0,Transfer Bank,Software & Langganan
2953,2026-04-12,Pendapatan proyek,Penjualan,Pemasukan,21633038.0,Kartu Debit,Penjualan
2954,2024-07-16,DP dari pelanggan,Piutang,Pemasukan,5121280.0,Payment Gateway,Piutang
2955,2024-06-02,Pelunasan invoice,Piutang,Pemasukan,15405369.0,QRIS,Piutang
2956,2025-03-31,Pendapatan marketplace,Penjualan,Pemasukan,3217897.0,Lainnya,Penjualan
2957,2025-07-13,Pembayaran piutang pelanggan,Piutang,Pemasukan,21378058.0,Transfer Bank,Piutang
2958,2025-11-13,Pendapatan proyek,Penjualan,Pemasukan,6266679.0,QRIS,Penjualan
2959,2025-01-19,BPJS Karyawan,Gaji & Karyawan,Pengeluaran,1153145.0,Transfer Bank,Gaji & Karyawan
2960,2026-01-05,Sewa kendaraan,Transportasi & Logistik,Pengeluaran,3589068.0,Transfer Bank,Transportasi & Logistik
2961,2026-05-05,Pendapatan toko offline,Penjualan,Pemasukan,913258.0,E-Wallet,Penjualan
2962,2025-03-24,Penjualan produk,Penjualan,Pemasukan,2034129.0,E-Wallet,Penjualan
2963,2024-07-14,DP dari pelanggan,Piutang,Pemasukan,8517990.0,Payment Gateway,Piutang
2964,2024-06-14,Cicilan pinjaman usaha,Utang & Cicilan,Pengeluaran,15325711.0,Transfer Bank,Utang & Cicilan
2965,2025-04-12,Administrasi legal,Pajak & Perizinan,Pengeluaran,7503749.0,Transfer Bank,Pajak & Perizinan
2966,2024-06-17,Bayar pajak usaha,Pajak & Perizinan,Pengeluaran,34389848.0,Transfer Bank,Pajak & Perizinan
2967,2025-05-03,Langganan software akuntansi,Software & Langganan,Pengeluaran,1771883.0,Transfer Bank,Software & Langganan
2968,2024-10-07,Investasi investor,Modal & Investasi,Pemasukan,228365545.0,Transfer Bank,Modal & Investasi
2969,2024-08-02,DP dari pelanggan,Piutang,Pemasukan,13397513.0,QRIS,Piutang
2970,2024-10-16,Biaya admin bank,Biaya Bank,Pengeluaran,28833.0,QRIS,Biaya Bank
2971,2025-08-25,DP dari pelanggan,Piutang,Pemasukan,14408186.0,QRIS,Piutang
2972,2024-07-11,Cicilan pelanggan,Piutang,Pemasukan,4830257.0,QRIS,Piutang
2973,2024-07-24,Domain website,Software & Langganan,Pengeluaran,1722781.0,Kartu Debit,Software & Langganan
2974,2025-10-10,Cicilan pelanggan,Piutang,Pemasukan,2470698.0,Transfer Bank,Piutang
2975,2025-06-12,Kurir,Transportasi & Logistik,Pengeluaran,2924096.0,Transfer Bank,Transportasi & Logistik
2976,2026-02-05,Donasi perusahaan,Lain-lain,Pengeluaran,8933948.0,Transfer Bank,Lain-lain
2977,2025-12-15,Pembelian mesin produksi,Peralatan & Aset,Pengeluaran,33208622.0,Kartu Debit,Peralatan & Aset
2978,2026-02-05,CRM subscription,Software & Langganan,Pengeluaran,524816.0,Transfer Bank,Software & Langganan
2979,2025-06-02,Refund pelanggan,Lain-lain,Pengeluaran,2614285.0,Tunai,Lain-lain
2980,2024-09-30,DP dari pelanggan,Piutang,Pemasukan,806387.0,Transfer Bank,Piutang
2981,2024-09-04,Administrasi legal,Pajak & Perizinan,Pengeluaran,2591498.0,Transfer Bank,Pajak & Perizinan
2982,2026-04-22,Biaya ekspedisi,Transportasi & Logistik,Pengeluaran,1427462.0,Kartu Kredit,Transportasi & Logistik
2983,2025-10-08,DP dari pelanggan,Piutang,Pemasukan,9459494.0,Transfer Bank,Piutang
2984,2025-12-10,Pendapatan grosir,Penjualan,Pemasukan,40340068.0,Kartu Debit,Penjualan
2985,2025-07-14,Penjualan,Penjualan,Pemasukan,15220511.0,Tunai,Penjualan
2986,2025-06-17,Refund pelanggan,Lain-lain,Pengeluaran,1819021.0,Tunai,Lain-lain
2987,2026-01-13,Air kantor,Operasional Kantor,Pengeluaran,435125.0,Transfer Bank,Operasional Kantor
2988,2026-01-19,Pendapatan grosir,Penjualan,Pemasukan,7116993.0,E-Wallet,Penjualan
2989,2025-01-30,Tambahan modal operasional,Modal & Investasi,Pemasukan,4288179.0,Transfer Bank,Modal & Investasi
2990,2024-12-09,Kurir,Transportasi & Logistik,Pengeluaran,2865726.0,Kartu Debit,Transportasi & Logistik
2991,2026-02-10,Biaya tak terduga,Lain-lain,Pengeluaran,4319304.0,Tunai,Lain-lain
2992,2025-03-11,Biaya admin bank,Biaya Bank,Pengeluaran,35916.0,QRIS,Biaya Bank
2993,2026-04-08,Koreksi transaksi,Lain-lain,Pengeluaran,364055.0,Tunai,Lain-lain
2994,2026-01-08,Pinjaman usaha,Modal & Investasi,Pemasukan,83337440.0,Transfer Bank,Modal & Investasi
2995,2024-07-08,Investasi investor,Modal & Investasi,Pemasukan,243867405.0,Transfer Bank,Modal & Investasi
2996,2025-02-18,Pembelian printer,Peralatan & Aset,Pengeluaran,13399186.0,Kartu Debit,Peralatan & Aset
2997,2024-07-29,Koreksi transaksi,Lain-lain,Pengeluaran,103270.0,E-Wallet,Lain-lain
2998,2025-08-18,Pinjaman usaha,Modal & Investasi,Pemasukan,87660529.0,Transfer Bank,Modal & Investasi
2999,2025-02-12,Pendapatan proyek,Penjualan,Pemasukan,6630069.0,Transfer Bank,Penjualan
3000,2024-06-17,Uang lembur,Gaji & Karyawan,Pengeluaran,2898856.0,Transfer Bank,Gaji & Karyawan
2803,2025-05-17,Penjualan jasa,Penjualan,Pemasukan,1987266.0,Payment Gateway,Penjualan
1845,2025-03-07,Pembelian barang dagang,Pembelian Stok,Pengeluaran,1729089.0,Kartu Kredit,Pembelian Stok
1540,2025-07-07,Pembelian barang dagang,Pembelian Stok,Pengeluaran,3520990.0,Kartu Kredit,Pembelian Stok
2478,2024-10-22,Penjualan produk,Penjualan,Pemasukan,1383435.0,E-Wallet,Penjualan
1739,2025-07-14,Pendapatan grosir,Penjualan,Pemasukan,39259480.0,Tunai,Penjualan
1752,2026-05-12,Pendapatan marketplace,Penjualan,Pemasukan,1255483.0,Kartu Debit,Penjualan
1586,2025-05-10,Cicilan pelanggan,Piutang,Pemasukan,3261175.0,Payment Gateway,Piutang
1851,2025-05-13,Penjualan jasa,Penjualan,Pemasukan,17614368.0,QRIS,Penjualan
249,2024-11-13,Ongkos kirim,Transportasi & Logistik,Pengeluaran,967254.0,Tunai,Transportasi & Logistik
614,2026-02-16,Biaya izin usaha,Pajak & Perizinan,Pengeluaran,10315077.0,Transfer Bank,Pajak & Perizinan
2879,2025-05-18,Setoran modal pemilik,Modal & Investasi,Pemasukan,9183138.0,Transfer Bank,Modal & Investasi
2506,2025-11-26,THR,Gaji & Karyawan,Pengeluaran,1137831.0,Transfer Bank,Gaji & Karyawan
100,2024-09-01,Investasi investor,Modal & Investasi,Pemasukan,68710369.0,Transfer Bank,Modal & Investasi
2393,2025-05-03,Biaya ekspedisi,Transportasi & Logistik,Pengeluaran,1787001.0,Kartu Debit,Transportasi & Logistik
839,2025-08-16,THR,Gaji & Karyawan,Pengeluaran,7391321.0,Transfer Bank,Gaji & Karyawan
1714,2024-11-09,Pendapatan grosir,Penjualan,Pemasukan,29146152.0,Lainnya,Penjualan
1046,2026-02-07,Biaya tak terduga,Lain-lain,Pengeluaran,4319304.0,Transfer Bank,Lain-lain
1059,2025-12-16,Biaya admin bank,Biaya Bank,Pengeluaran,7648.0,Kartu Debit,Biaya Bank
